{"type":"FeatureCollection","source":"Natural Earth 1:50m land, public domain; https://github.com/nvkelso/natural-earth-vector/blob/master/geojson/ne_50m_land.geojson","features":[{"type":"Feature","properties":{},"geometry":{"type":"MultiPolygon","coordinates":[[[[-20,63.55278480418535],[-19.951953,63.552051],[-19.778271,63.536572],[-19.486572,63.478516],[-19.250195,63.441992],[-18.653613,63.406689],[-18.302832,63.454248],[-18.222266,63.473193],[-18.266016,63.513867],[-18.265234,63.524512],[-18.252197,63.529687],[-18.219043,63.530859],[-18.14292,63.496973],[-18.080029,63.496338],[-17.946924,63.535742],[-17.880273,63.590186],[-17.886377,63.606885],[-17.91958,63.619727],[-17.914844,63.636377],[-17.839258,63.682373],[-17.815723,63.712988],[-17.633447,63.746582],[-17.095117,63.808105],[-16.933057,63.840918],[-16.739697,63.851758],[-16.640332,63.865479],[-16.468066,63.916357],[-16.236035,64.037207],[-16.060449,64.11123],[-15.83291,64.17666],[-15.494971,64.258203],[-15.255859,64.296924],[-15.021582,64.295898],[-14.927393,64.319678],[-14.789551,64.379834],[-14.628223,64.415967],[-14.54707,64.445947],[-14.475391,64.493994],[-14.432568,64.53833],[-14.416992,64.583105],[-14.44834,64.60083],[-14.465381,64.635693],[-14.375293,64.677441],[-14.385107,64.745215],[-14.296973,64.724365],[-14.135156,64.714795],[-14.044434,64.741895],[-13.95166,64.783643],[-13.85293,64.862158],[-13.829834,64.914014],[-13.827832,64.958008],[-13.854004,64.992871],[-13.777246,65.013721],[-13.651855,65.016846],[-13.599316,65.035938],[-13.569678,65.068115],[-13.556104,65.097656],[-13.558594,65.124658],[-13.580811,65.143018],[-13.754883,65.192529],[-13.707422,65.215137],[-13.671582,65.222852],[-13.648926,65.236963],[-13.639551,65.257471],[-13.641113,65.275],[-13.653467,65.289502],[-13.722852,65.290967],[-13.771631,65.32251],[-13.804785,65.354785],[-13.783252,65.368994],[-13.708008,65.381592],[-13.667773,65.398975],[-13.654443,65.441309],[-13.616016,65.487158],[-13.617871,65.519336],[-13.670312,65.549512],[-13.705127,65.550537],[-13.785254,65.533008],[-13.840723,65.585938],[-13.935449,65.616064],[-14.166943,65.642285],[-14.302295,65.627539],[-14.473389,65.575342],[-14.328369,65.658252],[-14.318164,65.684473],[-14.350879,65.710107],[-14.369092,65.738721],[-14.372803,65.770361],[-14.391846,65.787402],[-14.426221,65.789941],[-14.75752,65.755664],[-14.8271,65.764258],[-14.839307,65.780908],[-14.752539,65.833789],[-14.688232,65.896973],[-14.668994,65.959863],[-14.674365,65.989893],[-14.698193,66.020215],[-14.74043,66.05083],[-14.787158,66.059082],[-14.894043,66.037891],[-15.010303,66.061279],[-15.116406,66.102441],[-15.117383,66.125635],[-15.02998,66.177881],[-14.912207,66.284277],[-14.788232,66.331445],[-14.70166,66.342285],[-14.593896,66.373975],[-14.59585,66.381543],[-14.680664,66.376123],[-14.856104,66.381445],[-14.969971,66.359717],[-15.162402,66.281689],[-15.240918,66.259131],[-15.428467,66.224805],[-15.543115,66.228516],[-15.647363,66.258789],[-15.702783,66.285742],[-15.71377,66.358594],[-15.759766,66.391699],[-15.850928,66.432861],[-15.9854,66.514648],[-16.035889,66.526074],[-16.249316,66.5229],[-16.493359,66.481152],[-16.540674,66.446729],[-16.428076,66.278369],[-16.437109,66.252539],[-16.48501,66.195947],[-16.624756,66.171582],[-16.748437,66.131641],[-16.838037,66.125244],[-16.925439,66.143457],[-16.969531,66.167383],[-17.062451,66.197217],[-17.115381,66.206201],[-17.153027,66.202832],[-17.334277,66.088867],[-17.417236,66.025537],[-17.467041,65.999658],[-17.539014,65.97832],[-17.550439,65.964404],[-17.582227,65.971387],[-17.634326,65.99917],[-17.819824,66.114111],[-17.906982,66.143311],[-18.179883,66.160547],[-18.297168,66.157422],[-18.318213,66.128809],[-18.315332,66.093164],[-18.148877,65.905029],[-18.099023,65.830273],[-18.10332,65.773926],[-18.118408,65.750537],[-18.141943,65.734082],[-18.163721,65.736572],[-18.183643,65.758008],[-18.276953,65.884717],[-18.454932,65.964551],[-18.594922,66.071338],[-18.706201,66.135742],[-18.777539,66.168799],[-18.845898,66.183936],[-18.911328,66.181152],[-18.99375,66.160352],[-19.093213,66.121533],[-19.195312,66.0979],[-19.382959,66.075684],[-19.427051,66.037988],[-19.45625,65.984912],[-19.433887,65.814453],[-19.443262,65.787842],[-19.461816,65.772363],[-19.489697,65.768066],[-19.593555,65.779053],[-19.647852,65.800781],[-19.752637,65.867773],[-19.874756,65.930127],[-20,66.02873850295404],[-20,63.55278480418535]]],[[[-18.160547,27.761475],[-18.135937,27.72793],[-18.106592,27.707471],[-17.984766,27.646387],[-17.887939,27.80957],[-17.924512,27.850146],[-18.043359,27.768115],[-18.160547,27.761475]]],[[[-18.000781,28.758252],[-17.882129,28.5646],[-17.859375,28.485693],[-17.834277,28.493213],[-17.758008,28.569092],[-17.744385,28.616016],[-17.751611,28.688574],[-17.726562,28.724463],[-17.744531,28.786572],[-17.797559,28.846777],[-17.928809,28.84458],[-18.000781,28.758252]]],[[[-17.535645,14.755127],[-17.44502,14.651611],[-17.418457,14.723486],[-17.345801,14.729297],[-17.260645,14.701074],[-17.168066,14.640625],[-17.079395,14.483057],[-16.973828,14.403223],[-16.880518,14.20835],[-16.797754,14.093262],[-16.791748,14.00415],[-16.742139,14.005811],[-16.66748,14.035596],[-16.618115,14.040527],[-16.6396,14.007471],[-16.733887,13.961182],[-16.766943,13.904932],[-16.74541,13.84043],[-16.647852,13.770996],[-16.587793,13.689551],[-16.562305,13.587305],[-16.530078,13.457959],[-16.440527,13.353174],[-16.351807,13.343359],[-16.135449,13.448242],[-15.849902,13.459961],[-15.569531,13.499854],[-15.438135,13.483203],[-15.42749,13.468359],[-15.471289,13.458643],[-15.617676,13.460107],[-15.804492,13.425391],[-15.986426,13.408838],[-16.158398,13.384033],[-16.187891,13.326172],[-16.185059,13.282715],[-16.27168,13.293799],[-16.413379,13.269727],[-16.556445,13.303223],[-16.59834,13.356836],[-16.614795,13.435303],[-16.669336,13.475],[-16.750391,13.425391],[-16.824805,13.341064],[-16.769336,13.148486],[-16.76333,13.06416],[-16.757373,12.979785],[-16.768945,12.883301],[-16.758984,12.702344],[-16.778418,12.670166],[-16.767969,12.628418],[-16.743896,12.585449],[-16.701416,12.603174],[-16.672559,12.622021],[-16.637842,12.685156],[-16.597656,12.715283],[-16.548828,12.663818],[-16.455029,12.624805],[-16.442871,12.609473],[-16.449951,12.580713],[-16.488086,12.581836],[-16.553223,12.604883],[-16.677637,12.560059],[-16.760303,12.525781],[-16.784863,12.47251],[-16.74585,12.399707],[-16.711816,12.354834],[-16.436816,12.20415],[-16.312305,12.243018],[-16.24458,12.237109],[-16.254736,12.206055],[-16.318848,12.14375],[-16.328076,12.051611],[-16.274316,11.978125],[-16.138428,11.917285],[-15.958789,11.959619],[-15.920215,11.937793],[-15.902734,11.919678],[-15.941748,11.786621],[-15.819385,11.763477],[-15.650684,11.818359],[-15.513477,11.917578],[-15.434766,11.943555],[-15.188086,11.927295],[-15.111523,11.970264],[-15.078271,11.968994],[-15.071973,11.947021],[-15.101709,11.913965],[-15.133105,11.907324],[-15.21084,11.870947],[-15.415723,11.871777],[-15.467187,11.842822],[-15.500244,11.778369],[-15.501904,11.723779],[-15.412988,11.615234],[-15.359668,11.6229],[-15.316699,11.669189],[-15.230371,11.686768],[-15.122412,11.661572],[-15.072656,11.597803],[-15.16377,11.580957],[-15.252588,11.573291],[-15.429102,11.498877],[-15.479492,11.410303],[-15.448975,11.389746],[-15.39917,11.401465],[-15.354687,11.396338],[-15.348437,11.378076],[-15.394531,11.334473],[-15.400586,11.266211],[-15.393115,11.217236],[-15.31748,11.152002],[-15.263379,11.160889],[-15.216699,11.15625],[-15.222119,11.030908],[-15.181055,11.034229],[-15.096777,11.140039],[-15.05459,11.141943],[-15.09375,11.011035],[-15.043018,10.940137],[-15.051221,10.83457],[-15.012402,10.804346],[-14.975,10.803418],[-14.924805,10.944922],[-14.886719,10.968066],[-14.837451,10.962549],[-14.775928,10.931641],[-14.757373,10.862061],[-14.693359,10.741016],[-14.677344,10.688965],[-14.593506,10.766699],[-14.587402,10.734912],[-14.613623,10.617822],[-14.60957,10.549854],[-14.426904,10.24834],[-14.17041,10.128613],[-14.086279,10.127246],[-14.04502,10.14126],[-14.029932,10.115137],[-14.021875,10.047852],[-13.954639,9.968701],[-13.820117,9.887207],[-13.753711,9.870264],[-13.712646,9.922949],[-13.689795,9.927783],[-13.700488,9.85127],[-13.658691,9.776367],[-13.657129,9.639111],[-13.691357,9.535791],[-13.568262,9.543408],[-13.436279,9.420312],[-13.405566,9.360645],[-13.396094,9.314307],[-13.295898,9.218506],[-13.269482,9.170557],[-13.302637,9.078369],[-13.292676,9.049219],[-13.271631,8.987402],[-13.153711,8.897705],[-13.059473,8.881152],[-13.071045,8.856348],[-13.206934,8.843115],[-13.226172,8.765967],[-13.228418,8.695898],[-13.181836,8.576904],[-13.121631,8.58877],[-13.088232,8.625732],[-12.953369,8.615137],[-12.904004,8.65625],[-12.894092,8.629785],[-12.912939,8.581543],[-12.994238,8.526465],[-13.08501,8.424756],[-13.157959,8.442285],[-13.20332,8.484277],[-13.26123,8.487598],[-13.272754,8.429736],[-13.201758,8.33584],[-13.148975,8.2146],[-13.020801,8.200928],[-12.956934,8.145312],[-12.925146,8.055176],[-12.880957,7.856641],[-12.850879,7.818701],[-12.781934,7.791113],[-12.697607,7.715869],[-12.570215,7.700586],[-12.510449,7.753369],[-12.480273,7.753271],[-12.510449,7.665723],[-12.432715,7.54502],[-12.480664,7.44248],[-12.485645,7.386279],[-12.346631,7.341797],[-11.929199,7.183545],[-11.733447,7.088574],[-11.54751,6.946973],[-11.50752,6.906543],[-11.291602,6.688232],[-11.004541,6.557373],[-10.849023,6.465088],[-10.785596,6.310156],[-10.707617,6.258496],[-10.59707,6.210938],[-10.418164,6.167334],[-10.276367,6.077637],[-9.654395,5.518701],[-9.374756,5.241064],[-9.132178,5.054639],[-8.259033,4.58999],[-7.998242,4.508691],[-7.66001,4.366797],[-7.544971,4.351318],[-7.426074,4.376025],[-7.231396,4.485986],[-7.057959,4.544727],[-6.9229,4.63833],[-6.845166,4.671484],[-6.548437,4.761768],[-6.061719,4.952832],[-5.91377,5.010937],[-5.564746,5.089453],[-5.061816,5.130664],[-5.104883,5.162158],[-5.265771,5.159717],[-5.367529,5.150781],[-5.335449,5.191992],[-5.282373,5.210254],[-5.023682,5.203613],[-4.970117,5.147754],[-4.899707,5.13833],[-4.661523,5.172559],[-4.037207,5.230127],[-4.062061,5.256641],[-4.115186,5.261621],[-4.608887,5.235889],[-4.552832,5.279883],[-4.357275,5.301416],[-4.120166,5.309717],[-3.98418,5.293164],[-3.870605,5.220703],[-3.347559,5.130664],[-3.312012,5.160791],[-3.237598,5.3354],[-3.199951,5.354492],[-3.151416,5.348291],[-3.168701,5.203027],[-3.063965,5.157715],[-3.025879,5.150537],[-3.019141,5.130811],[-3.086719,5.12832],[-3.214893,5.147217],[-3.246387,5.114062],[-3.114014,5.088672],[-3.081885,5.082471],[-2.96499,5.046289],[-2.723047,5.013721],[-2.398926,4.929346],[-2.266406,4.874072],[-2.090186,4.764062],[-2.001855,4.762451],[-1.776855,4.880371],[-1.638477,4.980859],[-1.50166,5.037988],[-1.064307,5.182666],[-0.797705,5.226709],[-0.669434,5.318555],[-0.485449,5.394238],[-0.34873,5.500781],[-0.126514,5.568164],[0.259668,5.757324],[0.671875,5.759717],[0.748828,5.760107],[0.949707,5.810254],[1.008008,5.906396],[1.050293,5.993994],[1.105566,6.051367],[1.187207,6.089404],[1.310645,6.146875],[1.622656,6.216797],[1.818164,6.260645],[2.286914,6.328076],[2.706445,6.369238],[2.772461,6.375732],[3.335547,6.396924],[3.430176,6.525],[3.50332,6.531348],[3.716992,6.597949],[3.75166,6.583838],[3.546094,6.477441],[3.489941,6.457275],[3.450781,6.427051],[3.486621,6.408936],[4.125879,6.411377],[4.431348,6.348584],[4.633594,6.217187],[4.861035,6.026318],[5.04209,5.79751],[5.093066,5.76709],[5.10625,5.728125],[5.112402,5.641553],[5.172852,5.602734],[5.27627,5.641553],[5.305371,5.694336],[5.327344,5.70752],[5.325293,5.647949],[5.350293,5.623291],[5.418066,5.624707],[5.456641,5.611719],[5.393848,5.574512],[5.289062,5.57749],[5.21582,5.57168],[5.199219,5.533545],[5.232422,5.483789],[5.38584,5.401758],[5.549707,5.474219],[5.531836,5.426367],[5.500879,5.378613],[5.439258,5.365332],[5.367969,5.337744],[5.36416,5.259277],[5.37002,5.19502],[5.388281,5.173779],[5.475977,5.153857],[5.452148,5.126562],[5.403223,5.142285],[5.383301,5.129004],[5.448145,4.94585],[5.493262,4.83877],[5.553613,4.733203],[5.587793,4.647217],[5.798633,4.455957],[5.906445,4.387744],[5.970703,4.338574],[6.076563,4.290625],[6.17334,4.277393],[6.205566,4.292285],[6.214648,4.385498],[6.270996,4.432129],[6.275293,4.37168],[6.255957,4.334473],[6.263672,4.309424],[6.299805,4.303857],[6.462109,4.333154],[6.5,4.331934],[6.55459,4.341406],[6.57998,4.475977],[6.601562,4.455176],[6.617285,4.375781],[6.633008,4.340234],[6.715137,4.342432],[6.757031,4.343555],[6.860352,4.37334],[6.793066,4.469141],[6.792188,4.592627],[6.786035,4.652002],[6.767676,4.724707],[6.787598,4.724707],[6.824707,4.645264],[6.83916,4.523486],[6.867871,4.441113],[6.923242,4.390674],[7.013379,4.397314],[7.154688,4.514404],[7.16416,4.615576],[7.086914,4.68584],[7.076563,4.716162],[7.143848,4.684082],[7.206738,4.612061],[7.284375,4.547656],[7.459863,4.555225],[7.509473,4.594922],[7.517383,4.645459],[7.530762,4.655176],[7.565625,4.560937],[7.644238,4.525342],[7.800781,4.522266],[8.028516,4.555371],[8.293066,4.557617],[8.328027,4.656104],[8.233789,4.907471],[8.252734,4.923975],[8.34209,4.824756],[8.393652,4.81377],[8.431348,4.74624],[8.514844,4.724707],[8.54375,4.757812],[8.555859,4.755225],[8.570508,4.7521],[8.532813,4.605859],[8.539551,4.571875],[8.574414,4.526221],[8.65625,4.516357],[8.689648,4.550244],[8.660352,4.670996],[8.70791,4.645703],[8.761914,4.580029],[8.807129,4.573437],[8.856445,4.579248],[8.889453,4.572754],[8.918262,4.55376],[8.902832,4.435156],[8.913574,4.357812],[8.932031,4.290234],[8.977051,4.23042],[9.000098,4.091602],[9.113867,4.041064],[9.249121,3.997852],[9.297363,3.972949],[9.310938,3.940381],[9.362305,3.925732],[9.425293,3.922314],[9.462012,3.942529],[9.500781,4.000732],[9.483691,4.066113],[9.511816,4.060645],[9.550586,4.028418],[9.600391,4.026904],[9.669531,4.07666],[9.688867,4.056396],[9.649219,4.00835],[9.639941,3.965332],[9.736133,3.880127],[9.739648,3.85293],[9.628125,3.87002],[9.592773,3.814307],[9.556152,3.798047],[9.615918,3.696484],[9.642383,3.611768],[9.765723,3.623828],[9.67207,3.537598],[9.876172,3.309766],[9.915039,3.239648],[9.948438,3.079053],[9.885449,2.916553],[9.867578,2.734961],[9.821777,2.539258],[9.800781,2.304443],[9.779688,2.068213],[9.807031,1.92749],[9.718848,1.788672],[9.647656,1.617578],[9.632129,1.565527],[9.584277,1.540234],[9.494238,1.435303],[9.434082,1.296387],[9.385938,1.139258],[9.445312,1.120654],[9.509863,1.114795],[9.599414,1.054443],[9.59082,1.031982],[9.575391,0.991309],[9.625879,0.779443],[9.625293,0.631641],[9.617969,0.576514],[9.601074,0.567725],[9.556641,0.594189],[9.538965,0.658691],[9.495313,0.664844],[9.32998,0.61084],[9.324805,0.5521],[9.398828,0.486719],[9.470117,0.361914],[9.546484,0.295947],[9.77666,0.19248],[9.944434,0.219873],[10.001465,0.194971],[9.812695,0.125586],[9.796777,0.044238],[9.738379,0.084961],[9.574316,0.148926],[9.468164,0.159766],[9.411133,0.200439],[9.386133,0.245898],[9.375781,0.307227],[9.354883,0.343604],[9.301855,0.288525],[9.325293,0.11582],[9.339063,-0.058252],[9.29668,-0.35127],[9.136523,-0.57334],[9.081543,-0.624316],[9.037891,-0.636719],[8.995215,-0.634668],[8.946387,-0.68877],[8.821387,-0.708398],[8.757227,-0.614941],[8.703125,-0.591016],[8.844238,-0.913574],[8.876563,-0.946094],[8.909375,-1.025],[8.941895,-1.071484],[9.064648,-1.29834],[9.203809,-1.382422],[9.260156,-1.374219],[9.29668,-1.360938],[9.317871,-1.33291],[9.34668,-1.325],[9.280176,-1.481934],[9.295801,-1.515234],[9.330664,-1.53457],[9.397168,-1.530176],[9.44834,-1.508887],[9.501074,-1.555176],[9.52334,-1.59834],[9.406348,-1.63457],[9.356641,-1.637598],[9.318848,-1.632031],[9.036328,-1.308887],[9.052832,-1.379102],[9.15752,-1.527734],[9.258398,-1.72627],[9.247949,-1.779297],[9.265625,-1.825098],[9.342188,-1.829395],[9.483203,-1.894629],[9.495313,-1.934961],[9.482813,-1.962305],[9.34248,-1.893652],[9.298926,-1.903027],[9.370508,-1.975],[9.402246,-2.027637],[9.533203,-2.163867],[9.574023,-2.22998],[9.591016,-2.293164],[9.624609,-2.36709],[9.676367,-2.415625],[9.768652,-2.413086],[9.86084,-2.442578],[9.959082,-2.489844],[10.062012,-2.549902],[10.034473,-2.575586],[10.001953,-2.588379],[9.763672,-2.473828],[9.72207,-2.467578],[9.759473,-2.518555],[10.006152,-2.74834],[10.347656,-3.013086],[10.585449,-3.278027],[10.640723,-3.398047],[10.848535,-3.561328],[10.947266,-3.662109],[11.032031,-3.826465],[11.130176,-3.916309],[11.364453,-4.130566],[11.393848,-4.200293],[11.668066,-4.434277],[11.777539,-4.56582],[11.780859,-4.676563],[11.80127,-4.705176],[11.820703,-4.755469],[11.893262,-4.865723],[11.966797,-4.954395],[12.002734,-4.982031],[12.018359,-5.004297],[12.039941,-5.035156],[12.110547,-5.197168],[12.177148,-5.324805],[12.206543,-5.468262],[12.180078,-5.538672],[12.155469,-5.632715],[12.199023,-5.731934],[12.213672,-5.758691],[12.24043,-5.807324],[12.315039,-5.895313],[12.411719,-5.986328],[12.45293,-6.000488],[12.514551,-6.004199],[12.680664,-5.96084],[12.791602,-5.877734],[12.86084,-5.854102],[13.00332,-5.836133],[13.068164,-5.864844],[13.009766,-5.907617],[12.790625,-6.003906],[12.553516,-6.045898],[12.380371,-6.084277],[12.302539,-6.092578],[12.283301,-6.124316],[12.334277,-6.187305],[12.402148,-6.353418],[12.521289,-6.590332],[12.823438,-6.954785],[12.862305,-7.231836],[13.09082,-7.780176],[13.378516,-8.369727],[13.366406,-8.469238],[13.368066,-8.554785],[13.37832,-8.624707],[13.358984,-8.687207],[13.053809,-9.006836],[13.046582,-8.975195],[13.077246,-8.934277],[13.092773,-8.899707],[13.046777,-8.922266],[12.998535,-8.991016],[12.998535,-9.048047],[13.075977,-9.230371],[13.155664,-9.389648],[13.196875,-9.550684],[13.209375,-9.703223],[13.2875,-9.826758],[13.332227,-9.998926],[13.332905762609263,-10],[39.72552773062825,-10],[39.783789,-9.914551],[39.774805,-9.837109],[39.72793,-9.724805],[39.69668,-9.578418],[39.625488,-9.409473],[39.641309,-9.19248],[39.45127,-8.942969],[39.480078,-8.905957],[39.488379,-8.861816],[39.377344,-8.720801],[39.304004,-8.443848],[39.308984,-8.350977],[39.340039,-8.242871],[39.441016,-8.011523],[39.428418,-7.812793],[39.330469,-7.74668],[39.287012,-7.787695],[39.288477,-7.517871],[39.353125,-7.341406],[39.433398,-7.207031],[39.519238,-7.124121],[39.546094,-7.024023],[39.472363,-6.878613],[39.287305,-6.814941],[39.228418,-6.685254],[39.125488,-6.555957],[39.067383,-6.499316],[38.981445,-6.455078],[38.874023,-6.33125],[38.855273,-6.204883],[38.804688,-6.070117],[38.819238,-5.877637],[38.911035,-5.625977],[38.978223,-5.518555],[39.058301,-5.231543],[39.087988,-5.16543],[39.11875,-5.06543],[39.123242,-4.980469],[39.201855,-4.776465],[39.221777,-4.692383],[39.228125,-4.665527],[39.2875,-4.608594],[39.376953,-4.625488],[39.490918,-4.478418],[39.637109,-4.152832],[39.658008,-4.119141],[39.686914,-4.067871],[39.731641,-3.993262],[39.745801,-3.955176],[39.761426,-3.913086],[39.819141,-3.786035],[39.860938,-3.576758],[39.896289,-3.53584],[39.936816,-3.44248],[39.991699,-3.350684],[40.11543,-3.250586],[40.128125,-3.17334],[40.194727,-3.019238],[40.179785,-2.819043],[40.222461,-2.688379],[40.278516,-2.628613],[40.404492,-2.555664],[40.644141,-2.539453],[40.813184,-2.392383],[40.820117,-2.336328],[40.898242,-2.269922],[40.922363,-2.19375],[40.905859,-2.1375],[40.889746,-2.023535],[40.916602,-2.04248],[40.952148,-2.055957],[40.970703,-1.991797],[40.995508,-1.950586],[41.058691,-1.975195],[41.106836,-1.982324],[41.26748,-1.94502],[41.386914,-1.866992],[41.532715,-1.695312],[41.632031,-1.578516],[41.732227,-1.430078],[41.846191,-1.203418],[41.888281,-1.150586],[41.92627,-1.055566],[41.979883,-0.973047],[42.10625,-0.856152],[42.218945,-0.737988],[42.399414,-0.510059],[42.465625,-0.456543],[42.560742,-0.321484],[42.63418,-0.250781],[42.712109,-0.175684],[43.467676,0.621631],[43.717578,0.857861],[44.032715,1.105908],[44.332715,1.390967],[44.920215,1.810156],[45.82627,2.309863],[46.051172,2.475146],[46.878809,3.285645],[47.511426,3.968262],[47.975293,4.497021],[48.233984,4.952686],[48.649023,5.494385],[49.049316,6.173633],[49.092676,6.407861],[49.234961,6.777344],[49.348535,6.990527],[49.57002,7.296973],[49.671191,7.469531],[49.76123,7.659521],[49.852051,7.962549],[50.102832,8.199805],[50.285742,8.509424],[50.321191,8.61958],[50.429785,8.845264],[50.637988,9.109277],[50.685156,9.241162],[50.825,9.428174],[50.832813,9.710498],[50.87373,9.92417],[50.898438,10.253125],[50.930078,10.335547],[51.035938,10.385156],[51.208789,10.431055],[51.268164,10.403125],[51.38457,10.386523],[51.390234,10.422607],[51.369141,10.475244],[51.295703,10.498682],[51.192969,10.554639],[51.185547,10.529834],[51.188281,10.479736],[51.063184,10.433936],[51.031836,10.444775],[51.050781,10.471973],[51.093848,10.488525],[51.104883,10.53584],[51.13125,10.595898],[51.140625,10.656885],[51.122266,11.076758],[51.084277,11.335645],[51.136328,11.505127],[51.218164,11.657666],[51.231836,11.74502],[51.254883,11.830713],[51.191309,11.841992],[50.792285,11.983691],[50.635938,11.943799],[50.52832,11.823193],[50.466211,11.727539],[50.110059,11.529297],[49.64209,11.450928],[49.388281,11.342725],[49.062109,11.27085],[48.938574,11.258447],[48.903125,11.254883],[48.674414,11.322656],[48.572559,11.320508],[48.438867,11.290137],[48.019238,11.139355],[47.7125,11.112012],[47.473828,11.174805],[47.40498,11.174023],[47.230078,11.099902],[46.973438,10.925391],[46.565039,10.745996],[46.460254,10.73418],[46.253906,10.781104],[46.024512,10.793701],[45.816699,10.835889],[45.695898,10.803906],[45.337695,10.649756],[44.942969,10.436719],[44.386523,10.430225],[44.279297,10.471875],[44.158203,10.550781],[43.852734,10.784277],[43.631152,11.035449],[43.441211,11.346436],[43.245996,11.499805],[43.161719,11.566016],[43.042773,11.588477],[42.911523,11.586621],[42.789746,11.561719],[42.652734,11.50957],[42.583789,11.496777],[42.539746,11.504297],[42.521777,11.572168],[42.640039,11.560107],[42.799023,11.739404],[43.048047,11.829053],[43.27207,11.969531],[43.336719,12.027002],[43.380273,12.09126],[43.409766,12.189941],[43.353516,12.367041],[43.298633,12.463867],[43.130859,12.660449],[43.116699,12.708594],[43.08291,12.824609],[42.999023,12.899512],[42.969531,12.80835],[42.796191,12.864258],[42.734473,13.018604],[42.522852,13.221484],[42.399316,13.212598],[42.346484,13.398096],[42.245117,13.587646],[41.658203,13.983057],[41.479688,14.243896],[41.176465,14.620312],[40.799316,14.743018],[40.634375,14.883008],[40.546289,14.933594],[40.436523,14.963965],[40.305273,14.974023],[40.204102,15.014111],[40.084082,15.151953],[40.057813,15.21709],[40.041016,15.334521],[39.97832,15.393115],[39.86377,15.470312],[39.813477,15.413574],[39.790332,15.318848],[39.815625,15.245312],[39.819434,15.20127],[39.785547,15.124854],[39.720801,15.213672],[39.63125,15.452539],[39.578809,15.52251],[39.506543,15.532129],[39.422266,15.78667],[39.298926,15.921094],[39.222559,16.193701],[39.142578,16.72915],[39.034473,17.085547],[38.911719,17.427148],[38.609473,18.005078],[38.574023,18.072949],[38.33291,18.219043],[38.283105,18.286719],[38.252148,18.264404],[38.201758,18.249414],[38.128125,18.333301],[38.074023,18.409766],[37.921875,18.555908],[37.729785,18.694336],[37.599414,18.717432],[37.531641,18.753125],[37.471289,18.820117],[37.361523,19.091992],[37.248438,19.581885],[37.262598,19.791895],[37.193164,20.120703],[37.187891,20.394922],[37.227539,20.556738],[37.172656,20.731982],[37.156836,20.894922],[37.141113,20.981787],[37.150586,21.10376],[37.21748,21.077637],[37.257227,21.039404],[37.263184,21.072656],[37.258594,21.108545],[37.211719,21.18584],[37.081152,21.326025],[36.926953,21.586523],[36.882617,21.768799],[36.871387,21.996729],[36.87041,22.015771],[36.829688,22.097656],[36.414551,22.394189],[36.229688,22.628809],[35.913379,22.739648],[35.845801,22.785693],[35.797363,22.84873],[35.697852,22.946191],[35.564355,23.271094],[35.522754,23.442529],[35.504395,23.779297],[35.515234,23.842871],[35.54082,23.920654],[35.593848,23.942578],[35.632031,23.950342],[35.783887,23.937793],[35.624707,24.066016],[35.477832,24.154785],[35.39707,24.269971],[35.194141,24.475146],[34.853223,25.139795],[34.679297,25.442529],[34.565137,25.691162],[34.329297,26.024365],[34.049512,26.550732],[33.959082,26.649023],[33.893066,27.049463],[33.849316,27.184912],[33.80166,27.268164],[33.697266,27.341113],[33.657422,27.430566],[33.549805,27.607373],[33.558789,27.701221],[33.54707,27.898145],[33.494922,27.974463],[33.372266,28.050586],[33.202148,28.208301],[33.022852,28.442285],[32.898242,28.565234],[32.856543,28.630615],[32.829492,28.702881],[32.784473,28.786621],[32.658887,28.927734],[32.631836,28.992236],[32.638086,29.182178],[32.599023,29.321924],[32.565039,29.386328],[32.397266,29.533789],[32.359766,29.630664],[32.408594,29.749316],[32.489453,29.851514],[32.473047,29.925439],[32.565723,29.973975],[32.647168,29.798437],[32.721484,29.521777],[32.766699,29.45],[32.811719,29.4],[32.870605,29.28623],[33.075781,29.073047],[33.130176,28.978271],[33.203711,28.777783],[33.201953,28.695703],[33.247754,28.567725],[33.416113,28.389844],[33.594141,28.255566],[33.760254,28.047656],[34.045117,27.828857],[34.220117,27.764307],[34.318555,27.888965],[34.399707,28.016016],[34.427148,28.106494],[34.446484,28.357324],[34.617188,28.75791],[34.736426,29.270605],[34.848535,29.432129],[34.904297,29.477344],[34.973438,29.555029],[34.982227,29.484473],[34.950781,29.353516],[34.799121,28.720508],[34.779883,28.507324],[34.683301,28.264111],[34.616211,28.14834],[34.625,28.064502],[34.72207,28.130664],[34.827539,28.108594],[35.07832,28.087012],[35.180469,28.034863],[35.423828,27.733789],[35.581348,27.432471],[35.762988,27.258789],[35.85166,27.070459],[36.032031,26.881006],[36.09375,26.76582],[36.249609,26.594775],[36.51875,26.104883],[36.675195,26.038867],[36.702539,25.902881],[36.762695,25.751318],[36.860156,25.69248],[36.920703,25.641162],[37.148828,25.291113],[37.218359,25.150684],[37.243457,25.073437],[37.266309,24.960059],[37.22041,24.87334],[37.180859,24.82002],[37.338477,24.61582],[37.430957,24.459033],[37.543066,24.29165],[37.638184,24.277734],[37.713379,24.274414],[37.820996,24.1875],[37.919727,24.1854],[37.977832,24.124561],[38.098633,24.058008],[38.288867,23.910986],[38.46416,23.711865],[38.542285,23.55791],[38.706055,23.305518],[38.757031,23.194287],[38.796875,23.048584],[38.835547,22.989063],[38.941113,22.881836],[38.88291,22.882031],[38.93877,22.804785],[39.007422,22.770068],[39.001367,22.698975],[39.062012,22.592187],[39.095898,22.392773],[39.069922,22.293652],[39.033984,22.203369],[39.021191,22.033447],[38.987891,21.881738],[39.029785,21.775977],[39.091016,21.663965],[39.14707,21.518994],[39.150684,21.432764],[39.093555,21.310352],[39.276074,20.973975],[39.491211,20.737012],[39.613672,20.517676],[39.72832,20.390332],[39.884082,20.292969],[40.080664,20.265918],[40.482227,19.993457],[40.615918,19.822363],[40.75918,19.755469],[40.777051,19.716895],[40.791602,19.646387],[40.847852,19.555273],[40.913281,19.490137],[41.116016,19.082178],[41.144141,18.989063],[41.19082,18.871191],[41.220801,18.765234],[41.229492,18.678418],[41.431738,18.452441],[41.507617,18.256104],[41.658008,18.007666],[41.75,17.885742],[42.052246,17.669336],[42.293945,17.434961],[42.332422,17.256641],[42.383301,17.122461],[42.475,17.049854],[42.544141,16.959668],[42.55293,16.868457],[42.647461,16.801367],[42.698828,16.736963],[42.726367,16.65332],[42.730664,16.569824],[42.789844,16.451562],[42.799316,16.371777],[42.839648,16.032031],[42.717188,15.654639],[42.799902,15.371631],[42.799023,15.32627],[42.788477,15.265723],[42.736426,15.293555],[42.697852,15.326318],[42.657813,15.232812],[42.855664,15.132959],[42.89707,15.005566],[42.936426,14.938574],[42.937305,14.898047],[42.912988,14.863086],[42.922168,14.817383],[42.946973,14.773145],[43.021094,14.554883],[43.01875,14.520801],[43.00625,14.483105],[43.044824,14.341553],[43.093359,14.203662],[43.089063,14.010986],[43.234082,13.858936],[43.282422,13.692529],[43.282617,13.639844],[43.231934,13.26709],[43.475293,12.839014],[43.487598,12.698828],[43.634375,12.744482],[43.835352,12.674414],[43.929785,12.616504],[44.005859,12.607666],[44.111523,12.638672],[44.260352,12.644629],[44.358496,12.669141],[44.617773,12.817236],[44.755273,12.76377],[44.889844,12.78418],[45.038672,12.815869],[45.109766,12.938574],[45.163867,12.998291],[45.393555,13.067041],[45.533984,13.233496],[45.657324,13.338721],[45.919727,13.394287],[46.203125,13.423828],[46.501953,13.415576],[46.663477,13.432715],[46.788867,13.465576],[46.975684,13.547461],[47.242578,13.609375],[47.407715,13.661621],[47.633398,13.858447],[47.855078,13.956934],[47.916016,14.012842],[47.989941,14.048096],[48.277832,13.997656],[48.449023,14.005908],[48.59375,14.04624],[48.668359,14.050146],[48.77998,14.123877],[48.928711,14.26748],[49.004688,14.355029],[49.048047,14.456445],[49.10293,14.500049],[49.349902,14.637793],[49.548633,14.722412],[49.906348,14.828125],[50.166895,14.851025],[50.338574,14.927197],[50.527051,15.038184],[51.015137,15.140771],[51.322461,15.22627],[51.603711,15.336816],[51.681543,15.379102],[51.748633,15.440137],[51.830762,15.459277],[51.96582,15.535693],[52.087305,15.585938],[52.21748,15.655518],[52.22207,15.760596],[52.174023,15.956836],[52.237305,16.171387],[52.327734,16.293555],[52.448438,16.39126],[52.581445,16.470361],[53.085645,16.648389],[53.297754,16.72334],[53.609863,16.759961],[53.775391,16.855713],[53.954395,16.917822],[54.068164,17.005518],[54.376953,17.033643],[54.566504,17.03125],[54.664648,17.008887],[54.771875,16.964648],[55.06416,17.038916],[55.17373,17.157617],[55.275195,17.320898],[55.295605,17.381592],[55.281445,17.44624],[55.238184,17.504736],[55.255371,17.585645],[55.479102,17.843262],[55.613867,17.886084],[55.997656,17.935205],[56.270313,17.950781],[56.383496,17.987988],[56.550781,18.165967],[56.655078,18.587354],[56.825977,18.753516],[56.957227,18.827832],[57.176563,18.902588],[57.42793,18.943799],[57.675781,18.957861],[57.738477,18.977344],[57.811621,19.01709],[57.790332,19.145947],[57.763965,19.25332],[57.76084,19.432227],[57.715137,19.606934],[57.71416,19.678418],[57.741211,19.804492],[57.802148,19.95459],[57.843652,20.117725],[57.861816,20.244141],[57.947168,20.343604],[58.10293,20.570361],[58.169434,20.589502],[58.24502,20.599219],[58.231641,20.506836],[58.208984,20.423975],[58.266016,20.395459],[58.34873,20.386914],[58.474219,20.406885],[58.53418,20.503906],[58.69043,20.807129],[58.895703,21.112793],[59.06875,21.289062],[59.304492,21.435352],[59.371484,21.498828],[59.517578,21.782324],[59.652539,21.951367],[59.680859,22.053809],[59.8,22.219922],[59.824414,22.305176],[59.8375,22.420557],[59.823242,22.508984],[59.695605,22.546143],[59.535156,22.578516],[59.429395,22.66084],[59.310938,22.793359],[59.194727,22.971875],[59.029883,23.130566],[58.983398,23.234717],[58.911523,23.33418],[58.830371,23.397461],[58.773047,23.517187],[58.578027,23.643457],[58.5,23.645654],[58.393164,23.618164],[58.324512,23.623828],[58.12041,23.716553],[57.825098,23.759131],[57.611328,23.803662],[57.219824,23.922754],[57.123047,23.980713],[56.9125,24.150195],[56.774121,24.33457],[56.640625,24.470312],[56.489844,24.716357],[56.387988,24.979199],[56.372852,25.018311],[56.363477,25.569385],[56.297852,25.650684],[56.307227,25.709326],[56.329297,25.751953],[56.373633,25.80459],[56.416406,26.10874],[56.417773,26.208154],[56.429785,26.327197],[56.413086,26.351172],[56.378711,26.356348],[56.346484,26.313623],[56.305566,26.235205],[56.228418,26.219775],[56.197266,26.229199],[56.164453,26.207031],[56.080469,26.062646],[56.074609,26.052783],[56.025195,25.916016],[55.941211,25.793994],[55.522852,25.498145],[55.433398,25.394482],[55.32168,25.299805],[55.303516,25.236816],[55.098145,25.041602],[54.746777,24.810449],[54.658984,24.715527],[54.624121,24.621289],[54.580469,24.563525],[54.534668,24.530957],[54.498828,24.462695],[54.458398,24.358252],[54.39707,24.278174],[54.304297,24.254297],[54.147949,24.171191],[53.893359,24.077051],[53.801758,24.069482],[53.32959,24.098438],[53.026367,24.147314],[52.648242,24.154639],[52.511426,24.1125],[52.250879,23.995215],[52.118555,23.971094],[51.906055,23.985352],[51.843164,24.010889],[51.791699,24.074756],[51.767578,24.254395],[51.734766,24.262793],[51.664551,24.250439],[51.623145,24.301074],[51.605469,24.338428],[51.568359,24.286182],[51.534766,24.286328],[51.476758,24.308203],[51.395215,24.318848],[51.309863,24.340381],[51.369922,24.476904],[51.418359,24.530957],[51.41123,24.570801],[51.338477,24.564355],[51.267969,24.607227],[51.396484,24.645117],[51.42793,24.668262],[51.533398,24.890869],[51.586914,24.964844],[51.608887,25.052881],[51.601953,25.147949],[51.561426,25.284473],[51.519531,25.389746],[51.510254,25.452344],[51.485352,25.524707],[51.526953,25.682129],[51.572266,25.781006],[51.543066,25.902393],[51.389063,26.011133],[51.262305,26.153271],[51.108105,26.080566],[51.003125,25.981445],[50.903809,25.724072],[50.868652,25.612695],[50.802637,25.49707],[50.762891,25.444727],[50.75459,25.399268],[50.777344,25.177441],[50.846777,24.888574],[50.835938,24.850391],[50.804395,24.789258],[50.725586,24.869385],[50.666895,24.963818],[50.55791,25.08667],[50.508496,25.306689],[50.455176,25.424805],[50.28125,25.566113],[50.238965,25.622852],[50.189648,25.755811],[50.130273,25.846631],[50.081055,25.961377],[50.031641,26.110986],[50.053906,26.122852],[50.095996,26.118701],[50.135254,26.100684],[50.155469,26.100537],[50.213867,26.308496],[50.184961,26.404932],[50.110742,26.455957],[50.027344,26.526855],[50.011328,26.608789],[50.008105,26.678516],[50.026367,26.699219],[50.086621,26.676416],[50.134668,26.659521],[50.149805,26.662646],[49.986133,26.828906],[49.716504,26.955859],[49.537695,27.151758],[49.405273,27.180957],[49.281543,27.310498],[49.175098,27.437646],[49.2375,27.492725],[49.15752,27.528223],[49.086914,27.548584],[48.906445,27.629053],[48.797168,27.724316],[48.807227,27.765283],[48.832813,27.800684],[48.808984,27.895898],[48.77373,27.959082],[48.626367,28.132568],[48.523047,28.355029],[48.498535,28.448877],[48.44248,28.54292],[48.389648,28.631592],[48.371289,28.691846],[48.339258,28.763281],[48.25293,28.90127],[48.183789,28.979395],[48.100391,29.210742],[48.086328,29.275488],[48.051465,29.355371],[47.998145,29.385547],[47.935352,29.366602],[47.845313,29.365723],[47.722656,29.393018],[47.725293,29.416943],[47.81748,29.487402],[47.969629,29.616699],[48.04834,29.59751],[48.089453,29.579102],[48.143457,29.572461],[48.136133,29.618115],[48.077344,29.715576],[48.005664,29.835791],[47.973633,29.945898],[47.978711,29.982812],[47.98252,30.011328],[48.072754,30.043213],[48.141699,30.040918],[48.35459,29.956738],[48.454199,29.938477],[48.546484,29.962354],[48.595508,29.975049],[48.670898,30.02832],[48.832422,30.035498],[48.870117,30.062402],[48.919141,30.120898],[48.908691,30.241455],[48.891211,30.327637],[48.916797,30.397266],[49.037109,30.450488],[49.001953,30.506543],[49.130371,30.509424],[49.224512,30.472314],[49.247266,30.4125],[49.190332,30.375391],[49.096191,30.406787],[49.049023,30.397266],[49.001953,30.373926],[49.028125,30.333447],[49.054297,30.306934],[49.42998,30.130469],[49.554883,30.028955],[49.983105,30.209375],[50.071582,30.198535],[50.128906,30.048096],[50.168945,29.92124],[50.230176,29.8729],[50.386914,29.679053],[50.543555,29.547998],[50.649609,29.420068],[50.667969,29.339844],[50.646094,29.212207],[50.675195,29.146582],[50.795508,29.117432],[50.875781,29.062695],[50.875781,29.004395],[50.842969,28.927832],[50.866992,28.870166],[51.021191,28.78208],[51.062012,28.726123],[51.093848,28.512109],[51.128418,28.435156],[51.276074,28.218848],[51.278906,28.131348],[51.518555,27.91001],[51.589063,27.864209],[51.666309,27.844971],[51.841992,27.848242],[52.030762,27.824414],[52.191895,27.717285],[52.475879,27.616504],[52.602637,27.493359],[52.638184,27.391992],[52.691602,27.323389],[52.98252,27.141943],[53.341699,27.004492],[53.45498,26.943262],[53.507129,26.851758],[53.705762,26.725586],[53.822559,26.707715],[54.069336,26.732373],[54.24707,26.696631],[54.52207,26.58916],[54.644922,26.508936],[54.759277,26.505078],[54.895801,26.556689],[55.15459,26.725391],[55.294141,26.785937],[55.424023,26.770557],[55.518555,26.829932],[55.591602,26.932129],[55.650293,26.977539],[55.941113,27.037598],[56.118066,27.143115],[56.284375,27.190625],[56.356152,27.200244],[56.728125,27.127686],[56.812891,27.08999],[56.910449,26.99458],[56.982227,26.905469],[57.036035,26.800684],[57.071973,26.680078],[57.104297,26.371436],[57.201367,26.158838],[57.205566,26.037207],[57.260938,25.918848],[57.33457,25.791553],[57.73252,25.724902],[57.796094,25.653027],[57.936621,25.69165],[58.022363,25.64082],[58.20293,25.591602],[58.314258,25.580859],[58.530859,25.592432],[58.797852,25.55459],[59.046094,25.417285],[59.227246,25.427734],[59.456055,25.481494],[59.616016,25.403271],[59.818359,25.400879],[59.89707,25.361816],[60.024707,25.384131],[60.400195,25.311572],[60.510547,25.437061],[60.5875,25.413525],[60.615137,25.329834],[60.663867,25.282227],[61.108594,25.183887],[61.242969,25.141992],[61.412207,25.1021],[61.490332,25.153662],[61.533105,25.195508],[61.743652,25.138184],[61.90791,25.131299],[62.089453,25.155322],[62.152148,25.206641],[62.198633,25.224854],[62.24873,25.197363],[62.315332,25.134912],[62.391211,25.152539],[62.444727,25.197266],[62.572461,25.254736],[62.664746,25.264795],[63.015039,25.224658],[63.17002,25.254883],[63.285742,25.227588],[63.491406,25.21084],[63.495703,25.29751],[63.556641,25.353174],[63.720898,25.385889],[63.935547,25.342529],[63.987305,25.351172],[64.059375,25.40293],[64.124902,25.373926],[64.152051,25.333447],[64.54375,25.23667],[64.594043,25.206299],[64.658984,25.184082],[64.77666,25.307324],[65.061328,25.311084],[65.40625,25.374316],[65.679688,25.355273],[65.883594,25.419629],[66.234668,25.464355],[66.32832,25.465771],[66.40293,25.446826],[66.467676,25.445312],[66.407129,25.485059],[66.356445,25.507373],[66.131152,25.493262],[66.162305,25.553906],[66.219043,25.589893],[66.324219,25.601807],[66.428613,25.575342],[66.533887,25.484375],[66.569922,25.378516],[66.698633,25.226318],[66.709863,25.111328],[66.682227,24.928857],[66.703027,24.860937],[67.100586,24.791943],[67.171484,24.756104],[67.288672,24.367773],[67.304297,24.262891],[67.309375,24.174805],[67.365234,24.091602],[67.427637,24.064844],[67.453906,24.039893],[67.476855,24.018262],[67.503613,23.940039],[67.563086,23.881836],[67.645801,23.919873],[67.649512,23.867285],[67.668457,23.810986],[67.819043,23.828076],[67.859961,23.902686],[67.950977,23.828613],[68.001465,23.826074],[68.037012,23.848242],[68.067773,23.818359],[68.115527,23.753369],[68.148828,23.797217],[68.165039,23.857324],[68.191992,23.728906],[68.234961,23.596973],[68.343359,23.616846],[68.424902,23.705566],[68.496875,23.747998],[68.642383,23.808496],[68.776758,23.8521],[68.627148,23.75415],[68.453809,23.629492],[68.41748,23.571484],[68.529199,23.364063],[68.640723,23.189941],[68.81709,23.053711],[69.235938,22.848535],[69.664648,22.759082],[69.739648,22.775195],[69.849805,22.856445],[70.118262,22.947021],[70.191699,22.965674],[70.251172,22.970898],[70.339453,22.939746],[70.367969,22.973486],[70.396289,23.030127],[70.43457,23.0771],[70.489258,23.089502],[70.509375,23.040137],[70.513477,23.00249],[70.44043,22.970312],[70.327734,22.815771],[70.177246,22.572754],[70.08418,22.553516],[70.005859,22.547705],[69.819043,22.451758],[69.727539,22.465186],[69.655176,22.403516],[69.549219,22.408398],[69.276563,22.285498],[69.238867,22.300195],[69.194238,22.336084],[69.131348,22.41626],[69.05166,22.437305],[68.983496,22.3854],[68.969922,22.290283],[69.008789,22.196777],[69.191699,21.991504],[69.385449,21.839551],[69.541992,21.678564],[69.748438,21.505713],[70.034375,21.178809],[70.127344,21.094678],[70.485059,20.840186],[70.719336,20.74043],[70.879688,20.714502],[71.024609,20.738867],[71.396484,20.869775],[71.571094,20.970557],[72.015234,21.155713],[72.076563,21.224072],[72.254004,21.531006],[72.256641,21.66123],[72.210352,21.728223],[72.170898,21.774316],[72.10293,21.79458],[72.037207,21.823047],[72.075586,21.862988],[72.094434,21.919971],[72.161719,21.984814],[72.244336,22.027637],[72.274414,22.089746],[72.306445,22.189209],[72.242578,22.245166],[72.182813,22.269727],[72.332617,22.270215],[72.455957,22.248096],[72.590137,22.278125],[72.701953,22.263623],[72.80918,22.233301],[72.708789,22.207178],[72.62793,22.199609],[72.553027,22.159961],[72.522266,21.976221],[72.61748,21.961719],[72.700195,21.971924],[72.644043,21.937988],[72.59248,21.877588],[72.543066,21.696582],[72.839746,21.687256],[72.979102,21.704687],[73.1125,21.750439],[73.022461,21.699609],[72.810547,21.619922],[72.717578,21.55127],[72.613281,21.461816],[72.668359,21.455908],[72.734766,21.470801],[72.686523,21.435742],[72.623828,21.371973],[72.692383,21.177637],[72.751563,21.12915],[72.813867,21.117188],[72.824316,21.083594],[72.840527,20.95249],[72.878906,20.828516],[72.89375,20.672754],[72.881152,20.563184],[72.708984,20.078027],[72.667773,19.830957],[72.675977,19.797949],[72.697461,19.757129],[72.726562,19.578271],[72.799414,19.519824],[72.756445,19.450537],[72.763965,19.413184],[72.787891,19.362988],[72.987207,19.277441],[72.811621,19.298926],[72.794531,19.2521],[72.802734,19.21875],[72.803027,19.079297],[72.834668,18.975586],[72.900684,19.014502],[72.97207,19.15332],[73.005566,19.021094],[72.976855,18.927197],[72.89873,18.778955],[72.870898,18.683057],[72.875488,18.642822],[72.917188,18.576123],[72.943164,18.365625],[72.97207,18.259277],[72.993945,18.097705],[73.047168,17.906738],[73.156055,17.621924],[73.149023,17.527441],[73.23916,17.198535],[73.337598,16.459863],[73.453711,16.1521],[73.476074,16.054248],[73.607715,15.871094],[73.679883,15.708887],[73.732813,15.656934],[73.832813,15.659375],[73.771777,15.573047],[73.813867,15.538574],[73.851953,15.482471],[73.931934,15.396973],[73.800781,15.396973],[73.884277,15.306445],[73.949219,15.074756],[74.040625,14.949365],[74.08877,14.902197],[74.223047,14.708887],[74.280371,14.649512],[74.335059,14.575439],[74.382227,14.494727],[74.397168,14.407422],[74.466992,14.216504],[74.466699,14.168848],[74.498535,14.046338],[74.608496,13.849658],[74.670898,13.667627],[74.681641,13.58374],[74.682324,13.506934],[74.770508,13.077344],[74.80293,12.976855],[74.868262,12.84458],[74.945508,12.564551],[75.19668,12.05752],[75.229785,12.02334],[75.314648,11.958447],[75.422656,11.812207],[75.524512,11.703125],[75.646094,11.468408],[75.723828,11.361768],[75.844629,11.057568],[75.922559,10.784082],[76.096094,10.402246],[76.12334,10.327002],[76.201465,10.200635],[76.192676,10.16377],[76.195605,10.086133],[76.222754,10.024268],[76.24873,10.017969],[76.346484,9.922119],[76.458789,9.53623],[76.419531,9.520459],[76.375586,9.539893],[76.372266,9.707373],[76.343066,9.827344],[76.284668,9.909863],[76.242383,9.9271],[76.292383,9.676465],[76.324609,9.4521],[76.403125,9.236816],[76.419043,9.207812],[76.452344,9.18877],[76.471777,9.16084],[76.48291,9.090771],[76.553418,8.902783],[76.617285,8.84707],[76.966895,8.407275],[77.065918,8.315918],[77.301465,8.145312],[77.517578,8.07832],[77.587207,8.129883],[77.770312,8.189844],[78.060156,8.38457],[78.126367,8.511328],[78.136035,8.663379],[78.19248,8.890869],[78.274512,8.990186],[78.421484,9.105029],[78.97959,9.268555],[79.212891,9.256006],[79.411426,9.192383],[79.356348,9.252148],[79.275488,9.284619],[79.107031,9.308936],[79.019922,9.33335],[78.953125,9.393799],[78.919141,9.452881],[78.939941,9.565771],[78.996289,9.683105],[79.257812,10.035205],[79.253613,10.174805],[79.314551,10.256689],[79.390527,10.305957],[79.531641,10.329639],[79.588574,10.312354],[79.667383,10.299707],[79.756934,10.304346],[79.838184,10.322559],[79.850195,10.768848],[79.848633,11.196875],[79.835254,11.268848],[79.799023,11.338672],[79.693164,11.312549],[79.748926,11.370605],[79.793359,11.44668],[79.754102,11.575293],[79.771387,11.690234],[79.858496,11.98877],[79.981738,12.235449],[80.0375,12.295801],[80.143066,12.452002],[80.229102,12.690332],[80.342383,13.361328],[80.290332,13.436719],[80.114258,13.528711],[80.062109,13.60625],[80.15625,13.71377],[80.233398,13.605762],[80.265625,13.521289],[80.306543,13.485059],[80.245801,13.68584],[80.244141,13.773486],[80.224414,13.858203],[80.143652,14.058936],[80.111719,14.212207],[80.13623,14.286572],[80.170117,14.349414],[80.178711,14.47832],[80.16543,14.577832],[80.098633,14.798242],[80.053418,15.074023],[80.101074,15.323633],[80.293457,15.710742],[80.384863,15.792773],[80.646582,15.89502],[80.707812,15.888086],[80.781836,15.867334],[80.825977,15.765918],[80.864746,15.782227],[80.917773,15.759668],[80.978711,15.75835],[80.993457,15.80874],[81.030078,15.881445],[81.132129,15.961768],[81.238574,16.263965],[81.286133,16.337061],[81.401855,16.365234],[81.711719,16.334473],[81.761914,16.329492],[82.141504,16.485352],[82.258789,16.559863],[82.327148,16.664355],[82.338672,16.706543],[82.359766,16.782812],[82.35,16.825195],[82.307227,16.878564],[82.281934,16.936084],[82.286523,16.978076],[82.35957,17.096191],[82.593164,17.273926],[82.976855,17.461816],[83.19834,17.608984],[83.387988,17.78667],[83.572266,18.003613],[83.654297,18.069873],[84.104102,18.292676],[84.181738,18.400586],[84.462793,18.689746],[84.609375,18.884326],[84.69082,18.964697],[84.749805,19.050098],[84.770996,19.125391],[85.225586,19.50835],[85.441602,19.626562],[85.436914,19.656885],[85.370898,19.678906],[85.228516,19.601318],[85.180762,19.594873],[85.162793,19.620898],[85.248633,19.757666],[85.459961,19.895898],[85.504102,19.887695],[85.555078,19.866895],[85.559766,19.753467],[85.511133,19.726904],[85.496875,19.696924],[85.575,19.69292],[85.85293,19.791748],[86.216211,19.895801],[86.279492,19.919434],[86.30293,19.944678],[86.311914,19.987793],[86.245215,20.053027],[86.293652,20.05376],[86.376563,20.006738],[86.445801,20.088916],[86.49873,20.171631],[86.750391,20.313232],[86.769238,20.355908],[86.7625,20.419141],[86.835938,20.534326],[86.924512,20.619775],[86.975488,20.700146],[86.939355,20.745068],[86.895801,20.965576],[86.842285,21.106348],[86.85957,21.236719],[86.954102,21.365332],[87.100684,21.500781],[87.200684,21.544873],[87.678223,21.653516],[87.82373,21.727344],[87.948438,21.825439],[88.050781,22.001074],[88.104102,22.047363],[88.159277,22.121729],[88.083008,22.182715],[88.010742,22.212646],[87.961621,22.255029],[87.941406,22.374316],[87.994434,22.265674],[88.087109,22.217725],[88.196289,22.139551],[88.181055,22.03291],[88.099414,21.793555],[88.056836,21.694141],[88.12207,21.635791],[88.253711,21.622314],[88.279199,21.696875],[88.2875,21.758203],[88.305469,21.72334],[88.445996,21.614258],[88.584668,21.659717],[88.599805,21.71377],[88.566797,21.832129],[88.641602,22.121973],[88.65957,22.066943],[88.708301,22.056152],[88.730273,22.036084],[88.740234,22.00542],[88.691211,21.733496],[88.694727,21.662402],[88.712988,21.621973],[88.74502,21.584375],[88.834375,21.661377],[88.85752,21.744678],[88.907422,21.653076],[88.96709,21.641357],[89.05166,21.654102],[89.041992,21.758691],[89.019629,21.833643],[88.949316,21.937939],[89.02793,21.937207],[89.051465,22.093164],[89.081641,22.014941],[89.093945,21.872754],[89.16709,21.784277],[89.234277,21.722363],[89.278613,21.706982],[89.353711,21.721094],[89.451953,21.821094],[89.500586,21.914355],[89.502539,22.031885],[89.469336,22.212939],[89.483203,22.275537],[89.547461,21.983691],[89.566602,21.860596],[89.568555,21.767432],[89.628125,21.81416],[89.667773,21.877686],[89.756836,21.919043],[89.811914,21.983496],[89.852539,22.090918],[89.86582,22.173047],[89.853223,22.288965],[89.881836,22.387598],[89.985156,22.466406],[89.893848,22.308398],[89.894043,22.202588],[89.918066,22.116162],[89.954199,22.022852],[90.068555,22.098193],[90.143457,22.137891],[90.20957,22.156592],[90.087891,22.01748],[90.07002,21.959912],[90.071191,21.887256],[90.130762,21.847412],[90.158789,21.816846],[90.230566,21.829785],[90.288184,21.899414],[90.355762,22.048242],[90.494141,22.178906],[90.552832,22.218164],[90.589453,22.258447],[90.616113,22.362158],[90.595508,22.43584],[90.531738,22.539307],[90.487402,22.588721],[90.498438,22.634814],[90.480664,22.684668],[90.435059,22.751904],[90.436914,22.828174],[90.461621,22.881787],[90.552246,22.904883],[90.477539,22.986768],[90.466016,23.053906],[90.527734,23.084961],[90.595117,23.133936],[90.599219,23.20415],[90.590918,23.266406],[90.522754,23.346143],[90.391504,23.366943],[90.269141,23.455859],[90.408008,23.431885],[90.555664,23.421533],[90.568066,23.474268],[90.561621,23.537109],[90.573438,23.578125],[90.604004,23.591357],[90.616113,23.531641],[90.615625,23.442334],[90.656055,23.273047],[90.633594,23.094238],[90.65625,23.025488],[90.826758,22.721387],[90.945605,22.597021],[91.151367,22.614063],[91.216211,22.642236],[91.31377,22.735156],[91.40957,22.797021],[91.480078,22.884814],[91.482129,22.797412],[91.529688,22.707666],[91.692969,22.504785],[91.734082,22.406689],[91.79707,22.297461],[91.84541,22.343115],[91.863379,22.350488],[91.857813,22.317334],[91.824805,22.228662],[91.85,22.157373],[91.913184,21.883057],[92.008008,21.684766],[92.010938,21.51626],[92.056055,21.174805],[92.194629,20.984277],[92.248145,20.883594],[92.307813,20.79043],[92.324121,20.791846],[92.37832,20.717578],[92.608008,20.469873],[92.722852,20.295605],[92.732617,20.453369],[92.708984,20.563965],[92.735645,20.562695],[92.786914,20.469043],[92.850684,20.414844],[92.891113,20.340332],[92.87168,20.301758],[92.843555,20.282617],[92.791211,20.211426],[92.82832,20.177588],[92.882129,20.152148],[92.990723,20.287988],[93.01875,20.346045],[93.035352,20.406152],[93.066797,20.377637],[93.015137,20.185254],[93.068359,20.188672],[93.095508,20.181348],[93.040332,20.129785],[93.001953,20.074854],[93.129492,19.858008],[93.190625,19.851221],[93.199023,19.89834],[93.156641,20.040771],[93.25,20.070117],[93.362305,20.058301],[93.40957,20.03833],[93.439063,20.009424],[93.581836,19.90957],[93.707031,19.912158],[93.659863,19.85415],[93.611719,19.776074],[93.66875,19.731982],[93.739551,19.697266],[93.761035,19.648047],[93.769922,19.60957],[93.839551,19.534131],[93.887891,19.503906],[93.960742,19.481689],[93.998145,19.440869],[93.962012,19.329346],[93.886133,19.271924],[93.824902,19.238477],[93.728027,19.266504],[93.578613,19.401172],[93.530566,19.397559],[93.493066,19.369482],[93.598145,19.188477],[93.705469,19.026904],[93.800098,18.960596],[93.929199,18.899658],[93.961328,18.958398],[93.968066,18.995068],[93.941016,19.146094],[94.001563,19.181787],[94.022461,19.268799],[94.044922,19.287402],[94.038965,19.146191],[94.07002,18.893408],[94.091309,18.849219],[94.245703,18.741162],[94.170703,18.732422],[94.252148,18.60918],[94.26582,18.507227],[94.430762,18.20166],[94.494336,17.824609],[94.560059,17.698975],[94.588965,17.569336],[94.564453,17.308545],[94.494336,17.166553],[94.473145,17.135449],[94.452441,16.954492],[94.4,16.868164],[94.353418,16.639941],[94.327344,16.572168],[94.271289,16.517285],[94.214258,16.126611],[94.223828,16.016455],[94.299023,16.007617],[94.441602,16.094385],[94.495703,16.186133],[94.5875,16.288818],[94.637695,16.309082],[94.665234,16.336133],[94.679004,16.425586],[94.70332,16.511914],[94.716602,16.45249],[94.719922,16.39873],[94.676562,16.242041],[94.680762,16.133301],[94.651367,16.064844],[94.65625,15.98877],[94.661523,15.904395],[94.798145,15.971094],[94.847754,16.032861],[94.860156,16.102441],[94.893164,16.182812],[94.897852,16.14082],[94.882227,16.087939],[94.892188,16.038184],[94.891211,15.979102],[94.942578,15.818262],[95.07832,15.83916],[95.176953,15.825684],[95.225879,15.876807],[95.333008,16.033252],[95.346777,16.097607],[95.364746,15.985449],[95.307813,15.88042],[95.301465,15.756152],[95.348437,15.729297],[95.389551,15.722754],[95.555664,15.837842],[95.679492,15.976758],[95.711426,16.073389],[95.763281,16.169043],[96.012305,16.253711],[96.032129,16.284619],[96.042871,16.339941],[96.080957,16.353369],[96.135059,16.342529],[96.293066,16.410059],[96.324316,16.444434],[96.236719,16.567432],[96.237695,16.63125],[96.189063,16.768311],[96.220313,16.780566],[96.248926,16.765332],[96.262109,16.659131],[96.282227,16.595996],[96.364355,16.520508],[96.431152,16.504932],[96.506641,16.514355],[96.622461,16.563916],[96.76543,16.710352],[96.810645,16.778369],[96.858008,16.921191],[96.908594,17.030957],[96.850879,17.20293],[96.909766,17.304834],[96.877734,17.342187],[96.851465,17.401025],[96.970117,17.317334],[97.074512,17.206934],[97.100195,17.164551],[97.200195,17.09541],[97.17832,17.062012],[97.211719,16.892578],[97.26748,16.743115],[97.331055,16.671777],[97.375879,16.522949],[97.505078,16.525293],[97.619629,16.537207],[97.668457,16.551611],[97.725977,16.568555],[97.664648,16.520459],[97.633691,16.457666],[97.640625,16.253857],[97.609277,16.143848],[97.584277,16.01958],[97.710352,15.875537],[97.774219,15.430957],[97.74375,15.306787],[97.799805,15.184912],[97.812305,14.858936],[97.869141,14.738721],[97.936523,14.763916],[98.01875,14.652588],[97.929297,14.695557],[97.909766,14.652686],[97.976562,14.461475],[97.998438,14.335303],[98.100195,14.161523],[98.072656,13.986475],[98.098242,13.89834],[98.110645,13.712891],[98.149512,13.647607],[98.200391,13.980176],[98.238965,13.934473],[98.248438,13.840381],[98.24541,13.733496],[98.421289,13.483789],[98.487109,13.293066],[98.575977,13.161914],[98.595117,12.986035],[98.637109,12.848242],[98.635645,12.770508],[98.663184,12.662402],[98.664648,12.539941],[98.624414,12.440723],[98.678711,12.348486],[98.619141,12.3],[98.600293,12.245312],[98.630566,12.225488],[98.696289,12.225244],[98.663867,12.126709],[98.686328,12.047119],[98.689453,11.956738],[98.644922,11.910303],[98.639063,11.869141],[98.624902,11.801465],[98.636328,11.738379],[98.693652,11.718359],[98.804785,11.779248],[98.840234,11.739258],[98.875977,11.719727],[98.790723,11.665088],[98.741406,11.591699],[98.746387,11.521289],[98.733301,11.435254],[98.730078,11.32998],[98.744727,11.240381],[98.682617,11.133105],[98.675586,10.986914],[98.598828,10.864404],[98.535645,10.740674],[98.500977,10.718945],[98.464941,10.67583],[98.523047,10.353125],[98.496875,10.18252],[98.521289,10.107227],[98.562598,10.034961],[98.658008,10.179053],[98.702539,10.190381],[98.561914,9.8375],[98.492969,9.561426],[98.443164,9.492822],[98.371387,9.290527],[98.325977,8.968945],[98.241797,8.767871],[98.226953,8.543652],[98.238184,8.423096],[98.305469,8.226221],[98.360742,8.186963],[98.420996,8.178223],[98.474023,8.246924],[98.499805,8.317822],[98.579199,8.344287],[98.636328,8.305029],[98.703516,8.256738],[98.788672,8.059814],[98.872461,8.023926],[98.973926,7.962793],[99.051074,7.887842],[99.042676,7.765625],[99.077637,7.718066],[99.183398,7.718066],[99.263672,7.619043],[99.300391,7.561328],[99.358594,7.372217],[99.435156,7.334375],[99.529102,7.329492],[99.596973,7.355615],[99.553027,7.218799],[99.602441,7.155322],[99.667773,7.150879],[99.720313,7.106201],[99.695996,6.87666],[99.868652,6.749902],[100.119141,6.441992],[100.158398,6.324219],[100.263281,6.18252],[100.343262,5.98418],[100.374023,5.777979],[100.352637,5.587695],[100.473437,5.044287],[100.614551,4.652246],[100.614551,4.373437],[100.661035,4.225732],[100.760254,4.097217],[100.795508,4.023389],[100.757031,4.001807],[100.71543,3.966211],[100.781836,3.864453],[100.85127,3.776709],[101.024805,3.624707],[101.11543,3.472021],[101.299902,3.253271],[101.330176,3.14248],[101.354297,3.011133],[101.295508,2.885205],[101.351367,2.838965],[101.406836,2.813477],[101.519727,2.683643],[101.78125,2.573584],[101.889941,2.449414],[102.145605,2.248486],[102.548242,2.042383],[102.727148,1.855566],[102.896875,1.792334],[103.356836,1.546143],[103.4,1.497852],[103.427344,1.429834],[103.480273,1.329492],[103.549805,1.332812],[103.694531,1.449658],[103.816797,1.476562],[103.915137,1.44668],[103.991504,1.454785],[103.991211,1.550049],[103.981445,1.623633],[104.016016,1.579297],[104.076172,1.529785],[104.100586,1.48833],[104.094238,1.446191],[104.114941,1.412256],[104.176367,1.364893],[104.250098,1.388574],[104.280371,1.415576],[104.288477,1.480664],[104.218555,1.722852],[103.967773,2.26123],[103.832324,2.508496],[103.812207,2.580469],[103.537305,2.774756],[103.485156,2.836572],[103.439453,2.933105],[103.44502,3.260596],[103.429492,3.378564],[103.453516,3.520605],[103.37334,3.671094],[103.362012,3.769141],[103.420508,3.976855],[103.46875,4.393262],[103.453906,4.669482],[103.41582,4.850293],[103.196973,5.262158],[103.09707,5.408447],[102.982422,5.524951],[102.898535,5.56377],[102.790234,5.644922],[102.534375,5.862549],[102.340137,6.172021],[102.274023,6.203418],[102.101074,6.242236],[101.799219,6.474609],[101.614258,6.753955],[101.497949,6.865283],[101.400879,6.899561],[101.301953,6.908301],[101.154395,6.875146],[101.017871,6.860937],[100.792578,6.994678],[100.70166,7.081982],[100.58623,7.175977],[100.489746,7.161377],[100.423535,7.187842],[100.371387,7.280127],[100.204883,7.500537],[100.160742,7.599268],[100.158203,7.728125],[100.256641,7.774902],[100.317383,7.715967],[100.324316,7.644189],[100.27998,7.584326],[100.283789,7.551514],[100.342969,7.552881],[100.380371,7.541504],[100.410742,7.464307],[100.439355,7.280762],[100.545215,7.226904],[100.503711,7.337305],[100.453516,7.442285],[100.279395,8.268506],[100.228711,8.424707],[100.163477,8.508398],[100.158887,8.473779],[100.154102,8.442969],[100.129297,8.428076],[100.05625,8.511133],[99.989551,8.589209],[99.960645,8.67124],[99.904688,9.112891],[99.877539,9.194629],[99.835547,9.288379],[99.723828,9.314209],[99.393848,9.213721],[99.335449,9.225439],[99.253906,9.265234],[99.265039,9.352979],[99.288281,9.4146],[99.191309,9.627148],[99.160742,9.734033],[99.169336,9.93418],[99.194629,10.175439],[99.190332,10.265869],[99.165039,10.319824],[99.237305,10.388135],[99.284766,10.569141],[99.486914,10.889551],[99.514355,11.100586],[99.561328,11.215186],[99.627344,11.462891],[99.725488,11.661768],[99.79873,11.748779],[99.837109,11.936621],[99.930273,12.047461],[99.989062,12.170801],[100.005664,12.354736],[99.963965,12.690039],[99.982031,12.771484],[100.089941,13.045654],[100.051074,13.17124],[99.990527,13.243457],[100.01748,13.353174],[100.122363,13.439551],[100.235645,13.484473],[100.536426,13.514453],[100.60293,13.568164],[100.656055,13.521289],[100.906543,13.462402],[100.962695,13.431982],[100.946973,13.357568],[100.92627,13.303027],[100.946094,13.187256],[100.903906,13.034912],[100.896387,12.818164],[100.863281,12.714502],[100.897754,12.653809],[100.953711,12.62124],[101.090234,12.673633],[101.444922,12.618945],[101.723633,12.689355],[101.835742,12.640381],[101.889063,12.593262],[101.944531,12.563672],[102.034375,12.531885],[102.13418,12.443018],[102.22959,12.331641],[102.248438,12.361426],[102.259082,12.394336],[102.343164,12.252588],[102.434082,12.179248],[102.540234,12.109229],[102.574805,12.157812],[102.594141,12.203027],[102.654883,12.148828],[102.762988,12.012451],[102.791602,11.888623],[102.883691,11.772754],[102.912305,11.703857],[102.933887,11.706689],[102.932324,11.741699],[102.948633,11.773486],[103.004199,11.710596],[103.010547,11.588672],[103.125488,11.460645],[103.107422,11.367773],[103.091113,11.211084],[103.106445,11.073779],[103.152832,10.913721],[103.272168,10.909277],[103.353613,10.921582],[103.411328,10.976758],[103.466699,11.083984],[103.532422,11.14668],[103.59502,11.107764],[103.654297,11.058691],[103.721875,10.890137],[103.680859,10.758594],[103.59209,10.721045],[103.54043,10.668701],[103.532227,10.604639],[103.587109,10.552197],[103.661914,10.508936],[103.840527,10.580566],[103.870508,10.655127],[103.901758,10.643945],[103.937109,10.586621],[104.262402,10.54126],[104.426367,10.41123],[104.516113,10.33999],[104.594043,10.266895],[104.612695,10.207666],[104.663477,10.169922],[104.747656,10.199121],[104.801953,10.202734],[104.873242,10.114795],[104.96582,10.100586],[105.027832,10.067432],[105.084473,9.995703],[105.094922,9.945264],[105.092578,9.900977],[104.987109,9.868652],[104.903223,9.81626],[104.845215,9.606152],[104.814648,9.185498],[104.818555,8.801855],[104.896289,8.746631],[104.77041,8.597656],[104.891895,8.583252],[105.114355,8.629199],[105.191211,8.711328],[105.322266,8.801123],[105.401367,8.962402],[105.500977,9.093213],[106.168359,9.396729],[106.192578,9.447803],[106.206152,9.502344],[106.158594,9.594141],[106.1125,9.673584],[105.830957,10.000732],[105.925684,9.961719],[106.204004,9.675439],[106.378027,9.556104],[106.484082,9.559424],[106.53916,9.603564],[106.572461,9.641113],[106.564355,9.715625],[106.507422,9.82124],[106.183594,10.14209],[106.136426,10.22168],[106.449121,9.939648],[106.557324,9.868066],[106.595605,9.859863],[106.656836,9.901074],[106.658105,9.94873],[106.65918,9.991406],[106.71416,10.060205],[106.785254,10.116455],[106.785254,10.151172],[106.729004,10.193311],[106.602441,10.231738],[106.464063,10.298291],[106.491699,10.304102],[106.643555,10.288916],[106.757422,10.295801],[106.77627,10.338965],[106.777539,10.376123],[106.741211,10.444385],[106.698438,10.462061],[106.643066,10.45625],[106.605859,10.464941],[106.727344,10.535645],[106.812695,10.433301],[106.902051,10.382812],[106.947461,10.400342],[106.966113,10.440723],[106.983691,10.618311],[107.006641,10.660547],[107.020703,10.630957],[107.035742,10.556299],[107.087793,10.49834],[107.194141,10.471582],[107.235059,10.419873],[107.261523,10.398389],[107.384473,10.458643],[107.470313,10.48584],[107.564453,10.555469],[107.845117,10.700098],[108.001367,10.720361],[108.094922,10.897266],[108.176172,10.920166],[108.27168,10.934277],[108.418555,11.040723],[108.55127,11.155957],[108.700293,11.199268],[108.820801,11.31543],[108.986719,11.336377],[109.018457,11.468359],[109.039648,11.592676],[109.13252,11.601074],[109.173242,11.664746],[109.198633,11.724854],[109.192676,11.773438],[109.15752,11.837109],[109.167285,11.912012],[109.199902,11.972461],[109.199121,11.999023],[109.214551,12.010449],[109.220215,11.958838],[109.247266,11.908691],[109.25918,11.954541],[109.25625,11.992871],[109.215723,12.0729],[109.206836,12.415381],[109.304688,12.391162],[109.218945,12.645801],[109.274023,12.709033],[109.335547,12.751904],[109.381445,12.670752],[109.444922,12.599609],[109.42002,12.719043],[109.423926,12.955957],[109.376758,13.025488],[109.30957,13.219189],[109.271875,13.279346],[109.288086,13.450781],[109.252051,13.590527],[109.24707,13.854736],[109.288086,13.765039],[109.30332,13.856445],[109.244629,14.053418],[109.223926,14.09668],[109.207324,14.154297],[109.191406,14.270459],[109.137305,14.384131],[109.087012,14.552588],[109.084863,14.716162],[109.022461,14.802832],[108.939941,15.001465],[108.898242,15.180518],[108.821289,15.37793],[108.742773,15.426611],[108.674219,15.483594],[108.577832,15.584717],[108.447461,15.762695],[108.395312,15.872461],[108.286035,15.989063],[108.274023,16.029053],[108.267383,16.089795],[108.24082,16.100781],[108.208984,16.091064],[108.169727,16.163672],[108.087988,16.242725],[108.029395,16.331104],[107.990723,16.337109],[107.936328,16.329395],[107.882031,16.309619],[107.833789,16.322461],[107.803125,16.403076],[107.724121,16.487842],[107.593457,16.568066],[107.54082,16.608643],[107.549316,16.642578],[107.355078,16.79375],[107.180371,16.897949],[107.119922,17.055518],[106.926172,17.221387],[106.735742,17.367188],[106.516797,17.662793],[106.370508,17.746875],[106.355859,17.765039],[106.478906,17.71958],[106.459375,17.873682],[106.499023,17.946436],[106.411914,18.053174],[106.239551,18.220703],[106.144531,18.259424],[106.065625,18.316357],[105.888281,18.50249],[105.839258,18.57417],[105.808203,18.64585],[105.744238,18.746289],[105.732031,18.779297],[105.621777,18.966309],[105.639063,19.057178],[105.716406,19.127783],[105.791113,19.294189],[105.785352,19.378857],[105.812109,19.466992],[105.813965,19.587451],[105.984082,19.939062],[106.062207,19.987354],[106.165723,19.992041],[106.395508,20.205908],[106.517969,20.288867],[106.572852,20.392187],[106.550781,20.526562],[106.753418,20.735059],[106.737305,20.806152],[106.675488,20.960498],[106.683398,21.000293],[106.725195,20.999902],[106.760254,20.991113],[106.820605,20.95752],[106.88623,20.95],[106.936426,20.974072],[106.981445,20.971387],[107.019238,20.991211],[107.075195,20.999268],[107.111719,20.95957],[107.164746,20.94873],[107.354297,21.055176],[107.37334,21.128467],[107.376172,21.194141],[107.409961,21.284814],[107.526953,21.33623],[107.636719,21.368066],[107.707227,21.405859],[107.809082,21.497119],[107.925781,21.498926],[107.972656,21.507959],[108.067383,21.525977],[108.145605,21.565186],[108.246289,21.558398],[108.302148,21.621924],[108.324805,21.693506],[108.35459,21.696924],[108.382812,21.679199],[108.444336,21.607324],[108.502148,21.633447],[108.525684,21.671387],[108.492578,21.739404],[108.480859,21.828809],[108.479883,21.904639],[108.59375,21.901025],[108.61582,21.868896],[108.589355,21.815967],[108.61582,21.770459],[108.674512,21.724658],[108.743945,21.65127],[108.77168,21.630469],[108.846387,21.634473],[108.921777,21.624414],[109.030566,21.626514],[109.101758,21.590479],[109.133496,21.543604],[109.098145,21.487354],[109.081543,21.440283],[109.148633,21.425537],[109.22041,21.443408],[109.34668,21.453955],[109.435547,21.479492],[109.544043,21.537939],[109.521484,21.693408],[109.566406,21.690576],[109.594336,21.671973],[109.686914,21.524609],[109.743359,21.527979],[109.759375,21.560059],[109.82959,21.483594],[109.930762,21.480566],[109.921094,21.376465],[109.77959,21.337451],[109.760156,21.228369],[109.68125,21.131641],[109.704492,21.052734],[109.662598,20.916895],[109.684766,20.873633],[109.72627,20.83877],[109.767383,20.780713],[109.805273,20.711475],[109.791992,20.621875],[109.861035,20.514307],[109.946387,20.474365],[109.968359,20.448145],[109.983887,20.403271],[109.931641,20.398877],[109.88584,20.413135],[109.88252,20.364063],[109.938477,20.295117],[110.123145,20.263721],[110.344727,20.294824],[110.449512,20.35542],[110.486914,20.426855],[110.517578,20.46001],[110.511523,20.518262],[110.313086,20.67168],[110.326172,20.719922],[110.370508,20.752051],[110.388477,20.790527],[110.36543,20.837598],[110.180371,20.858594],[110.154004,20.944629],[110.193555,21.037646],[110.331152,21.131348],[110.374609,21.172363],[110.397461,21.247705],[110.410937,21.338135],[110.43457,21.326904],[110.458008,21.230566],[110.504297,21.207422],[110.567187,21.214062],[110.652148,21.279102],[110.771094,21.386523],[110.878027,21.395947],[110.996777,21.430273],[111.016895,21.511719],[111.061133,21.510986],[111.100586,21.484717],[111.144238,21.482227],[111.220605,21.493896],[111.319141,21.486133],[111.392383,21.535107],[111.602734,21.559082],[111.681641,21.608496],[111.711914,21.655225],[111.775977,21.719238],[111.824609,21.709766],[111.873438,21.717139],[111.926465,21.77627],[111.943945,21.849658],[112.025195,21.843018],[112.117188,21.806494],[112.193359,21.763135],[112.30498,21.741699],[112.356445,21.767578],[112.389746,21.801221],[112.377441,21.91748],[112.359668,21.978027],[112.396094,21.981348],[112.429297,21.958105],[112.439453,21.927344],[112.421289,21.880615],[112.494727,21.818311],[112.586328,21.776855],[112.634082,21.819873],[112.660742,21.859473],[112.725391,21.902344],[112.808594,21.944629],[112.903809,21.881445],[112.953906,21.907324],[112.983789,21.938232],[113.008203,22.119336],[113.08877,22.207959],[113.149023,22.075],[113.266406,22.08877],[113.327734,22.14541],[113.367383,22.164844],[113.415723,22.178369],[113.498828,22.20166],[113.548145,22.222607],[113.576465,22.297266],[113.588867,22.350488],[113.551465,22.40415],[113.553027,22.594043],[113.484766,22.692383],[113.449805,22.726123],[113.432031,22.789404],[113.344824,22.8646],[113.337793,22.888818],[113.331055,22.912012],[113.441895,22.940576],[113.460352,22.995703],[113.445312,23.055078],[113.519727,23.1021],[113.620508,23.12749],[113.592188,23.076953],[113.586328,23.02002],[113.603418,22.968896],[113.619629,22.861426],[113.661133,22.80166],[113.754492,22.733643],[113.82832,22.607227],[113.931152,22.531055],[114.01543,22.511914],[114.006738,22.484033],[113.896484,22.428174],[113.902539,22.396094],[113.937305,22.36499],[114.032813,22.375879],[114.139063,22.348438],[114.267969,22.295557],[114.287891,22.325293],[114.290527,22.373779],[114.335254,22.39624],[114.325195,22.437402],[114.28457,22.457617],[114.291113,22.499463],[114.266016,22.540967],[114.340625,22.593213],[114.420117,22.583252],[114.496191,22.527051],[114.554199,22.528906],[114.544434,22.620605],[114.571973,22.654053],[114.592773,22.698437],[114.65166,22.755273],[114.711133,22.738721],[114.750391,22.626318],[114.853809,22.616797],[114.896387,22.639502],[114.914453,22.684619],[115.012109,22.708936],[115.091504,22.781689],[115.195801,22.817285],[115.289941,22.775977],[115.38252,22.718848],[115.49834,22.718848],[115.534668,22.765186],[115.561133,22.824707],[115.64043,22.853418],[115.755859,22.823926],[115.852148,22.801563],[116.062598,22.879102],[116.157422,22.887451],[116.206348,22.918652],[116.22207,22.949561],[116.251855,22.981348],[116.345508,22.941064],[116.470703,22.945898],[116.519824,23.006592],[116.538281,23.179688],[116.586426,23.218262],[116.669141,23.228174],[116.698828,23.277783],[116.682324,23.327393],[116.629395,23.353857],[116.712109,23.360498],[116.75957,23.38252],[116.860938,23.453076],[116.910645,23.64668],[117.032813,23.623437],[117.08252,23.57876],[117.148145,23.598779],[117.225,23.647021],[117.29082,23.714355],[117.330762,23.708789],[117.34668,23.635742],[117.367676,23.588623],[117.416992,23.620996],[117.462207,23.73623],[117.45957,23.771484],[117.433105,23.791699],[117.466406,23.840576],[117.579199,23.856982],[117.628223,23.836719],[117.667871,23.939258],[117.741699,24.014795],[117.839453,24.012305],[117.904102,24.106445],[118.056055,24.246094],[118.050586,24.327148],[118.024219,24.379639],[117.879004,24.395898],[117.848242,24.432471],[117.842676,24.474316],[117.896875,24.479834],[117.935059,24.474219],[118.005957,24.481982],[118.013867,24.559912],[118.087109,24.627002],[118.194531,24.62583],[118.295313,24.572754],[118.412012,24.600732],[118.560352,24.580371],[118.657031,24.621436],[118.719141,24.746143],[118.691797,24.782324],[118.640234,24.809082],[118.636914,24.835547],[118.70752,24.849805],[118.82207,24.911133],[118.909082,24.928906],[118.955664,25.004785],[118.914453,25.126807],[118.977539,25.209277],[119.024609,25.223438],[119.235547,25.205957],[119.285547,25.232227],[119.243555,25.307031],[119.169336,25.355713],[119.146289,25.414307],[119.180078,25.449805],[119.263086,25.468018],[119.34375,25.446289],[119.421777,25.459619],[119.499219,25.408643],[119.592773,25.368018],[119.622461,25.391162],[119.619141,25.437451],[119.539453,25.59126],[119.552832,25.698682],[119.616895,25.8229],[119.648242,25.918701],[119.61875,26.003564],[119.500879,26.00918],[119.417773,25.954346],[119.332031,25.94873],[119.26377,25.974805],[119.139453,26.121777],[119.232129,26.104395],[119.313086,26.062549],[119.369727,26.054053],[119.463086,26.054688],[119.56709,26.127344],[119.692676,26.236426],[119.797266,26.300146],[119.881055,26.33418],[119.876465,26.370947],[119.840332,26.41416],[119.831152,26.450195],[119.784766,26.546631],[119.725977,26.609424],[119.638184,26.621191],[119.623633,26.675879],[119.589941,26.730469],[119.588184,26.784961],[119.651563,26.747266],[119.710449,26.728662],[119.766699,26.774707],[119.788672,26.831494],[119.824219,26.846387],[119.815137,26.797607],[119.821289,26.736914],[119.842383,26.689307],[119.879492,26.683008],[119.882227,26.610449],[119.967773,26.586377],[120.042969,26.633838],[120.086719,26.671582],[120.097461,26.780664],[120.138574,26.886133],[120.278711,27.09707],[120.38457,27.155518],[120.468652,27.25625],[120.539844,27.318359],[120.60752,27.412402],[120.629102,27.482129],[120.5875,27.580762],[120.664844,27.639453],[120.661328,27.687891],[120.685156,27.74458],[120.833008,27.891455],[120.833008,27.937793],[120.763477,27.977441],[120.747656,28.009961],[120.812988,28.013379],[120.89248,28.003906],[120.958594,28.037012],[121.035449,28.157275],[121.098437,28.290527],[121.145703,28.32666],[121.216797,28.346191],[121.272266,28.222119],[121.35459,28.229883],[121.509961,28.324268],[121.609961,28.292139],[121.602051,28.366602],[121.538086,28.521094],[121.475195,28.641406],[121.519141,28.713672],[121.590332,28.734814],[121.630078,28.76792],[121.6625,28.851416],[121.540039,28.931885],[121.641016,28.915918],[121.679688,28.953125],[121.664941,29.010596],[121.520898,29.118457],[121.447656,29.131348],[121.487109,29.193164],[121.533691,29.236719],[121.655957,29.236133],[121.71748,29.256348],[121.79082,29.225684],[121.853516,29.128906],[121.917773,29.13501],[121.968359,29.490625],[121.941211,29.605908],[121.887988,29.627783],[121.821875,29.604639],[121.69043,29.510986],[121.50625,29.48457],[121.574609,29.537012],[121.676562,29.583789],[121.905762,29.779687],[122.08291,29.870361],[122.017285,29.887695],[121.944336,29.894092],[121.812305,29.952148],[121.67793,29.979102],[121.432715,30.22666],[121.340625,30.282373],[121.258008,30.304102],[121.159375,30.301758],[120.904492,30.160645],[120.633398,30.133154],[120.494531,30.303076],[120.352539,30.247412],[120.260547,30.263037],[120.228516,30.249561],[120.194629,30.241309],[120.245508,30.283545],[120.449805,30.387842],[120.62998,30.390869],[120.821484,30.354639],[120.897461,30.392627],[120.938281,30.469727],[120.997656,30.558252],[121.309961,30.699707],[121.418945,30.789795],[121.527539,30.840967],[121.675195,30.86377],[121.769434,30.870361],[121.87793,30.916992],[121.834473,31.061621],[121.785937,31.162891],[121.660645,31.319727],[121.350977,31.485352],[121.204883,31.628076],[121.055371,31.719434],[120.9375,31.750195],[120.787793,31.819775],[120.752246,31.922852],[120.715527,31.98374],[120.497168,32.019824],[120.347461,31.9521],[120.191602,31.906348],[120.035937,31.936279],[120.073926,31.960254],[120.09873,31.975977],[120.184082,31.966162],[120.520117,32.105859],[120.660547,32.081055],[120.791699,32.031738],[120.973535,31.869385],[121.145801,31.842334],[121.266406,31.862695],[121.351953,31.858789],[121.680859,31.712158],[121.763574,31.699512],[121.866309,31.703564],[121.856348,31.816455],[121.832422,31.899756],[121.751074,31.992871],[121.674219,32.051025],[121.490527,32.121094],[121.450781,32.15332],[121.403906,32.20625],[121.400977,32.371924],[121.341699,32.425049],[121.293359,32.457324],[120.989941,32.567041],[120.853223,32.661377],[120.853027,32.764111],[120.897363,32.843213],[120.871094,33.016504],[120.734473,33.236621],[120.615625,33.490527],[120.504785,33.638184],[120.499805,33.716455],[120.425684,33.866309],[120.322656,34.168994],[120.266699,34.274023],[120.201465,34.325684],[119.963672,34.447803],[119.769727,34.496191],[119.58291,34.582227],[119.426758,34.71416],[119.351367,34.749414],[119.200977,34.748437],[119.165332,34.848828],[119.21582,35.011768],[119.352832,35.113818],[119.429688,35.301416],[119.526465,35.358594],[119.608398,35.469873],[119.719727,35.588721],[119.810547,35.617725],[119.866211,35.643652],[119.911719,35.693213],[119.978711,35.740234],[120.027441,35.799365],[120.054688,35.861133],[120.219043,35.934912],[120.284766,35.984424],[120.264746,36.007227],[120.181445,36.01748],[120.094141,36.118896],[120.116992,36.150293],[120.183301,36.202441],[120.270117,36.226172],[120.327734,36.228174],[120.343457,36.189453],[120.330273,36.110107],[120.348242,36.079199],[120.393066,36.053857],[120.519336,36.108691],[120.637891,36.129932],[120.680957,36.168359],[120.682227,36.340723],[120.711523,36.413281],[120.776172,36.456299],[120.84707,36.426074],[120.895801,36.444141],[120.90498,36.485303],[120.882617,36.538916],[120.79668,36.607227],[120.81084,36.632812],[120.878516,36.635156],[120.989941,36.597949],[121.053809,36.611377],[121.144043,36.660449],[121.413086,36.738379],[121.669629,36.836377],[121.932715,36.959473],[122.049512,36.970752],[122.162402,36.958643],[122.203223,36.927197],[122.219727,36.879541],[122.242285,36.849854],[122.274219,36.833838],[122.340918,36.832227],[122.457031,36.915137],[122.519727,36.946826],[122.523438,37.002637],[122.487402,37.022266],[122.44668,37.068115],[122.515527,37.137842],[122.587305,37.181104],[122.57334,37.31792],[122.666992,37.402832],[122.602344,37.426416],[122.493262,37.407959],[122.337695,37.405273],[122.169141,37.456152],[122.10957,37.522314],[122.056641,37.528906],[122.010156,37.495752],[121.964844,37.445312],[121.816406,37.456641],[121.640234,37.460352],[121.505273,37.515039],[121.388086,37.578955],[121.219531,37.600146],[121.049023,37.725195],[120.75,37.833936],[120.370117,37.701025],[120.284668,37.69209],[120.257227,37.679004],[120.287109,37.656494],[120.311523,37.622705],[120.155859,37.49502],[119.88291,37.35083],[119.87998,37.295801],[119.8875,37.253369],[119.760547,37.155078],[119.449902,37.124756],[119.287402,37.138281],[119.111816,37.201172],[118.998145,37.2771],[118.952637,37.331152],[118.954883,37.494092],[118.99082,37.641357],[119.033496,37.661035],[119.08916,37.700732],[119.070312,37.748584],[119.038477,37.776514],[119.035645,37.80918],[119.027539,37.904004],[118.940039,38.042773],[118.8,38.12666],[118.66709,38.126367],[118.543262,38.094922],[118.014941,38.183398],[117.766699,38.31167],[117.656055,38.424219],[117.557813,38.625146],[117.553809,38.691455],[117.616699,38.852881],[117.784668,39.134473],[117.865723,39.19126],[118.040918,39.226758],[118.147852,39.195068],[118.297852,39.06709],[118.471973,39.118018],[118.626367,39.176855],[118.752441,39.160498],[118.826465,39.172119],[118.912305,39.166406],[118.976953,39.182568],[119.040137,39.222363],[119.224609,39.408057],[119.261328,39.560889],[119.322363,39.661621],[119.391113,39.75249],[119.591113,39.902637],[119.850391,39.987451],[120.368945,40.203857],[120.479102,40.230957],[120.770703,40.589062],[120.841309,40.649219],[120.922266,40.683105],[121.00293,40.749121],[121.085938,40.841602],[121.174512,40.90127],[121.537109,40.878418],[121.598926,40.843408],[121.729297,40.846143],[121.765625,40.875879],[121.808594,40.968506],[121.834863,40.974268],[121.858789,40.84209],[122.14043,40.688184],[122.178711,40.602734],[122.275,40.541846],[122.263867,40.500195],[122.20332,40.396045],[122.190918,40.358252],[121.982813,40.13584],[121.868945,40.046387],[121.800977,39.950537],[121.517383,39.844824],[121.474219,39.754883],[121.514258,39.685254],[121.517578,39.638965],[121.469531,39.640137],[121.406445,39.62124],[121.26748,39.544678],[121.286328,39.519434],[121.299805,39.452197],[121.275488,39.384766],[121.355664,39.376807],[121.5125,39.374854],[121.785449,39.40083],[121.818457,39.386523],[121.757812,39.347559],[121.664551,39.26875],[121.627637,39.220166],[121.679883,39.108691],[121.263281,38.960254],[121.188281,38.94668],[121.106738,38.920801],[121.12168,38.813281],[121.163574,38.731641],[121.207422,38.743506],[121.236328,38.766943],[121.320117,38.808203],[121.517188,38.830762],[121.649902,38.865088],[121.67041,38.891797],[121.632812,38.954834],[121.677246,39.003418],[121.744824,39.009668],[121.805176,38.991406],[121.864355,38.996484],[121.922656,39.036523],[121.982324,39.053174],[122.047656,39.093799],[122.120898,39.151904],[122.225,39.267334],[122.334863,39.366113],[122.840039,39.60083],[122.960938,39.619922],[123.032227,39.673535],[123.226562,39.686621],[123.268945,39.726904],[123.348145,39.762939],[123.490039,39.767871],[123.580664,39.786133],[123.61123,39.84082],[123.650879,39.881592],[123.760156,39.822412],[124.105762,39.841016],[124.26748,39.92417],[124.35,40.011572],[124.362109,40.004053],[124.375098,39.996143],[124.348633,39.906885],[124.403809,39.865527],[124.557422,39.790576],[124.607617,39.716943],[124.638281,39.615088],[124.699219,39.632373],[124.732227,39.652197],[124.738867,39.741504],[124.775293,39.758057],[124.867871,39.701807],[125.100098,39.590332],[125.180078,39.583496],[125.36084,39.526611],[125.373633,39.427637],[125.413184,39.32627],[125.409668,39.288379],[125.157324,38.871533],[125.168848,38.805518],[125.298926,38.742969],[125.424219,38.746875],[125.488672,38.727783],[125.554492,38.68623],[125.491797,38.676123],[125.415332,38.68042],[125.309668,38.665381],[125.067383,38.556738],[124.97373,38.480127],[124.880566,38.34165],[124.882715,38.294971],[124.874512,38.233398],[124.690918,38.129199],[124.779492,38.101514],[124.907031,38.112646],[124.99502,38.077832],[125.162598,38.093652],[125.206738,38.081543],[125.24668,38.056836],[125.193164,38.037793],[124.98877,37.931445],[125.026758,37.922607],[125.101953,37.88208],[125.310742,37.843506],[125.364844,37.748242],[125.357813,37.724805],[125.406641,37.719043],[125.449316,37.730225],[125.581543,37.815039],[125.676172,37.917725],[125.69502,37.962695],[125.769141,37.985352],[125.941699,37.873682],[126.050293,37.869824],[126.116699,37.74292],[126.161035,37.763721],[126.203125,37.828516],[126.369922,37.878369],[126.572754,37.796826],[126.623242,37.790186],[126.633887,37.781836],[126.620703,37.755469],[126.577734,37.744727],[126.563379,37.716504],[126.580176,37.65376],[126.607617,37.617432],[126.656836,37.551172],[126.650293,37.447119],[126.696191,37.410693],[126.790527,37.294922],[126.746387,37.193555],[126.776074,37.158203],[126.787402,37.102734],[126.868945,36.975732],[126.959766,36.957617],[126.976855,36.939404],[126.958008,36.906152],[126.879102,36.862061],[126.87207,36.824463],[126.83877,36.846094],[126.784473,36.948437],[126.686719,36.960352],[126.577734,37.01958],[126.487012,37.007471],[126.428711,36.969043],[126.351562,36.958203],[126.217188,36.870947],[126.160547,36.771924],[126.180859,36.691602],[126.230664,36.689258],[126.38877,36.651172],[126.433008,36.678027],[126.487695,36.693799],[126.506641,36.585645],[126.548242,36.477637],[126.551953,36.429688],[126.544238,36.341211],[126.557227,36.23584],[126.54043,36.166162],[126.59707,36.105029],[126.682324,36.037939],[126.693457,36.01416],[126.663672,35.974512],[126.647461,35.922412],[126.719629,35.8979],[126.753027,35.871973],[126.717383,35.768848],[126.601562,35.714209],[126.541895,35.669336],[126.488477,35.64707],[126.486523,35.606348],[126.564941,35.589746],[126.614062,35.570996],[126.582227,35.534473],[126.492773,35.50127],[126.460449,35.455615],[126.395898,35.314404],[126.360547,35.216895],[126.291113,35.15415],[126.327441,35.045117],[126.397852,34.932812],[126.420703,34.823389],[126.478516,34.810352],[126.547949,34.836768],[126.593359,34.824365],[126.538574,34.778662],[126.472852,34.756348],[126.50498,34.737549],[126.524512,34.6979],[126.425586,34.69458],[126.301074,34.719971],[126.264453,34.673242],[126.332617,34.589648],[126.481738,34.493945],[126.506445,34.428369],[126.508301,34.350635],[126.531445,34.314258],[126.584375,34.317529],[126.61084,34.403516],[126.754785,34.511865],[126.796484,34.494287],[126.82627,34.451074],[126.897461,34.438867],[127.030762,34.606885],[127.24707,34.755127],[127.268652,34.720361],[127.260547,34.66167],[127.194922,34.605029],[127.173438,34.546143],[127.324609,34.463281],[127.380566,34.500635],[127.401172,34.552539],[127.479102,34.625244],[127.423438,34.688477],[127.389648,34.743018],[127.404297,34.823096],[127.476953,34.844287],[127.523633,34.840088],[127.56543,34.765918],[127.632422,34.690234],[127.71543,34.721045],[127.742188,34.782568],[127.6625,34.843408],[127.639355,34.889697],[127.659082,34.926367],[127.714844,34.954687],[127.873242,34.966309],[127.976758,35.018701],[128.03623,35.021973],[128.094531,34.933594],[128.152344,34.915869],[128.275977,34.910986],[128.387695,34.875098],[128.443945,34.870361],[128.447656,34.93208],[128.418848,35.015674],[128.458105,35.069434],[128.510938,35.100977],[128.642578,35.11958],[128.795703,35.093896],[128.980078,35.101514],[129.076758,35.122705],[129.21416,35.181836],[129.329004,35.332764],[129.419141,35.497852],[129.485449,35.687402],[129.561719,35.947656],[129.572852,36.050537],[129.509766,36.037598],[129.458301,36.006445],[129.425781,36.018799],[129.403516,36.052148],[129.402441,36.137646],[129.391309,36.202148],[129.392578,36.322705],[129.427148,36.385498],[129.44502,36.470703],[129.433008,36.636621],[129.473438,36.741895],[129.426172,36.925537],[129.418262,37.059033],[129.335156,37.274561],[129.051563,37.677637],[128.852441,37.887061],[128.618848,38.176074],[128.374609,38.623437],[128.329492,38.680908],[128.249414,38.745215],[128.1625,38.786133],[128.123047,38.816406],[127.97168,38.897998],[127.786133,39.084131],[127.698926,39.125049],[127.580957,39.143262],[127.496973,39.179492],[127.394531,39.20791],[127.383496,39.296143],[127.422266,39.373584],[127.457422,39.400977],[127.522852,39.377393],[127.548926,39.461084],[127.547266,39.562793],[127.527441,39.695703],[127.568164,39.781982],[127.86709,39.895947],[127.966602,39.995605],[128.106348,40.032568],[128.304492,40.035937],[128.392969,40.088965],[128.51123,40.130225],[128.610742,40.1979],[128.701367,40.317529],[128.842969,40.358496],[128.945215,40.427881],[129.109766,40.491064],[129.245117,40.661035],[129.341113,40.726318],[129.708691,40.857324],[129.741992,40.932275],[129.712109,41.123682],[129.76582,41.303857],[129.758984,41.391504],[129.682422,41.494336],[129.686328,41.594971],[129.756348,41.712256],[129.876367,41.805518],[129.928223,41.896729],[130.007324,41.991162],[130.068262,42.045752],[130.179883,42.096973],[130.235742,42.183203],[130.314746,42.214111],[130.45752,42.301709],[130.569238,42.291699],[130.636523,42.274854],[130.687305,42.302539],[130.729883,42.325781],[130.83418,42.522949],[130.709375,42.656396],[130.756152,42.673291],[130.945703,42.633936],[131.024805,42.645166],[131.158301,42.626025],[131.245313,42.697412],[131.29248,42.772119],[131.393262,42.822314],[131.516406,42.996436],[131.72207,43.202637],[131.794727,43.255273],[131.938965,43.301953],[131.97627,43.296045],[132.013086,43.280029],[131.89834,43.170752],[131.866602,43.095166],[131.947266,43.09541],[132.028711,43.118945],[132.233203,43.245068],[132.30957,43.313525],[132.334375,43.238672],[132.303809,42.883301],[132.481348,42.909766],[132.576465,42.871582],[132.708984,42.87583],[132.863574,42.79375],[132.923926,42.805273],[132.996582,42.808008],[133.059375,42.722803],[133.159961,42.696973],[133.329492,42.763867],[133.586719,42.828223],[133.709375,42.829932],[134.010449,42.947461],[134.156445,43.042139],[134.691797,43.290576],[134.916992,43.426562],[135.131055,43.525732],[135.260156,43.684619],[135.483398,43.83501],[135.489063,43.898828],[135.533203,43.971484],[135.874609,44.373535],[135.987012,44.439844],[136.142285,44.489111],[136.208691,44.562012],[136.251172,44.666797],[136.460449,44.822119],[136.604102,44.978174],[136.737207,45.080029],[136.803516,45.171143],[137.146973,45.393506],[137.425195,45.63999],[137.685449,45.818359],[137.769141,45.928516],[138.106348,46.250732],[138.210156,46.462939],[138.336914,46.543408],[138.391797,46.745068],[138.500488,46.889844],[138.529688,46.976221],[138.586816,47.057227],[139.001367,47.383301],[139.166992,47.634863],[139.372656,47.887354],[139.520508,47.975293],[139.67627,48.089893],[139.760742,48.180566],[139.998438,48.323779],[140.113281,48.422656],[140.170605,48.523682],[140.224219,48.772852],[140.37832,48.964111],[140.333691,48.994824],[140.308984,49.053906],[140.325586,49.12002],[140.348633,49.15918],[140.364355,49.22085],[140.399121,49.289795],[140.431055,49.331494],[140.517188,49.596143],[140.511328,49.76167],[140.464551,49.825586],[140.462695,49.911475],[140.58457,50.03335],[140.613281,50.053711],[140.624512,50.082422],[140.564063,50.106689],[140.535449,50.130762],[140.476367,50.545996],[140.520898,50.800195],[140.645605,50.986768],[140.670703,51.051318],[140.687695,51.232275],[140.838574,51.41416],[140.932617,51.619922],[141.129395,51.727783],[141.258398,51.860693],[141.366895,51.920654],[141.385547,52.057227],[141.485254,52.178516],[141.409082,52.234326],[141.329688,52.271143],[141.169824,52.368408],[141.132422,52.435693],[141.24502,52.550146],[141.265918,52.652588],[141.255859,52.840137],[141.086816,52.897559],[140.874512,53.039844],[140.839648,53.087891],[140.887305,53.091504],[141.18125,53.015283],[141.32793,53.097266],[141.402051,53.183984],[141.37373,53.292773],[141.217676,53.334473],[141.015039,53.454248],[141.005664,53.49458],[140.687598,53.596436],[140.34707,53.812598],[140.241699,54.001025],[140.178711,54.051562],[139.858398,54.205322],[139.795508,54.256445],[139.707422,54.277148],[139.319727,54.192969],[139.105078,54.217822],[138.695703,54.32002],[138.657227,54.29834],[138.715918,54.222656],[138.704688,54.147656],[138.72168,54.04375],[138.699414,53.869727],[138.660742,53.744775],[138.510938,53.57002],[138.450684,53.537012],[138.320312,53.5229],[138.249707,53.524023],[138.292188,53.592432],[138.407031,53.67417],[138.569141,53.818799],[138.568164,53.947168],[138.52793,53.959863],[138.493555,53.959668],[138.378906,53.909277],[138.25293,53.726416],[137.950488,53.603564],[137.738184,53.560303],[137.32832,53.538965],[137.253711,53.546143],[137.221484,53.579199],[137.313672,53.631592],[137.516992,53.70708],[137.644824,53.86582],[137.786133,53.90332],[137.834766,53.946729],[137.622754,53.970459],[137.476465,54.027588],[137.339258,54.100537],[137.403418,54.123535],[137.45127,54.130469],[137.513184,54.156396],[137.666016,54.283301],[137.525098,54.291211],[137.377734,54.282324],[137.141602,54.182227],[137.096191,54.128564],[137.172461,54.056885],[137.258008,54.025244],[137.155371,53.82168],[137.01875,53.848145],[136.886426,53.839355],[136.802637,53.781982],[136.718848,53.804102],[136.683008,53.931299],[136.729395,54.060645],[136.77041,54.35332],[136.82041,54.452344],[136.82373,54.561475],[136.797266,54.620996],[136.714551,54.624316],[136.580273,54.613623],[136.237988,54.614062],[135.851562,54.583936],[135.437793,54.69248],[135.325391,54.707422],[135.257715,54.731494],[135.211523,54.84082],[135.234766,54.903223],[135.2625,54.943311],[135.540625,55.11377],[135.750781,55.160645],[136.175195,55.352246],[136.351172,55.51001],[136.460254,55.576709],[136.793555,55.694189],[137.012109,55.795264],[137.189844,55.892285],[137.384082,55.974756],[137.572949,56.112109],[137.691504,56.139355],[138.073828,56.433105],[138.140625,56.498682],[138.180078,56.588525],[138.217773,56.629004],[138.662109,56.965527],[138.965723,57.088135],[139.181641,57.261523],[139.443848,57.329687],[139.506641,57.358301],[139.619238,57.455713],[139.80332,57.51416],[139.861523,57.549316],[140.002344,57.6875],[140.446875,57.813672],[140.495117,57.86543],[140.684961,58.212158],[140.790234,58.303467],[140.987695,58.416846],[141.34707,58.528076],[141.60293,58.649023],[141.754688,58.745264],[142.025391,58.999658],[142.330371,59.152637],[142.580273,59.240137],[143.192188,59.370117],[143.523828,59.343652],[143.86875,59.411377],[144.123438,59.408301],[144.483398,59.37627],[145.55459,59.413525],[145.756445,59.37373],[145.829102,59.330322],[145.931641,59.198389],[146.049512,59.170557],[146.273438,59.221484],[146.444336,59.430469],[146.537207,59.456982],[146.803711,59.372949],[147.040039,59.365723],[147.514453,59.268555],[147.687891,59.290674],[147.874609,59.388037],[148.257422,59.414209],[148.491211,59.262305],[148.72666,59.25791],[148.914062,59.282715],[148.964648,59.369141],[148.889648,59.4],[148.744141,59.373535],[148.708887,59.448535],[148.79707,59.532324],[148.925,59.475],[149.133008,59.480518],[149.20498,59.488184],[149.175391,59.526758],[149.127734,59.558789],[149.065234,59.630518],[149.29043,59.728467],[149.424512,59.760986],[149.642578,59.77041],[150,59.69436317338172],[150,70],[73.71136533772287,70],[73.578125,69.802979],[73.560156,69.707227],[73.663281,69.61709],[73.832715,69.503906],[73.890918,69.417969],[73.775684,69.198242],[73.836035,69.143213],[73.977441,69.114648],[74.362598,69.14458],[74.814844,69.090576],[75.053516,69.116309],[75.42002,69.238623],[75.561133,69.251807],[76.000977,69.235059],[76.644922,69.117383],[77.32832,68.958643],[77.466309,68.905127],[77.650684,68.903027],[77.785254,68.630469],[77.906836,68.482275],[77.958691,68.377051],[77.995117,68.259473],[77.868262,68.234717],[77.756836,68.222363],[77.664844,68.190381],[77.535937,68.007666],[77.520117,67.909619],[77.588281,67.751904],[78.16123,67.678369],[78.559082,67.639111],[78.839063,67.631201],[78.887598,67.613135],[78.922461,67.589111],[78.589551,67.578467],[77.985547,67.55918],[77.771582,67.570264],[77.675098,67.5896],[77.579199,67.643945],[77.395605,67.698682],[77.325098,67.735645],[77.174414,67.778516],[77.248438,67.941016],[77.261035,68.315576],[77.238477,68.46958],[77.111719,68.596191],[76.735059,68.776904],[76.605762,68.897607],[76.45918,68.978271],[76.316016,68.991504],[76.10752,68.975732],[75.589551,68.901172],[75.124609,68.861719],[74.57959,68.751221],[74.480957,68.658887],[74.391406,68.420605],[74.51123,68.303076],[74.632422,68.218311],[74.742676,68.073535],[74.778223,67.985938],[74.787305,67.89751],[74.769531,67.766357],[74.676074,67.694629],[74.074512,67.414111],[73.98623,67.327686],[73.883301,67.084961],[73.79209,66.995312],[73.513574,66.861084],[73.341602,66.806836],[72.417383,66.560791],[72.383984,66.506543],[72.321582,66.332129],[72.067578,66.25332],[71.916992,66.246729],[71.565625,66.33374],[71.358008,66.359424],[71.145508,66.36665],[70.339453,66.342383],[69.982422,66.401416],[69.700977,66.48457],[69.412012,66.510742],[69.194336,66.578662],[69.143945,66.640723],[69.091113,66.723584],[69.051172,66.766357],[69.013477,66.78833],[69.078711,66.815918],[69.217773,66.828613],[69.74043,66.8146],[69.877148,66.845459],[69.948633,66.82998],[70.09375,66.754346],[70.283398,66.685791],[70.443945,66.697314],[70.579102,66.75376],[70.630762,66.754199],[70.690723,66.745312],[70.567969,66.700879],[70.442578,66.668262],[70.408887,66.647607],[70.382812,66.60249],[70.561426,66.548682],[70.724902,66.519434],[70.939453,66.548145],[71.065625,66.604492],[71.341992,66.686719],[71.539551,66.683105],[71.551172,66.760449],[71.448926,66.878955],[71.365234,66.961523],[71.668164,66.939697],[71.847461,67.007617],[72.594336,67.586963],[72.94873,67.69624],[73.066797,67.766943],[73.152148,67.865039],[73.173047,67.973047],[73.129395,68.090918],[73.139453,68.181348],[73.266406,68.294482],[73.465234,68.430762],[73.591699,68.481885],[73.573438,68.532617],[73.548047,68.574512],[73.190723,68.706787],[72.811914,68.815234],[72.67832,68.874854],[72.576758,68.968701],[72.527344,69.080518],[72.527051,69.154248],[72.557324,69.378418],[72.615625,69.484033],[72.599414,69.793213],[72.56140043711392,70],[66.91856645185418,70],[66.832227,69.842187],[66.80293,69.740137],[66.804004,69.659229],[66.840234,69.60918],[66.89668,69.553809],[66.93418,69.59668],[66.964063,69.655566],[67.064453,69.693701],[67.624121,69.584424],[67.774316,69.52998],[68.005859,69.480029],[68.073047,69.420801],[68.117383,69.23623],[68.355078,69.067578],[68.542773,68.96709],[68.65957,68.927393],[68.762891,68.917383],[68.924414,68.956201],[69.140527,68.950635],[69.024316,68.817969],[68.829492,68.567432],[68.504199,68.348438],[68.371191,68.314258],[68.156934,68.403662],[67.730762,68.513672],[67.639648,68.579297],[67.149219,68.753955],[67.002441,68.873584],[66.756445,68.891992],[66.416113,68.947852],[66.084766,69.036328],[65.812695,69.077002],[65.735742,69.132324],[65.52793,69.173438],[65.326758,69.201367],[65.031543,69.269824],[64.896289,69.247803],[64.928516,69.325391],[64.592188,69.435645],[64.19043,69.534668],[63.361426,69.675293],[62.63125,69.743115],[61.770508,69.763037],[61.015918,69.851465],[60.909082,69.847119],[60.812988,69.821143],[60.558691,69.692334],[60.276465,69.652637],[60.170605,69.590918],[60.337305,69.457031],[60.664551,69.110254],[60.858594,69.145508],[60.933594,68.986768],[60.815137,68.895215],[60.637695,68.787012],[60.48916,68.728955],[60.160254,68.699512],[59.895996,68.706348],[59.865137,68.604932],[59.941406,68.510498],[59.922852,68.471338],[59.897363,68.421924],[59.858789,68.396045],[59.827539,68.380322],[59.725684,68.351611],[59.604297,68.351123],[59.310742,68.400293],[59.099023,68.444336],[59.112305,68.616309],[59.222559,68.691309],[59.29834,68.708447],[59.370508,68.738379],[59.22041,68.849609],[59.110156,68.896289],[59.059863,68.972559],[59.057324,69.006055],[58.918945,69.003809],[58.353906,68.916211],[58.237012,68.833936],[58.173047,68.889746],[57.444336,68.641504],[57.126855,68.554004],[56.909375,68.566699],[56.620215,68.619043],[56.275684,68.624072],[56.043652,68.648877],[55.924609,68.637305],[55.675293,68.575879],[55.418066,68.567822],[55.150879,68.480029],[54.923047,68.373828],[54.861328,68.201855],[54.717969,68.18418],[54.56123,68.273047],[54.476172,68.294141],[54.393945,68.275098],[54.23291,68.266309],[54.099219,68.259033],[53.967871,68.227344],[53.913672,68.231201],[53.515137,68.259668],[53.403125,68.256836],[53.260547,68.26748],[53.293359,68.31167],[53.342578,68.343213],[53.566699,68.36709],[53.690039,68.402539],[53.829492,68.382666],[53.930859,68.435547],[53.917676,68.536963],[53.758887,68.633984],[53.833887,68.708936],[53.891211,68.801514],[53.929297,68.811865],[53.970605,68.844287],[53.919531,68.87124],[53.798242,68.884668],[53.797656,68.907471],[53.874414,68.926611],[54.37627,68.964746],[54.491211,68.992334],[54.18584,69.00332],[53.801953,68.995898],[53.412891,68.912549],[52.683594,68.731201],[52.344043,68.608154],[52.435059,68.610205],[52.550098,68.592432],[52.647656,68.506152],[52.722656,68.484033],[52.669727,68.426758],[52.475,68.382129],[52.39668,68.351709],[52.322266,68.339697],[52.25918,68.350928],[52.183496,68.374268],[52.227441,68.418604],[52.285352,68.459375],[52.128809,68.532031],[52.055664,68.541309],[51.994727,68.53877],[51.616699,68.476318],[51.336133,68.402441],[51.078516,68.36333],[50.838867,68.349951],[50.699414,68.317725],[50.414062,68.218359],[50.233203,68.175342],[49.93125,68.065137],[49.155273,67.87041],[48.953906,67.853809],[48.840625,67.869727],[48.754297,67.895947],[48.695703,67.874219],[48.762695,67.827002],[48.87793,67.731348],[48.833203,67.681494],[48.653809,67.695264],[48.278711,67.650391],[47.874707,67.58418],[47.882617,67.515332],[47.908203,67.454688],[47.839258,67.355713],[47.768066,67.275635],[47.709082,67.04502],[47.655859,66.975928],[47.496484,66.929834],[46.69082,66.825537],[46.552344,66.818994],[46.492383,66.800195],[46.448535,66.818994],[46.297754,66.842822],[46.083984,66.843506],[45.986035,66.853125],[45.885352,66.891064],[45.752539,66.98916],[45.562207,67.185596],[45.138867,67.284717],[44.939453,67.350781],[44.902148,67.413135],[44.939453,67.477441],[45.374121,67.688867],[45.528711,67.757568],[46.174219,67.818164],[46.428906,67.823682],[46.69043,67.848828],[46.683594,67.970459],[46.429688,68.118848],[46.158398,68.291357],[45.891992,68.479687],[45.519434,68.546533],[45.078125,68.578174],[44.175293,68.541748],[44.048047,68.548828],[43.471973,68.679834],[43.413281,68.681738],[43.333203,68.673389],[43.358008,68.635791],[43.404004,68.608545],[44.169141,68.3271],[44.204688,68.25376],[44.226465,68.154443],[44.213867,68.112598],[44.231543,68.07124],[44.225391,67.995605],[44.036426,67.670654],[43.856348,67.439307],[43.795703,67.32959],[43.782422,67.254492],[43.855371,67.188623],[44.074414,67.167334],[44.291797,67.099658],[44.403906,67.004199],[44.429297,66.937744],[44.437109,66.794629],[44.488672,66.671777],[44.316406,66.481689],[44.220703,66.40708],[44.097168,66.235059],[44.145313,66.112744],[44.132422,66.064551],[44.104395,66.008594],[44.016699,66.049756],[43.944141,66.098682],[43.84375,66.142383],[43.737012,66.158398],[43.623926,66.146729],[43.541895,66.123389],[43.550391,66.173389],[43.653125,66.250977],[43.60332,66.291211],[43.550879,66.321289],[43.233203,66.415527],[43.005957,66.420947],[42.806543,66.411328],[42.602148,66.42251],[42.450781,66.482422],[42.313672,66.514746],[42.210547,66.519678],[42.083594,66.465918],[41.780859,66.259326],[41.475781,66.123437],[41.076074,66.021094],[40.774414,65.987891],[40.691602,65.963428],[40.512793,65.843799],[40.327832,65.751709],[39.816504,65.597949],[39.781152,65.534717],[39.749121,65.447949],[39.798047,65.349854],[39.896484,65.254785],[40.142676,65.063281],[40.28125,64.998096],[40.375391,64.896289],[40.444922,64.778711],[40.407813,64.754883],[40.203711,64.784033],[40.057813,64.770752],[39.848633,64.690527],[39.833008,64.656396],[39.758008,64.577051],[39.567383,64.570557],[39.053516,64.713916],[38.613086,64.78667],[38.540918,64.79126],[38.441992,64.827148],[38.412109,64.85708],[38.228223,64.851221],[38.115723,64.85459],[38.009375,64.87876],[37.528125,65.108252],[37.14082,65.194287],[37.050195,65.195898],[36.882812,65.172363],[36.785938,64.987158],[36.65293,64.935449],[36.53457,64.938623],[36.528223,64.847363],[36.578711,64.790967],[36.624219,64.750537],[36.769336,64.685254],[37.04043,64.48916],[37.183691,64.408496],[37.289551,64.37793],[37.42959,64.373584],[37.740625,64.396973],[37.843555,64.366309],[37.953711,64.320117],[37.977148,64.207031],[38.062207,64.091016],[38.070801,64.02583],[37.967969,63.949121],[37.635352,63.893408],[37.442188,63.813379],[37.372754,63.816748],[36.975195,63.909521],[36.71377,63.945068],[36.364941,64.002832],[36.301953,64.034375],[36.146484,64.189014],[35.802051,64.335352],[35.64707,64.37832],[35.432031,64.346777],[35.284082,64.362549],[35.035352,64.440234],[34.869531,64.56001],[34.858301,64.706689],[34.905469,64.738672],[34.952246,64.755957],[34.832617,64.800195],[34.827148,64.912695],[34.803516,64.985986],[34.671094,65.168115],[34.535938,65.27793],[34.406445,65.395752],[34.544141,65.456689],[34.615723,65.509912],[34.715527,65.664062],[34.734766,65.716309],[34.776953,65.768262],[34.793164,65.816357],[34.786328,65.864551],[34.691797,65.951855],[34.399805,66.128418],[34.112695,66.225244],[33.566699,66.320996],[33.41582,66.315625],[33.360547,66.329541],[33.476953,66.346875],[33.593262,66.38457],[33.655957,66.442627],[33.517676,66.471387],[33.405273,66.484277],[33.217383,66.531641],[33.18291,66.573877],[33.224414,66.603857],[33.180566,66.679932],[32.928711,66.704102],[32.862402,66.721387],[32.857324,66.746924],[32.686426,66.829541],[32.463672,66.916309],[32.500977,67.003857],[32.340625,67.067871],[32.201563,67.113232],[31.983008,67.129834],[31.895313,67.161426],[32.399902,67.152686],[32.930469,67.086816],[32.885254,67.061133],[32.847559,67.021533],[33.001953,66.908301],[33.150195,66.843945],[33.482031,66.764551],[33.522949,66.764355],[33.59541,66.784619],[33.75957,66.750977],[33.893652,66.706738],[34.146094,66.703271],[34.451563,66.651221],[34.430859,66.629785],[34.396094,66.613184],[34.482617,66.550342],[34.610254,66.559619],[34.824609,66.611133],[35.363965,66.428662],[35.513477,66.395801],[36.373438,66.302295],[36.769922,66.293555],[36.983691,66.272559],[37.294824,66.225049],[37.628223,66.12959],[37.900684,66.095605],[38.397559,66.064453],[38.653906,66.069043],[39.289062,66.132031],[40.10332,66.299951],[40.521582,66.446631],[41.188965,66.826172],[41.275586,66.914307],[41.354297,67.121436],[41.358789,67.209668],[41.261719,67.218457],[41.133887,67.266943],[41.133887,67.386035],[41.060938,67.444189],[40.966406,67.713477],[40.766309,67.743018],[40.656543,67.774072],[40.525781,67.789697],[40.380664,67.831885],[40.206641,67.941895],[40.035742,68.015381],[39.895605,68.114502],[39.809277,68.15083],[39.746289,68.162207],[39.789746,68.112158],[39.82334,68.058594],[39.568945,68.071729],[38.831543,68.324902],[38.705566,68.344727],[38.656836,68.321875],[38.430176,68.355615],[38.357617,68.415137],[37.730566,68.692139],[36.618262,69.003467],[35.85791,69.191748],[35.289844,69.275439],[35.233203,69.265576],[35.175879,69.230811],[35.00957,69.22124],[34.863965,69.228076],[34.352734,69.30293],[34.229395,69.313135],[33.684375,69.310254],[33.627051,69.28916],[33.435645,69.130371],[33.333398,69.098193],[33.141211,69.068701],[33.196387,69.116846],[33.327734,69.151855],[33.412988,69.267432],[33.417969,69.315283],[33.463672,69.378174],[33.454297,69.428174],[33.384863,69.444287],[33.255859,69.427734],[32.978906,69.367334],[32.941602,69.38335],[33.020996,69.445605],[32.999805,69.470117],[32.883789,69.46084],[32.636816,69.489453],[32.377734,69.479102],[32.330566,69.554248],[32.161328,69.596631],[32.091504,69.632568],[32.176758,69.674023],[32.754297,69.605713],[32.915039,69.601709],[32.994629,69.626172],[33.012598,69.670508],[33.007812,69.722119],[32.941699,69.751855],[32.56543,69.806494],[32.391602,69.868701],[31.98457,69.953662],[31.969336,69.913916],[32.030566,69.835303],[31.997949,69.809912],[31.879395,69.831982],[31.788574,69.815771],[31.666211,69.720996],[31.546973,69.696924],[31.452734,69.6896],[31.049512,69.769238],[30.869727,69.783447],[30.714453,69.795703],[30.594531,69.789648],[30.484375,69.794873],[30.42832,69.722266],[30.397266,69.732812],[30.348828,69.83457],[30.237598,69.862207],[30.180078,69.841162],[30.155176,69.745947],[30.088281,69.717578],[29.990332,69.73667],[29.79209,69.727881],[29.694629,69.74458],[29.635938,69.780127],[29.620996,69.818213],[29.621387,69.874072],[29.646875,69.943701],[29.601367,69.976758],[29.4413485071132,70],[23.375031710696327,70],[23.353906,69.983398],[23.25791,69.993311],[23.24275915860893,70],[21.894634153372863,70],[21.974707,69.83457],[21.931738,69.814697],[21.77959,69.887451],[21.590234,69.938037],[21.46051136287542,70],[21.25114257046631,70],[21.163086,69.889502],[21.032129,69.887451],[20.971094,69.916016],[20.840332,69.907324],[20.62207,69.913916],[20.545996,69.851074],[20.532715,69.692334],[20.5625,69.632812],[20.661523,69.584717],[20.742578,69.534521],[20.739453,69.520508],[20.486719,69.54209],[20.197656,69.370947],[20.107227,69.341211],[20.054492,69.332666],[20.04375,69.355664],[20.277148,69.53584],[20.338184,69.61665],[20.332715,69.676953],[20.387207,69.867627],[20.355176,69.921924],[20.324219,69.945312],[20.223047,69.927197],[20.146387,69.896729],[20.068945,69.883447],[19.960547,69.824609],[19.864648,69.722119],[19.736816,69.503809],[19.641504,69.424023],[19.639746,69.503809],[19.695996,69.612939],[19.722461,69.781641],[19.687012,69.804736],[19.197266,69.747852],[19.038379,69.6604],[19.011328,69.62373],[19.006836,69.587695],[18.991113,69.561133],[18.882812,69.52334],[18.766602,69.517041],[18.674023,69.520361],[18.614453,69.490576],[18.624414,69.434375],[18.75,69.378418],[18.915918,69.335596],[18.858984,69.314453],[18.645508,69.321875],[18.482617,69.364844],[18.378711,69.439844],[18.293164,69.475098],[18.259766,69.470605],[18.1875,69.433105],[18.078711,69.325244],[18.075391,69.232617],[18.11748,69.181201],[18.101465,69.156299],[17.70459,69.100049],[17.546289,69.001123],[17.490039,68.87876],[17.39082,68.799365],[17.131152,68.693457],[16.884668,68.6854],[16.651855,68.625781],[16.579883,68.592676],[16.514355,68.532568],[16.525293,68.490674],[16.584863,68.466455],[17.202344,68.459277],[17.426172,68.481934],[17.480176,68.474316],[17.502344,68.461084],[17.571191,68.447461],[17.552832,68.42627],[17.478516,68.426318],[17.336133,68.410352],[17.094043,68.368408],[16.951367,68.354687],[16.864941,68.355273],[16.618848,68.406299],[16.387891,68.389551],[16.203809,68.316748],[16.174805,68.28125],[16.259766,68.144531],[16.319238,68.101758],[16.391992,68.091602],[16.372168,68.061816],[16.308691,68.035645],[16.258594,68.001221],[16.312305,67.881445],[16.260742,67.886572],[16.120801,68.027344],[16.064551,68.199902],[16.038086,68.218164],[16.00791,68.228711],[15.85127,68.182178],[15.656641,68.164355],[15.486816,68.102832],[15.316016,68.06875],[15.292871,68.036475],[15.356934,68.003613],[15.605762,67.987891],[15.621387,67.948291],[15.506641,67.926221],[15.400879,67.919629],[15.274414,67.960938],[15.134277,67.972705],[15.048438,67.955762],[14.798926,67.809326],[14.821094,67.749854],[14.781348,67.674902],[14.854688,67.66333],[15.04082,67.682568],[15.303906,67.765283],[15.345801,67.734424],[15.284082,67.707959],[15.218652,67.655371],[15.24873,67.602148],[15.354004,67.543945],[15.487305,67.514795],[15.661328,67.542822],[15.691504,67.521387],[15.575684,67.443848],[15.594434,67.348535],[15.55293,67.351758],[15.465332,67.450928],[15.409375,67.47417],[15.28916,67.483154],[15.120508,67.555029],[14.961914,67.574268],[14.75498,67.499023],[14.578516,67.386035],[14.536621,67.339746],[14.44834,67.297852],[14.441699,67.271387],[14.479297,67.255957],[14.581543,67.267432],[14.824414,67.268311],[15.300098,67.256934],[15.434766,67.24668],[15.415723,67.202441],[14.775586,67.194482],[14.600684,67.173877],[14.472656,67.142676],[14.340332,67.158936],[14.205566,67.11123],[14.108789,67.119238],[14.022363,67.073096],[13.880176,66.964893],[13.808398,66.960791],[13.72666,66.938037],[13.651563,66.90708],[13.704102,66.85166],[13.916992,66.819385],[13.959473,66.794336],[13.787988,66.782471],[13.621094,66.794824],[13.520215,66.74165],[13.450391,66.715527],[13.311816,66.701855],[13.211426,66.64082],[13.191602,66.537158],[13.104688,66.539404],[13.068164,66.430811],[13.118848,66.230664],[13.352051,66.236719],[13.416406,66.252588],[13.498926,66.251904],[13.681348,66.273584],[13.973145,66.319727],[14.03418,66.297559],[13.91582,66.247363],[13.759668,66.221045],[13.674414,66.17998],[13.387109,66.182764],[12.783789,66.100439],[12.794922,66.069092],[12.976074,66.019189],[13.033105,65.95625],[12.983008,65.941602],[12.816797,65.952881],[12.688867,65.902197],[12.627734,65.806152],[12.344824,65.630176],[12.272852,65.568164],[12.20625,65.48623],[12.122168,65.362354],[12.133887,65.27915],[12.199609,65.245459],[12.263379,65.256104],[12.333984,65.240723],[12.363867,65.193311],[12.417578,65.184082],[12.511719,65.195312],[12.715332,65.266357],[12.819824,65.31748],[12.915527,65.339258],[12.738379,65.214404],[12.508398,65.099414],[12.306543,65.085986],[12.226562,65.145361],[12.159668,65.178955],[11.489355,64.97583],[11.349902,64.905908],[11.303516,64.829395],[11.296777,64.754785],[11.39248,64.772998],[11.561719,64.818262],[11.63291,64.813916],[11.523828,64.744385],[11.331348,64.685937],[11.225391,64.679492],[11.09043,64.614551],[10.932324,64.577734],[10.833984,64.494482],[10.565625,64.418311],[10.23623,64.179639],[10.009961,64.083154],[9.939453,63.981738],[9.864453,63.917822],[9.708008,63.864893],[9.614746,63.794824],[9.567285,63.706152],[9.594629,63.678955],[9.657227,63.697314],[9.76748,63.699512],[9.832324,63.616504],[9.892773,63.576221],[9.924023,63.521777],[10.055078,63.512695],[10.33916,63.571045],[10.934863,63.770215],[11.047266,63.845215],[10.966699,63.901562],[10.914258,63.921094],[11.075195,63.988135],[11.213574,64.030518],[11.306641,64.048877],[11.429199,64.024512],[11.457617,64.002979],[11.294629,63.948193],[11.175586,63.898877],[11.213867,63.878125],[11.307617,63.875732],[11.347949,63.837695],[11.370703,63.804834],[11.225781,63.763818],[11.117871,63.719189],[10.952539,63.698193],[10.779199,63.651172],[10.725293,63.625],[10.673633,63.558008],[10.706738,63.536328],[10.760156,63.461279],[10.704492,63.463574],[10.590918,63.447217],[10.340039,63.469336],[10.188574,63.454785],[10.080566,63.432715],[10.020996,63.39082],[9.979199,63.395264],[9.936035,63.478857],[9.891504,63.492041],[9.832227,63.52417],[9.696875,63.624561],[9.602246,63.60957],[9.520703,63.585693],[9.323633,63.570361],[9.156055,63.459326],[9.08418,63.463428],[9.075879,63.500391],[9.158105,63.56626],[9.13584,63.593652],[8.842383,63.645898],[8.673633,63.622607],[8.576172,63.601172],[8.398145,63.535107],[8.360742,63.498877],[8.386523,63.445264],[8.480176,63.42417],[8.59375,63.426123],[8.641016,63.39209],[8.635547,63.342334],[8.580176,63.313379],[8.271484,63.286572],[8.184473,63.236523],[8.158008,63.161523],[8.235156,63.082178],[8.338574,63.042187],[8.60918,62.880566],[8.623145,62.84624],[8.310547,62.965527],[8.211133,62.995508],[8.100586,63.090967],[7.860352,63.112793],[7.736035,63.103857],[7.654297,63.10918],[7.571875,63.099512],[7.389063,63.023291],[7.008496,62.957666],[6.94043,62.930469],[6.928223,62.902734],[6.781543,62.789648],[6.734961,62.720703],[6.77998,62.700732],[7.024902,62.728809],[7.11084,62.752002],[7.24209,62.752344],[7.408398,62.711768],[8.045508,62.77124],[8.095508,62.731836],[7.804688,62.720996],[7.538379,62.67207],[7.518164,62.645508],[7.527441,62.610303],[7.690723,62.585596],[7.653125,62.564014],[7.570117,62.548193],[7.491797,62.542822],[7.283789,62.602295],[6.961133,62.626758],[6.744629,62.637891],[6.618359,62.621289],[6.439453,62.609668],[6.35293,62.611133],[6.272852,62.583838],[6.2375,62.519922],[6.164746,62.482422],[6.118457,62.447168],[6.136133,62.407471],[6.261719,62.416309],[6.457129,62.448096],[6.692383,62.468066],[6.62002,62.423291],[6.580078,62.407275],[6.208984,62.352783],[6.083496,62.349609],[6.025586,62.375684],[5.979785,62.407129],[5.908301,62.416016],[5.796289,62.384668],[5.718164,62.378906],[5.533301,62.310889],[5.484277,62.239111],[5.422363,62.207373],[5.357715,62.151709],[5.293848,62.153906],[5.240918,62.188672],[5.143164,62.159912],[5.096484,62.02666],[5.15957,61.956982],[5.266895,61.935596],[5.473047,61.945605],[5.664453,61.9229],[6.131152,61.852441],[6.395898,61.850977],[6.682324,61.887012],[6.730762,61.869775],[6.466699,61.807422],[6.01582,61.7875],[5.793262,61.8271],[5.465332,61.896924],[5.116992,61.8854],[4.985059,61.900439],[4.930078,61.87832],[4.910352,61.80957],[4.927832,61.710693],[4.99668,61.645215],[5.099414,61.620166],[5.167578,61.543359],[5.267578,61.505029],[5.338672,61.485498],[5.258301,61.455469],[5.172461,61.457129],[5.002734,61.433594],[4.989941,61.377686],[5.02168,61.250586],[5.106738,61.187549],[5.324609,61.108252],[5.45127,61.102344],[5.646777,61.147607],[6.08252,61.167285],[6.383496,61.133887],[6.492578,61.15459],[6.543066,61.244531],[6.599902,61.289648],[6.625879,61.279297],[6.610254,61.229102],[6.657031,61.206592],[6.794336,61.190381],[6.942578,61.160547],[7.173535,61.165967],[7.275977,61.180957],[7.298047,61.213623],[7.27627,61.283936],[7.331152,61.372021],[7.442578,61.434619],[7.452539,61.419238],[7.346582,61.300586],[7.403906,61.222168],[7.604492,61.210547],[7.54502,61.177148],[7.040137,61.091162],[7.04668,61.015283],[7.07793,60.966309],[7.038672,60.95293],[6.980566,60.994141],[6.97207,61.055957],[6.903418,61.102148],[6.777832,61.142432],[6.609863,61.137012],[6.417969,61.084277],[6.292578,61.080957],[5.983984,61.117334],[5.505273,61.056104],[5.288184,61.047168],[5.19248,61.053711],[5.09541,61.071338],[5.008594,61.038184],[5.024609,60.936133],[5.010742,60.858545],[5.049121,60.70752],[5.11582,60.635986],[5.244043,60.56958],[5.447363,60.617334],[5.589355,60.694287],[5.64834,60.687988],[5.546484,60.624561],[5.168164,60.484814],[5.137109,60.445605],[5.183594,60.308398],[5.28584,60.205713],[5.417383,60.154102],[5.573828,60.158496],[5.657617,60.154102],[5.688574,60.123193],[5.494531,60.070312],[5.376465,60.067236],[5.26543,60.086475],[5.205664,60.087939],[5.174414,60.045703],[5.219531,59.97876],[5.187109,59.90708],[5.119238,59.833691],[5.104883,59.731689],[5.110742,59.667822],[5.145801,59.638818],[5.186035,59.642285],[5.234473,59.691797],[5.263867,59.709766],[5.353418,59.760107],[5.494531,59.825586],[5.557031,59.907764],[5.698828,60.01001],[5.800879,60.026221],[5.876563,60.07002],[5.904395,60.150635],[5.967383,60.205566],[6.101758,60.290137],[6.15332,60.34624],[6.346973,60.419092],[6.806348,60.500781],[6.995703,60.511963],[6.949707,60.478223],[6.787109,60.454102],[6.719922,60.418164],[6.660938,60.367236],[6.526855,60.15293],[6.526367,60.213623],[6.573633,60.360596],[6.518066,60.407568],[6.34873,60.352979],[6.140527,60.233496],[6.105176,60.165137],[6.111816,60.13208],[6.069922,60.083496],[5.996484,60.031494],[5.783594,59.912793],[5.730469,59.863086],[5.763477,59.80791],[5.833984,59.794678],[5.966699,59.813184],[6.059277,59.815576],[6.211914,59.831787],[6.216602,59.818359],[5.991016,59.744678],[5.867285,59.733984],[5.772168,59.660938],[5.579492,59.686621],[5.529688,59.713086],[5.472461,59.713086],[5.403516,59.655762],[5.304883,59.642578],[5.242188,59.564307],[5.185059,59.453662],[5.131641,59.226465],[5.173242,59.162549],[5.362305,59.166357],[5.467578,59.203809],[5.564063,59.291211],[5.657324,59.310254],[5.717969,59.329834],[5.845215,59.353467],[6.017383,59.414453],[6.158594,59.489648],[6.278516,59.534521],[6.403906,59.560986],[6.415332,59.547119],[6.305664,59.505566],[6.198926,59.438086],[6.050684,59.368164],[5.951855,59.299072],[5.937305,59.233984],[5.968555,59.186133],[5.94873,59.135449],[5.88916,59.097949],[5.88916,59.060498],[6.016992,58.987695],[6.099414,58.951953],[6.321094,59.016455],[6.363281,59.000928],[6.21416,58.944678],[6.137305,58.874658],[6.099023,58.870264],[5.854297,58.959473],[5.612207,59.012891],[5.555566,58.975195],[5.522461,58.822656],[5.517285,58.726514],[5.585938,58.62041],[5.706836,58.523633],[5.976562,58.432324],[6.054688,58.375146],[6.389063,58.267969],[6.491504,58.259424],[6.617578,58.266406],[6.659863,58.262744],[6.676758,58.233789],[6.69248,58.224023],[6.605762,58.176367],[6.555078,58.123437],[6.590527,58.097314],[6.731445,58.068311],[6.766797,58.081543],[6.771094,58.132227],[6.802832,58.154541],[6.877051,58.150732],[6.912305,58.142871],[6.895313,58.120752],[6.890234,58.102295],[6.903418,58.070508],[7.004883,58.024219],[7.194141,58.047656],[7.465918,58.020947],[7.875586,58.07998],[8.037402,58.147266],[8.166113,58.145313],[8.312207,58.224463],[8.521387,58.300586],[8.928418,58.569971],[9.178125,58.675],[9.19375,58.711865],[9.238672,58.739014],[9.322949,58.747559],[9.395801,58.805664],[9.309961,58.856836],[9.551074,58.933008],[9.618457,58.946045],[9.656934,58.971191],[9.696094,59.009717],[9.627148,59.06792],[9.557227,59.112695],[9.635156,59.117773],[9.800195,59.027051],[9.842578,58.958496],[9.95957,58.968213],[10.083105,59.028809],[10.179395,59.009277],[10.205176,59.038672],[10.243164,59.062061],[10.431348,59.279639],[10.45459,59.37749],[10.446387,59.443604],[10.407129,59.455664],[10.398145,59.519336],[10.49375,59.541504],[10.569531,59.587109],[10.533887,59.695801],[10.595313,59.764551],[10.604492,59.680029],[10.634375,59.60249],[10.631055,59.428174],[10.644922,59.389209],[10.742578,59.295996],[10.834473,59.183936],[10.94502,59.17085],[10.998926,59.164453],[11.09082,59.141797],[11.132129,59.143213],[11.365918,59.104541],[11.386426,59.065723],[11.388281,59.036523],[11.295313,59.086865],[11.195801,59.078271],[11.166895,59.045557],[11.147168,58.988623],[11.169141,58.922705],[11.20791,58.866406],[11.223828,58.679932],[11.271582,58.475635],[11.252051,58.424072],[11.248242,58.369141],[11.32998,58.380322],[11.431543,58.33999],[11.449316,58.118359],[11.549023,58.001221],[11.703223,57.973193],[11.729102,57.764453],[11.734961,57.717676],[11.878711,57.679443],[11.885059,57.612695],[11.916992,57.521924],[11.961523,57.426074],[12.053223,57.446973],[12.151855,57.226953],[12.421484,56.906396],[12.572656,56.823291],[12.717578,56.662842],[12.793164,56.64917],[12.883691,56.617725],[12.919531,56.515576],[12.857422,56.452393],[12.773145,56.455762],[12.656445,56.440576],[12.691113,56.384424],[12.742188,56.346875],[12.80166,56.263916],[12.752832,56.242139],[12.706348,56.23501],[12.507031,56.292969],[12.471191,56.290527],[12.520996,56.245557],[12.592578,56.137598],[12.83457,55.881836],[12.941992,55.806055],[12.973926,55.748145],[12.978027,55.693799],[12.963379,55.612598],[12.93877,55.533203],[12.940625,55.481592],[12.88584,55.411377],[13.321387,55.346387],[13.806348,55.428564],[14.07998,55.392187],[14.17373,55.396631],[14.341699,55.527734],[14.276465,55.636377],[14.20293,55.72915],[14.215039,55.832617],[14.261914,55.887549],[14.401953,55.976758],[14.473242,56.014355],[14.558594,56.048633],[14.655566,56.019922],[14.754785,56.033154],[14.713965,56.134131],[14.782031,56.161914],[15.051172,56.172217],[15.326563,56.15083],[15.509668,56.183008],[15.626563,56.185596],[15.722266,56.164209],[15.82666,56.124951],[15.920313,56.167383],[15.99668,56.222607],[16.150684,56.50083],[16.216504,56.58999],[16.34873,56.709277],[16.407813,56.808691],[16.45752,56.926807],[16.52793,57.068164],[16.507324,57.141699],[16.479492,57.187695],[16.475977,57.265137],[16.630859,57.430176],[16.652246,57.500684],[16.604199,57.568311],[16.583789,57.641748],[16.58623,57.760937],[16.555371,57.812256],[16.596973,57.912891],[16.694922,57.917529],[16.700098,58.160791],[16.769922,58.214258],[16.716602,58.302881],[16.651953,58.434326],[16.824316,58.459619],[16.923828,58.492578],[16.788477,58.585254],[16.683008,58.599658],[16.478027,58.612891],[16.39082,58.601855],[16.318066,58.62832],[16.214258,58.63667],[16.31582,58.663623],[16.639355,58.651172],[16.978125,58.65415],[17.102832,58.71084],[17.347656,58.780518],[17.456738,58.858398],[17.669629,58.916211],[17.76543,58.965039],[17.829004,58.95459],[17.974609,59.002637],[18.098145,59.062305],[18.285352,59.109375],[18.321973,59.132227],[18.373047,59.179736],[18.414258,59.290332],[18.498633,59.291943],[18.617578,59.327051],[18.560254,59.394482],[18.508887,59.407959],[18.45918,59.396729],[18.395801,59.368604],[18.336035,59.375342],[18.270508,59.367139],[18.210547,59.331445],[18.132617,59.316211],[17.979785,59.329053],[17.964258,59.359375],[18.163574,59.430371],[18.216895,59.420508],[18.276465,59.437646],[18.338086,59.476855],[18.402441,59.490381],[18.578125,59.565771],[18.639941,59.600928],[18.71875,59.657373],[18.895605,59.732959],[18.970508,59.757227],[18.99043,59.827783],[18.933203,59.942285],[18.884277,59.980176],[18.852734,60.025879],[18.787012,60.079492],[18.601172,60.119238],[18.535449,60.152881],[18.55752,60.253564],[18.4,60.337109],[18.250488,60.361523],[18.1625,60.40791],[18.011328,60.511426],[17.955762,60.589795],[17.871582,60.580078],[17.742188,60.539307],[17.661133,60.535156],[17.630762,60.585254],[17.593066,60.627686],[17.555469,60.642725],[17.457031,60.641797],[17.359863,60.64082],[17.250977,60.700781],[17.26123,60.763184],[17.278906,60.812158],[17.20293,60.951855],[17.212891,60.98584],[17.185742,61.146533],[17.179785,61.249268],[17.163867,61.278271],[17.199609,61.311963],[17.17793,61.357617],[17.137988,61.381689],[17.164258,61.458301],[17.146582,61.504639],[17.130762,61.575732],[17.215625,61.656348],[17.196387,61.724561],[17.33457,61.691699],[17.46543,61.684473],[17.417285,61.740674],[17.398242,61.78208],[17.374512,61.866309],[17.412012,61.966113],[17.446582,62.022656],[17.510156,62.166309],[17.562891,62.212305],[17.633691,62.233008],[17.535254,62.263672],[17.429004,62.334717],[17.37334,62.426514],[17.378418,62.462793],[17.410254,62.508398],[17.508984,62.48252],[17.570605,62.451025],[17.646387,62.450879],[17.717773,62.500879],[17.834473,62.502734],[17.94707,62.578467],[18.037305,62.600537],[18.006543,62.62627],[17.930469,62.640625],[17.903027,62.659473],[17.940723,62.679883],[17.974414,62.721045],[17.93291,62.786133],[17.895605,62.830518],[17.87959,62.873193],[17.906641,62.886768],[17.951074,62.833887],[18.093555,62.836035],[18.07793,62.811963],[18.074414,62.790674],[18.17002,62.789355],[18.214941,62.812207],[18.248047,62.849072],[18.463086,62.89585],[18.482617,62.92832],[18.486914,62.958594],[18.502051,62.988867],[18.312891,62.996387],[18.344238,63.032129],[18.407715,63.0375],[18.530664,63.063525],[18.577637,63.126416],[18.606445,63.178271],[18.667188,63.176563],[18.75957,63.198242],[18.819434,63.197266],[18.858984,63.206592],[18.850195,63.224121],[18.792285,63.238135],[18.816699,63.257471],[19.034375,63.237744],[19.236328,63.347363],[19.288086,63.42876],[19.354297,63.47749],[19.494629,63.424365],[19.490918,63.460205],[19.502344,63.509033],[19.590039,63.487256],[19.655762,63.458008],[19.72207,63.46333],[19.781641,63.538184],[19.913672,63.610547],[20.204688,63.662451],[20.371387,63.7229],[20.453711,63.77373],[20.677637,63.82627],[20.762695,63.867822],[21.018457,64.177979],[21.255762,64.29917],[21.465039,64.37959],[21.494336,64.416113],[21.519629,64.463086],[21.393848,64.544336],[21.331543,64.629346],[21.279297,64.724707],[21.20498,64.774316],[21.138184,64.808691],[21.195898,64.876904],[21.29375,64.94126],[21.424902,65.012695],[21.573926,65.125781],[21.580664,65.160791],[21.545996,65.206982],[21.506348,65.245361],[21.437793,65.282959],[21.410352,65.317432],[21.446875,65.32085],[21.566895,65.254541],[21.60918,65.261377],[21.612695,65.299121],[21.595996,65.316553],[21.545215,65.331152],[21.523438,65.358594],[21.532617,65.386572],[21.565527,65.408105],[21.680664,65.403369],[21.87959,65.424023],[21.913477,65.437109],[21.95,65.470361],[21.903125,65.50835],[21.920117,65.532373],[22.086719,65.530225],[22.147559,65.552881],[22.132812,65.570117],[22.096289,65.583789],[22.08623,65.610938],[22.254004,65.597559],[22.266602,65.621533],[22.275,65.725],[22.287598,65.750635],[22.335938,65.791162],[22.366309,65.842676],[22.400977,65.862109],[22.465137,65.852637],[22.538574,65.794336],[22.620313,65.806543],[22.746582,65.870947],[22.919336,65.786475],[23.102344,65.735352],[23.15459,65.749902],[23.221094,65.786133],[23.418359,65.804346],[23.59209,65.805322],[23.691406,65.828516],[23.890527,65.782227],[24.155469,65.805273],[24.2375,65.812354],[24.404297,65.780469],[24.532617,65.822021],[24.591602,65.85835],[24.628027,65.85918],[24.623242,65.831689],[24.581543,65.757129],[24.674902,65.670703],[24.764258,65.656396],[24.839355,65.660352],[25.241797,65.546289],[25.347852,65.479248],[25.30791,65.352734],[25.297852,65.243213],[25.255859,65.143262],[25.340234,65.098633],[25.362305,65.065137],[25.372656,65.009473],[25.271094,64.984277],[25.228027,64.951025],[25.280762,64.916406],[25.288184,64.860352],[25.214258,64.853467],[25.134277,64.875195],[24.942188,64.884033],[24.747559,64.8521],[24.657617,64.806299],[24.55791,64.801025],[24.530176,64.738672],[24.440625,64.680127],[24.27832,64.515283],[24.022266,64.385986],[23.924805,64.274121],[23.861426,64.258252],[23.65293,64.13418],[23.598926,64.040918],[23.493945,64.034473],[23.24873,63.896143],[23.133594,63.864941],[23.014453,63.821826],[22.75625,63.68335],[22.532324,63.647852],[22.527637,63.57998],[22.398047,63.491162],[22.318652,63.504395],[22.312598,63.472559],[22.345996,63.442383],[22.273242,63.454785],[22.243262,63.437939],[22.285547,63.377197],[22.316211,63.345654],[22.319727,63.310449],[22.120313,63.244141],[21.895703,63.210254],[21.800391,63.237695],[21.545117,63.204297],[21.549219,63.155518],[21.568652,63.113721],[21.650977,63.039307],[21.473535,63.033252],[21.45752,62.95],[21.195703,62.790527],[21.143848,62.73999],[21.118164,62.689258],[21.103613,62.622949],[21.142188,62.514795],[21.165625,62.414062],[21.323438,62.342578],[21.343359,62.277393],[21.353711,62.223828],[21.30166,62.112646],[21.255957,61.989648],[21.384863,61.914941],[21.470508,61.81167],[21.545605,61.702734],[21.551855,61.666846],[21.605957,61.591553],[21.598047,61.577881],[21.592383,61.568213],[21.522461,61.567139],[21.498242,61.551953],[21.52666,61.523291],[21.552344,61.509521],[21.565039,61.484326],[21.506641,61.484326],[21.501758,61.45498],[21.521191,61.41084],[21.513477,61.281201],[21.479102,61.170508],[21.450977,61.127148],[21.377734,61.059229],[21.360547,60.96748],[21.378906,60.850049],[21.404004,60.767432],[21.411914,60.696826],[21.410645,60.636963],[21.436035,60.596387],[21.527832,60.57041],[21.613281,60.530957],[21.727148,60.58291],[21.805273,60.594141],[21.854297,60.50542],[21.933984,60.500293],[22.25791,60.400928],[22.520508,60.376562],[22.560352,60.38501],[22.584961,60.380566],[22.575879,60.359082],[22.512305,60.281348],[22.516699,60.262744],[22.587988,60.255664],[22.589941,60.228369],[22.564258,60.205518],[22.512988,60.198926],[22.469727,60.201318],[22.442676,60.156885],[22.471094,60.146973],[22.438574,60.090283],[22.438574,60.072266],[22.462695,60.029199],[22.646191,60.028027],[22.697363,60.037598],[22.749805,60.057275],[22.793457,60.076807],[22.819141,60.101367],[22.844434,60.186621],[22.86709,60.21582],[22.911719,60.209717],[22.994141,60.098535],[23.080176,60.047266],[23.148438,60.041309],[23.198438,60.021826],[23.188477,59.972217],[23.115723,59.912695],[23.009766,59.868799],[22.963867,59.826367],[23.021289,59.816016],[23.181445,59.844922],[23.326758,59.925781],[23.463574,59.98623],[23.592676,59.968164],[23.721777,59.965674],[24.025195,60.00918],[24.342578,60.042334],[24.445605,60.021289],[24.517969,60.046289],[24.600488,60.114258],[24.84873,60.15835],[24.957617,60.157471],[25.155859,60.194092],[25.267871,60.24834],[25.455762,60.26123],[25.548242,60.30249],[25.656445,60.333203],[25.71543,60.267432],[25.758008,60.267529],[25.845801,60.3146],[25.945898,60.346777],[26.03584,60.341504],[26.040234,60.371582],[26.00625,60.425293],[25.955957,60.474219],[26.036035,60.474902],[26.204688,60.406592],[26.377734,60.424072],[26.456445,60.466797],[26.495801,60.551807],[26.569336,60.624561],[26.606445,60.62793],[26.601758,60.595605],[26.551172,60.545996],[26.519727,60.471582],[26.534668,60.412891],[26.607422,60.437695],[26.721484,60.455078],[26.951172,60.471484],[27.075586,60.525146],[27.205273,60.543457],[27.241895,60.538672],[27.462402,60.464844],[27.525098,60.490771],[27.669336,60.498975],[27.761621,60.532861],[27.797656,60.536133],[28.179297,60.570996],[28.512793,60.677295],[28.577832,60.652539],[28.650586,60.610986],[28.640332,60.542871],[28.622461,60.491602],[28.491602,60.540137],[28.522266,60.482959],[28.643164,60.375293],[28.812695,60.331543],[29.069141,60.191455],[29.37041,60.175928],[29.569336,60.201855],[29.721191,60.195312],[29.872266,60.12085],[29.976758,60.026367],[30.059961,60.002588],[30.172656,59.957129],[30.156836,59.904297],[30.122559,59.873584],[29.669727,59.955664],[29.147266,59.999756],[29.079102,59.960986],[29.013379,59.901562],[28.981543,59.854785],[28.947266,59.82876],[28.866895,59.811914],[28.747656,59.806689],[28.603906,59.818066],[28.518164,59.849561],[28.453906,59.814258],[28.42373,59.734082],[28.33457,59.692529],[28.2125,59.724658],[28.131152,59.786523],[28.058008,59.781543],[28.013965,59.724756],[28.046289,59.647168],[28.063965,59.554004],[28.0125,59.484277],[28.001855,59.469824],[27.892578,59.414209],[27.33584,59.450488],[26.974707,59.450635],[26.852051,59.471777],[26.625,59.553906],[26.46084,59.553906],[25.79375,59.634668],[25.615723,59.627539],[25.509277,59.639014],[25.507422,59.597998],[25.520898,59.559473],[25.44375,59.521143],[24.877539,59.52207],[24.583594,59.455664],[24.380371,59.472656],[24.175391,59.375928],[24.053613,59.372314],[24.083398,59.291895],[23.78252,59.275146],[23.640527,59.242334],[23.494434,59.195654],[23.516992,59.107568],[23.480176,59.069678],[23.467773,59.032178],[23.515039,58.999219],[23.489648,58.960498],[23.432031,58.920654],[23.497168,58.819531],[23.503613,58.789844],[23.533594,58.781934],[23.680762,58.787158],[23.647461,58.75415],[23.530664,58.71626],[23.509277,58.658545],[23.562793,58.57583],[23.691504,58.505615],[23.706055,58.433008],[23.767578,58.36084],[24.010938,58.306641],[24.114844,58.266113],[24.235645,58.289551],[24.287207,58.328027],[24.336914,58.381396],[24.392188,58.386084],[24.529102,58.354248],[24.549707,58.30459],[24.535742,58.283008],[24.4875,58.261621],[24.463867,58.105957],[24.332031,57.909766],[24.322559,57.870605],[24.301563,57.784131],[24.362988,57.645312],[24.403223,57.325],[24.382617,57.250049],[24.28125,57.172314],[24.054297,57.066113],[23.931152,57.008496],[23.647754,56.971045],[23.287305,57.089746],[23.136816,57.323828],[23.037793,57.39209],[22.648633,57.595361],[22.616992,57.651172],[22.55459,57.724268],[22.231445,57.666797],[21.942383,57.597852],[21.728711,57.570996],[21.45918,57.322461],[21.421484,57.23584],[21.405078,57.131006],[21.350781,57.017676],[21.257422,56.932764],[21.071289,56.82373],[21.031445,56.636572],[21.014941,56.258936],[21.046094,56.070068],[21.053809,56.022949],[21.061914,55.813428],[21.171094,55.617725],[21.237891,55.455029],[21.201074,55.343799],[21.236328,55.271191],[21.222852,55.107764],[21.188867,54.935205],[20.995898,54.902686],[20.8875,54.909473],[20.774023,54.947021],[20.677734,54.955664],[20.594824,54.982373],[20.859375,55.183643],[21.031738,55.350488],[21.103906,55.487744],[21.115723,55.568164],[21.114844,55.616504],[21.087891,55.583105],[21.057617,55.476807],[21.014063,55.401953],[20.899805,55.28667],[20.845703,55.232031],[20.678906,55.102637],[20.520313,54.994873],[20.39668,54.95127],[20.107617,54.956494],[19.974512,54.921191],[19.953223,54.830469],[19.944141,54.75],[19.858887,54.633838],[19.758496,54.544824],[19.604395,54.45918],[19.560156,54.434619],[19.407129,54.386084],[18.97627,54.348926],[18.836426,54.36958],[18.669629,54.430908],[18.587109,54.512891],[18.43623,54.744727],[18.501563,54.741504],[18.67832,54.665283],[18.799609,54.63335],[18.759277,54.68457],[18.535156,54.769434],[18.323438,54.838184],[18.085645,54.83584],[17.842969,54.816699],[17.261914,54.729541],[17.007031,54.651855],[16.885449,54.596387],[16.559766,54.553809],[16.375586,54.436865],[16.292285,54.361621],[16.239355,54.333057],[16.186328,54.290381],[16.042773,54.266357],[15.9,54.253955],[15.288379,54.139893],[14.715723,54.018311],[14.38418,53.924707],[14.249316,53.931934],[14.211426,53.950342],[14.038867,54.03457],[13.827734,54.127246],[13.82041,54.092822],[13.827148,54.05957],[13.872461,54.036279],[13.92168,53.996631],[13.902148,53.938965],[13.925781,53.879053],[14.04834,53.863086],[14.172168,53.874365],[14.350879,53.85874],[14.558398,53.823193],[14.564941,53.753516],[14.552148,53.707324],[14.571582,53.675879],[14.583496,53.639355],[14.487598,53.671875],[14.25,53.731885],[14.025,53.767432],[13.950391,53.801367],[13.865527,53.853369],[13.822266,54.019043],[13.724219,54.153223],[13.448047,54.140869],[13.147461,54.282715],[13.028613,54.411035],[12.898047,54.422656],[12.779102,54.445703],[12.575391,54.467383],[12.378516,54.347021],[12.296289,54.283789],[12.168652,54.225879],[12.111328,54.168311],[11.796289,54.145459],[11.700586,54.113525],[11.461133,53.964746],[11.399609,53.944629],[11.104297,54.00918],[10.917773,53.995312],[10.85459,54.009814],[10.810742,54.075146],[11.008594,54.181152],[11.064355,54.280518],[11.013379,54.37915],[10.955957,54.375684],[10.731543,54.31626],[10.360449,54.43833],[10.212402,54.408936],[10.170801,54.450195],[10.143457,54.488428],[9.868652,54.472461],[9.941309,54.514648],[10.028809,54.581299],[10.022168,54.673926],[9.953809,54.738281],[9.892285,54.780615],[9.745898,54.807178],[9.705273,54.92832],[9.732324,54.968018],[9.688184,55.000146],[9.64541,55.022803],[9.572363,55.040527],[9.453711,55.039551],[9.504785,55.11626],[9.643262,55.204736],[9.670996,55.266406],[9.640234,55.343652],[9.625586,55.413574],[9.591113,55.493213],[9.661426,55.557471],[9.773242,55.608154],[9.810352,55.650977],[9.899023,55.707568],[9.999023,55.735547],[10.023633,55.761426],[9.962012,55.813086],[9.903711,55.842822],[10.017383,55.876074],[10.107324,55.874463],[10.159375,55.853809],[10.183008,55.865186],[10.22666,56.005371],[10.31875,56.212891],[10.37373,56.251562],[10.426953,56.276172],[10.538965,56.200342],[10.621191,56.2021],[10.753418,56.241992],[10.856445,56.295508],[10.894434,56.359033],[10.926172,56.443262],[10.882812,56.492871],[10.845898,56.521729],[10.490234,56.520508],[10.383594,56.554834],[10.282715,56.620508],[10.29668,56.780908],[10.287012,56.822949],[10.296094,56.999121],[10.338477,57.021338],[10.436914,57.172266],[10.524121,57.243213],[10.517578,57.379346],[10.537109,57.448535],[10.444629,57.562207],[10.460254,57.614551],[10.480957,57.648682],[10.609961,57.736914],[10.533301,57.7354],[10.259082,57.617041],[9.962305,57.580957],[9.815137,57.478418],[9.554297,57.232471],[9.433594,57.174316],[9.298828,57.146533],[9.036328,57.15542],[8.952246,57.150586],[8.811523,57.110059],[8.618555,57.111279],[8.427051,56.984424],[8.284082,56.852344],[8.266309,56.815332],[8.268262,56.754004],[8.34668,56.712109],[8.468359,56.664551],[8.603125,56.7104],[8.771973,56.725293],[8.876074,56.887256],[8.992773,57.016113],[9.110449,57.043652],[9.254883,57.011719],[9.209668,56.808398],[9.196387,56.70166],[9.140332,56.750439],[9.06709,56.793848],[8.994531,56.774805],[8.888086,56.735059],[8.736133,56.627441],[8.718066,56.544287],[8.67168,56.495654],[8.607617,56.514502],[8.55293,56.560303],[8.473145,56.56543],[8.281445,56.616699],[8.231738,56.618066],[8.163965,56.606885],[8.129883,56.321191],[8.121484,56.139893],[8.202344,55.982373],[8.181348,55.901172],[8.132129,55.599805],[8.345313,55.510303],[8.615918,55.418213],[8.651074,55.328564],[8.669824,55.155664],[8.572949,55.134277],[8.638281,55.045557],[8.661426,54.985937],[8.682324,54.791846],[8.789648,54.695947],[8.880957,54.593945],[8.957227,54.53833],[8.951855,54.467578],[8.831152,54.427539],[8.648047,54.397656],[8.625781,54.353955],[8.644922,54.294971],[8.736035,54.295215],[8.780371,54.313037],[8.851562,54.299561],[8.906641,54.260791],[8.903516,54.000293],[8.92041,53.965332],[8.978125,53.926221],[9.069629,53.900928],[9.216406,53.891211],[9.312012,53.859131],[9.63125,53.600195],[9.783984,53.554639],[9.673145,53.565625],[9.585352,53.600488],[9.321973,53.813477],[9.205566,53.855957],[8.897754,53.835693],[8.618945,53.875],[8.575586,53.838477],[8.528418,53.781104],[8.50625,53.670752],[8.538477,53.556885],[8.495215,53.394238],[8.492676,53.514355],[8.451367,53.551709],[8.333887,53.606201],[8.301563,53.584131],[8.279004,53.511182],[8.245215,53.445312],[8.200781,53.432422],[8.108496,53.467676],[8.16709,53.543408],[8.009277,53.690723],[7.629199,53.697266],[7.285254,53.681348],[7.206445,53.654541],[7.107129,53.556982],[7.074316,53.477637],[7.05332,53.37583],[7.152051,53.326953],[7.197266,53.282275],[7.058008,53.300586],[6.968164,53.327295],[6.912402,53.375391],[6.816211,53.441162],[6.563574,53.434277],[6.353223,53.415283],[6.062207,53.40708],[5.873535,53.375195],[5.532031,53.268701],[5.445996,53.214062],[5.358398,53.096484],[5.06123,52.960645],[4.887988,52.90835],[4.839063,52.928271],[4.76875,52.941309],[4.712695,52.872119],[4.67832,52.809766],[4.562109,52.442578],[4.482813,52.30918],[4.37627,52.196826],[4.208789,52.058984],[4.131738,52.011914],[4.084863,51.994092],[4.026074,51.927734],[3.978906,51.847803],[3.946875,51.810547],[4.13457,51.6729],[4.158008,51.633447],[4.182617,51.610303],[4.004785,51.59585],[4.080469,51.551123],[4.175488,51.519287],[4.239355,51.503906],[4.274121,51.471631],[4.205762,51.456689],[4.141309,51.455762],[3.886035,51.574219],[3.743945,51.596045],[3.548633,51.589111],[3.499609,51.57666],[3.448926,51.540771],[3.520508,51.486182],[3.586914,51.453906],[3.693555,51.449902],[3.821875,51.409375],[4.006543,51.443213],[4.138867,51.401514],[4.226172,51.386475],[4.111523,51.360645],[4.011035,51.395947],[3.883398,51.354492],[3.716504,51.369141],[3.589453,51.399414],[3.425781,51.393506],[3.350098,51.377686],[3.225195,51.351611],[2.960156,51.26543],[2.524902,51.097119],[2.445703,51.066504],[1.9125,50.990625],[1.767676,50.935693],[1.672266,50.88501],[1.60957,50.819482],[1.579492,50.739258],[1.551563,50.293945],[1.592773,50.252197],[1.548438,50.230713],[1.514063,50.205078],[1.407227,50.088525],[1.245508,49.998242],[0.924121,49.910205],[0.616211,49.862939],[0.186719,49.703027],[0.126563,49.601562],[0.109375,49.55752],[0.129395,49.508447],[0.277637,49.463281],[0.439258,49.473193],[0.416895,49.448389],[0.136133,49.401514],[-0.011182,49.330225],[-0.163477,49.296777],[-0.520898,49.354541],[-0.765527,49.359717],[-0.959131,49.393164],[-1.138525,49.387891],[-1.194971,49.444824],[-1.232275,49.494873],[-1.264941,49.598242],[-1.258643,49.680176],[-1.365723,49.707275],[-1.588232,49.667676],[-1.705127,49.680957],[-1.856445,49.683789],[-1.875391,49.631396],[-1.870068,49.595117],[-1.813428,49.490137],[-1.690332,49.313184],[-1.583105,49.202393],[-1.565479,48.805518],[-1.480469,48.697607],[-1.376465,48.652588],[-1.437646,48.641406],[-1.824707,48.630518],[-1.851953,48.668848],[-1.905713,48.697119],[-1.973145,48.635107],[-2.003711,48.58208],[-2.079443,48.64502],[-2.446191,48.648291],[-2.692334,48.536816],[-2.792871,48.601074],[-3.003223,48.790674],[-3.231445,48.84082],[-3.471484,48.812939],[-3.545996,48.765674],[-3.714795,48.710498],[-3.855664,48.694727],[-4.058887,48.70752],[-4.531201,48.619971],[-4.720752,48.539893],[-4.7625,48.450244],[-4.748535,48.41001],[-4.719385,48.363135],[-4.584717,48.35752],[-4.524805,48.372314],[-4.393164,48.367627],[-4.364404,48.356738],[-4.301758,48.34707],[-4.241406,48.303662],[-4.40332,48.293066],[-4.4979,48.299268],[-4.530664,48.309717],[-4.577148,48.290039],[-4.544336,48.246973],[-4.512207,48.229736],[-4.434619,48.217969],[-4.329443,48.169971],[-4.377832,48.128809],[-4.512402,48.096729],[-4.629199,48.085791],[-4.678809,48.039502],[-4.427979,47.968945],[-4.375098,47.877441],[-4.312109,47.8229],[-4.226416,47.809619],[-4.070703,47.847852],[-3.900928,47.837549],[-3.507812,47.753125],[-3.443945,47.711035],[-3.395898,47.72041],[-3.328613,47.71333],[-3.264697,47.685107],[-3.221582,47.694141],[-3.158838,47.694678],[-3.064209,47.621338],[-2.964062,47.601074],[-2.859375,47.614453],[-2.787207,47.625537],[-2.733105,47.601807],[-2.796777,47.537256],[-2.770312,47.513867],[-2.665918,47.526172],[-2.554053,47.527051],[-2.482715,47.511621],[-2.427686,47.470898],[-2.476318,47.412939],[-2.530029,47.381592],[-2.503125,47.312061],[-2.434424,47.290967],[-2.353027,47.27876],[-1.975391,47.310693],[-1.742529,47.215967],[-1.821289,47.225342],[-1.921729,47.260645],[-2.027588,47.273584],[-2.108301,47.262939],[-2.148584,47.223926],[-2.19707,47.162939],[-2.143555,47.126318],[-2.081934,47.111621],[-2.018896,47.037646],[-2.090283,46.920508],[-2.09248,46.865039],[-2.059375,46.810303],[-1.921436,46.684814],[-1.786523,46.514844],[-1.39248,46.350098],[-1.312793,46.326904],[-1.238818,46.324512],[-1.146289,46.311377],[-1.132031,46.252686],[-1.136377,46.204834],[-1.104395,45.925342],[-1.066016,45.805664],[-1.041504,45.772656],[-1.031738,45.741064],[-1.114355,45.768506],[-1.209961,45.770898],[-1.195996,45.714453],[-1.169971,45.685937],[-0.880664,45.538184],[-0.790771,45.468018],[-0.733105,45.384619],[-0.641113,45.090186],[-0.582275,45.051367],[-0.548486,45.000586],[-0.633984,45.047119],[-0.691113,45.093457],[-0.76665,45.314355],[-0.826318,45.380664],[-0.941748,45.45708],[-1.081006,45.532422],[-1.149072,45.342627],[-1.189062,45.161475],[-1.245215,44.666699],[-1.220312,44.686621],[-1.200391,44.726465],[-1.152881,44.764014],[-1.076953,44.689844],[-1.170801,44.661816],[-1.245508,44.559863],[-1.345996,44.020215],[-1.484863,43.56377],[-1.631445,43.438037],[-1.794043,43.407324],[-1.828516,43.40083],[-1.991309,43.345068],[-2.19668,43.321924],[-2.337109,43.328027],[-2.60708,43.412744],[-2.875049,43.454443],[-2.947705,43.439697],[-3.045605,43.371582],[-3.417871,43.451709],[-3.523633,43.511035],[-3.604639,43.519482],[-3.774023,43.477881],[-3.889355,43.499414],[-4.015332,43.463086],[-4.312793,43.414746],[-4.523047,43.415723],[-5.105273,43.501855],[-5.315723,43.553174],[-5.66582,43.582471],[-5.84668,43.645068],[-6.080127,43.594922],[-6.224121,43.603857],[-6.475684,43.578906],[-6.617285,43.592383],[-6.900684,43.585645],[-7.060986,43.553955],[-7.261963,43.594629],[-7.399316,43.695801],[-7.503613,43.739941],[-7.59458,43.727344],[-7.698145,43.764551],[-7.852734,43.706982],[-8.004687,43.694385],[-8.137158,43.629053],[-8.256738,43.579883],[-8.288867,43.5396],[-8.252295,43.496924],[-8.248926,43.439404],[-8.355469,43.396826],[-8.421582,43.38584],[-8.537061,43.337061],[-8.665625,43.316602],[-8.873682,43.334424],[-9.024512,43.238965],[-9.095557,43.214209],[-9.178076,43.174023],[-9.235645,43.035791],[-9.235205,42.976904],[-9.179443,42.910986],[-9.127197,42.865234],[-9.041602,42.814014],[-8.927197,42.798584],[-8.937207,42.766699],[-9.035059,42.662354],[-9.033105,42.593848],[-8.987793,42.585645],[-8.811523,42.640332],[-8.799902,42.599902],[-8.809912,42.562354],[-8.812109,42.470068],[-8.776172,42.434814],[-8.730029,42.411719],[-8.769385,42.358154],[-8.809961,42.334473],[-8.81582,42.285254],[-8.729199,42.287012],[-8.690918,42.27417],[-8.772461,42.210596],[-8.887207,42.105273],[-8.87832,41.946875],[-8.852344,41.926904],[-8.777148,41.941064],[-8.878223,41.83208],[-8.887598,41.7646],[-8.846387,41.705176],[-8.75542,41.698389],[-8.81084,41.651953],[-8.805664,41.56001],[-8.738379,41.284668],[-8.674609,41.154492],[-8.659814,41.086279],[-8.655566,41.029492],[-8.673975,40.916504],[-8.684619,40.752539],[-8.731592,40.650928],[-8.772412,40.605664],[-8.872656,40.259082],[-8.886621,40.179443],[-8.851318,40.151807],[-8.837842,40.115674],[-9.004053,39.820557],[-9.148291,39.542578],[-9.251416,39.426025],[-9.319629,39.391113],[-9.374756,39.338281],[-9.357227,39.284277],[-9.352832,39.248145],[-9.414355,39.112109],[-9.431445,38.960449],[-9.474756,38.85293],[-9.479736,38.798779],[-9.474121,38.730859],[-9.410205,38.70752],[-9.356738,38.6979],[-9.252295,38.712793],[-9.135791,38.742773],[-9.091016,38.834668],[-8.954297,39.016064],[-8.86748,39.065967],[-8.791602,39.078174],[-8.938086,38.998096],[-9.000488,38.903027],[-8.977051,38.80293],[-9.021484,38.746875],[-9.093311,38.69668],[-9.177832,38.687793],[-9.250391,38.656738],[-9.203369,38.538965],[-9.213281,38.448096],[-9.186719,38.438184],[-9.095996,38.455225],[-8.914795,38.512109],[-8.861621,38.509961],[-8.798877,38.518164],[-8.733984,38.482422],[-8.668311,38.424316],[-8.881104,38.44668],[-8.810937,38.299756],[-8.802246,38.183838],[-8.878955,37.958691],[-8.822656,37.871875],[-8.791846,37.732812],[-8.818555,37.592432],[-8.81416,37.430811],[-8.92627,37.166064],[-8.997803,37.032275],[-8.935352,37.016016],[-8.848437,37.075684],[-8.739111,37.074609],[-8.597656,37.121338],[-8.484326,37.100049],[-8.136768,37.077051],[-7.939697,37.00542],[-7.834131,37.005713],[-7.493604,37.168311],[-7.406152,37.179443],[-7.174951,37.208789],[-6.974658,37.198437],[-6.929492,37.214941],[-6.86377,37.278906],[-6.859375,37.24917],[-6.884619,37.194238],[-6.492432,36.954639],[-6.396191,36.831641],[-6.320947,36.908496],[-6.216797,36.913574],[-6.259424,36.898975],[-6.32832,36.848145],[-6.412256,36.728857],[-6.384131,36.637012],[-6.268945,36.596729],[-6.257715,36.564844],[-6.265918,36.526514],[-6.22627,36.426465],[-6.170459,36.333789],[-6.040674,36.188428],[-5.960693,36.181738],[-5.808398,36.08833],[-5.625488,36.025928],[-5.55127,36.038818],[-5.4625,36.073779],[-5.443604,36.150586],[-5.407227,36.158887],[-5.381592,36.134082],[-5.360937,36.134912],[-5.329687,36.235742],[-5.230518,36.373633],[-5.171484,36.423779],[-4.935303,36.502051],[-4.674121,36.506445],[-4.502246,36.62915],[-4.434863,36.700244],[-4.366846,36.718115],[-3.827783,36.756055],[-3.578809,36.739844],[-3.43125,36.70791],[-3.259131,36.755762],[-3.14917,36.758496],[-2.901855,36.743164],[-2.787549,36.714746],[-2.670605,36.747559],[-2.595703,36.806494],[-2.452832,36.831152],[-2.305566,36.819824],[-2.187695,36.745459],[-2.111523,36.77666],[-1.939307,36.94585],[-1.797607,37.232861],[-1.640967,37.386963],[-1.327539,37.561133],[-0.938086,37.571338],[-0.822168,37.580762],[-0.771875,37.59624],[-0.721582,37.631055],[-0.823096,37.711621],[-0.814648,37.769922],[-0.752734,37.850244],[-0.741553,37.886133],[-0.683203,37.992041],[-0.646777,38.151855],[-0.550684,38.203125],[-0.520801,38.317285],[-0.38125,38.435645],[-0.052734,38.585693],[0.136328,38.696777],[0.201563,38.75918],[0.154883,38.824658],[-0.034131,38.891211],[-0.133789,38.969482],[-0.204932,39.062598],[-0.328955,39.41709],[-0.327002,39.519873],[-0.075146,39.875928],[0.043066,40.013965],[0.158398,40.106592],[0.363672,40.319043],[0.596094,40.614502],[0.627148,40.622217],[0.660059,40.61333],[0.720605,40.630469],[0.85918,40.68623],[0.891113,40.722363],[0.796094,40.803809],[0.714648,40.822852],[0.816895,40.891602],[1.03291,41.062061],[1.205859,41.097559],[1.566602,41.195605],[2.082617,41.287402],[2.145605,41.320752],[2.310938,41.466504],[3.004883,41.767432],[3.146875,41.861035],[3.248047,41.944238],[3.238086,42.082227],[3.224609,42.111133],[3.175195,42.135986],[3.150391,42.162451],[3.166406,42.256494],[3.218652,42.260352],[3.306738,42.288965],[3.287891,42.343701],[3.239844,42.367871],[3.211426,42.431152],[3.197852,42.461182],[3.090918,42.590869],[3.043066,42.837891],[3.051758,42.915137],[3.162891,43.080762],[3.258887,43.193213],[3.784766,43.461621],[3.861621,43.516357],[3.91084,43.563086],[4.052637,43.593066],[4.075098,43.581836],[4.113086,43.563037],[4.162793,43.503662],[4.224219,43.479639],[4.376172,43.456396],[4.409766,43.447217],[4.628711,43.387109],[4.712109,43.373291],[4.789062,43.378906],[4.787207,43.401416],[4.80791,43.405225],[4.843555,43.393945],[4.87373,43.411621],[4.911914,43.426953],[4.975977,43.426953],[5.059766,43.444531],[5.06084,43.406299],[5.073145,43.366602],[5.12041,43.348975],[5.199512,43.35249],[5.320215,43.344922],[5.406543,43.228516],[5.671582,43.177832],[5.809473,43.0979],[6.030566,43.100977],[6.115918,43.072363],[6.305371,43.138721],[6.494043,43.169287],[6.570215,43.199072],[6.657227,43.26167],[6.687402,43.33457],[6.716602,43.373584],[6.864746,43.43833],[7.181445,43.659131],[7.261523,43.696094],[7.493164,43.767139],[7.733301,43.802588],[8.00498,43.876758],[8.081641,43.918945],[8.292383,44.136523],[8.551953,44.346143],[8.76582,44.422314],[8.930371,44.407764],[9.195996,44.322998],[9.289355,44.319238],[9.730859,44.101172],[10.047656,44.019971],[10.188086,43.94751],[10.245801,43.8521],[10.320508,43.513086],[10.447559,43.371191],[10.520801,43.203809],[10.532324,43.140137],[10.517285,43.065137],[10.514844,42.967529],[10.590234,42.953613],[10.644629,42.957178],[10.708398,42.936328],[10.737109,42.899951],[10.765137,42.844678],[10.803125,42.804297],[10.937793,42.738721],[11.167773,42.535156],[11.184766,42.456592],[11.141797,42.444092],[11.103223,42.416602],[11.141211,42.389893],[11.188867,42.393115],[11.249707,42.415723],[11.296289,42.423291],[11.498438,42.362939],[11.637305,42.287549],[11.807031,42.082031],[12.075293,41.940869],[12.205664,41.812646],[12.630859,41.469678],[12.849219,41.40874],[13.024219,41.300928],[13.041016,41.266211],[13.088672,41.243848],[13.183398,41.277686],[13.246875,41.288867],[13.361914,41.278516],[13.554785,41.232178],[13.669727,41.254492],[13.733398,41.235645],[13.859766,41.12998],[14.047656,40.870312],[14.044336,40.812256],[14.075879,40.793945],[14.102344,40.827148],[14.147168,40.820703],[14.308887,40.812646],[14.428125,40.759326],[14.460547,40.728711],[14.339941,40.598828],[14.382715,40.599854],[14.459375,40.632715],[14.556934,40.626416],[14.61123,40.644775],[14.765723,40.668408],[14.839551,40.62998],[14.906934,40.556055],[14.947656,40.469336],[14.986133,40.37749],[14.929102,40.30957],[14.926953,40.264746],[14.950879,40.239014],[15.294531,40.07002],[15.390918,40.052148],[15.585156,40.052832],[15.692773,39.990186],[15.763672,39.870068],[15.854395,39.626514],[16.023633,39.353613],[16.071484,39.139453],[16.107422,39.023828],[16.209961,38.941113],[16.196777,38.759229],[16.065527,38.736426],[15.972363,38.712598],[15.926953,38.671729],[15.878906,38.613916],[15.904785,38.483496],[15.822363,38.302979],[15.700195,38.262305],[15.643066,38.175391],[15.645801,38.034229],[15.724512,37.939111],[16.056836,37.941846],[16.109766,38.018652],[16.144141,38.086377],[16.282422,38.249561],[16.545605,38.409082],[16.574219,38.493555],[16.558984,38.714795],[16.616699,38.800146],[16.755469,38.889697],[16.951465,38.939795],[17.098535,38.919336],[17.174609,38.998096],[17.122949,39.136572],[17.114551,39.380615],[16.999219,39.481592],[16.824316,39.57832],[16.597754,39.638916],[16.521875,39.747559],[16.52998,39.859668],[16.669629,40.137207],[16.807031,40.326465],[16.928223,40.458057],[17.03125,40.513477],[17.17998,40.502783],[17.215332,40.486426],[17.249414,40.437891],[17.257715,40.399072],[17.395801,40.340234],[17.476172,40.314941],[17.865039,40.280176],[18.07793,39.936963],[18.219336,39.852539],[18.34375,39.821387],[18.393457,39.903613],[18.422559,39.986865],[18.48584,40.104834],[18.460645,40.221045],[18.328223,40.37085],[18.036133,40.564941],[17.95498,40.655176],[17.474219,40.840576],[17.275195,40.975439],[17.103418,41.062158],[16.551855,41.232031],[16.012598,41.4354],[15.900488,41.512061],[15.91377,41.62085],[16.033691,41.700781],[16.15127,41.758496],[16.18916,41.814014],[16.164648,41.896191],[16.061523,41.928125],[15.964063,41.939453],[15.40498,41.913232],[15.16875,41.934033],[14.866113,42.052539],[14.540723,42.244287],[14.182715,42.506445],[14.010449,42.689551],[13.924902,42.851562],[13.804688,43.180371],[13.693262,43.389893],[13.56416,43.571289],[13.508203,43.61167],[13.295313,43.686084],[12.907031,43.921191],[12.691113,43.994727],[12.486816,44.134229],[12.396289,44.223877],[12.30498,44.429443],[12.24834,44.72251],[12.278906,44.832227],[12.319043,44.833105],[12.384473,44.79834],[12.463574,44.845215],[12.497949,44.899414],[12.523438,44.967969],[12.39248,45.039795],[12.286328,45.207715],[12.225684,45.241504],[12.248828,45.368848],[12.274316,45.446045],[12.353809,45.491992],[12.491797,45.546289],[12.536133,45.544922],[12.432129,45.46792],[12.497559,45.46167],[12.611719,45.497217],[12.76123,45.544287],[12.903027,45.610791],[13.030273,45.6375],[13.120117,45.6979],[13.156738,45.746582],[13.206348,45.771387],[13.465137,45.709961],[13.558203,45.770703],[13.62832,45.770947],[13.783301,45.627246],[13.719824,45.587598],[13.637305,45.535937],[13.57793,45.516895],[13.517188,45.481787],[13.60332,45.231396],[13.613477,45.163428],[13.629297,45.108203],[13.74248,44.991504],[13.860742,44.837402],[13.899805,44.829346],[13.96582,44.835645],[14.041992,44.927197],[14.090625,44.997607],[14.236328,45.159668],[14.268555,45.28252],[14.312695,45.337793],[14.386133,45.342139],[14.550488,45.297705],[14.632031,45.2229],[14.85459,45.081006],[14.906543,44.971387],[14.885254,44.818262],[14.895215,44.706592],[14.981348,44.60293],[15.269824,44.383496],[15.381348,44.328271],[15.470996,44.271973],[15.369727,44.289258],[15.284277,44.288818],[15.231348,44.271436],[15.184668,44.2729],[15.122949,44.256787],[15.18584,44.172119],[15.499414,43.908789],[15.655664,43.811279],[15.820605,43.735937],[15.941504,43.656641],[15.949121,43.606982],[15.942578,43.568945],[15.985547,43.519775],[16.045996,43.505518],[16.131055,43.506299],[16.268945,43.53125],[16.393945,43.543359],[16.600293,43.464062],[16.903125,43.392432],[17.129395,43.211133],[17.329883,43.114893],[17.537305,42.962256],[17.585156,42.938379],[17.667578,42.897119],[17.723633,42.850684],[17.219824,43.025879],[17.126465,43.025586],[17.04541,43.014893],[17.258203,42.968457],[17.584961,42.837158],[17.823828,42.797412],[18.160645,42.634033],[18.333008,42.527881],[18.51748,42.43291],[18.553516,42.428516],[18.591602,42.444189],[18.645898,42.442725],[18.633398,42.423145],[18.619043,42.398389],[18.63291,42.378076],[18.894238,42.249463],[19.122266,42.060498],[19.186426,41.948633],[19.342383,41.869092],[19.468262,41.856152],[19.577539,41.7875],[19.575684,41.64043],[19.545801,41.596826],[19.497363,41.562695],[19.440625,41.424756],[19.453418,41.320996],[19.480078,41.236377],[19.456055,41.106055],[19.46123,40.933301],[19.383887,40.790723],[19.3375,40.663818],[19.344629,40.62207],[19.439258,40.470264],[19.45918,40.405371],[19.440527,40.375684],[19.394531,40.393701],[19.358594,40.40874],[19.322266,40.40708],[19.360156,40.347705],[19.398145,40.284863],[19.48457,40.209961],[19.851855,40.043555],[19.964844,39.872266],[19.995605,39.801025],[20.00127,39.709424],[20.099414,39.64126],[20.191406,39.545801],[20.300781,39.3271],[20.468262,39.255273],[20.57168,39.147705],[20.691309,39.06748],[20.713379,39.035156],[20.779688,39.008545],[20.922754,39.036768],[21.034082,39.02627],[21.068555,39.032275],[21.118359,39.02998],[21.144531,38.979199],[21.152344,38.92207],[21.111621,38.896289],[21.074219,38.885156],[20.893164,38.941113],[20.777344,38.927881],[20.768555,38.874414],[20.776855,38.80752],[20.873242,38.775732],[20.992188,38.654004],[21.059766,38.503271],[21.113184,38.384668],[21.182617,38.345557],[21.30332,38.373926],[21.329785,38.424365],[21.331055,38.487305],[21.355469,38.474805],[21.390137,38.407812],[21.472559,38.321387],[21.567676,38.333594],[21.650098,38.354004],[21.71709,38.355029],[21.804688,38.366943],[21.965332,38.412451],[22.226855,38.352832],[22.319922,38.356836],[22.385254,38.385547],[22.42168,38.438525],[22.583398,38.344922],[22.753906,38.289502],[22.783691,38.261719],[22.834375,38.234717],[22.93252,38.201953],[22.99541,38.215527],[23.034375,38.2021],[23.093555,38.196436],[23.148926,38.176074],[23.183496,38.133691],[23.152539,38.096387],[23.12207,38.07334],[22.954785,38.074609],[22.893164,38.050928],[22.916992,38.007471],[22.920313,37.958301],[22.846387,37.967578],[22.799609,37.981201],[22.711523,38.046924],[22.555859,38.113232],[22.24375,38.188721],[21.95332,38.321191],[21.824707,38.328125],[21.748438,38.274219],[21.658398,38.175098],[21.54873,38.1646],[21.451172,38.204736],[21.403711,38.19668],[21.308105,38.027441],[21.14502,37.919287],[21.124707,37.891602],[21.137988,37.85415],[21.205273,37.828857],[21.288477,37.774512],[21.329297,37.669336],[21.416211,37.639941],[21.571289,37.541016],[21.678906,37.387207],[21.69248,37.309277],[21.578809,37.200391],[21.58291,37.080957],[21.738086,36.863232],[21.892383,36.737305],[21.934277,36.803662],[21.940039,36.891797],[21.955566,36.990088],[22.011719,37.016504],[22.080469,37.028955],[22.133789,36.963916],[22.164746,36.902832],[22.231152,36.882568],[22.375977,36.701904],[22.38125,36.646191],[22.374805,36.513574],[22.427734,36.475781],[22.489453,36.446924],[22.489063,36.568164],[22.608398,36.779736],[22.717188,36.793945],[22.779883,36.786182],[22.832324,36.687109],[22.98291,36.528369],[23.060547,36.486963],[23.106836,36.451855],[23.160156,36.448096],[23.111719,36.547607],[23.041016,36.644531],[23.073535,36.774951],[23.060352,36.853516],[22.99502,37.015869],[22.851074,37.29082],[22.765039,37.393311],[22.725391,37.542139],[22.775,37.585107],[22.851074,37.532227],[22.940527,37.51709],[23.015137,37.481787],[23.096484,37.440576],[23.1,37.36377],[23.161523,37.333838],[23.203027,37.348535],[23.252539,37.377295],[23.489258,37.440186],[23.490625,37.463867],[23.458105,37.496924],[23.408789,37.541553],[23.396191,37.579785],[23.347559,37.597559],[23.262695,37.59541],[23.197559,37.620215],[23.147168,37.71626],[23.147168,37.795312],[23.086133,37.853125],[23.036328,37.878369],[23.047461,37.902637],[23.087402,37.912842],[23.193652,37.959033],[23.420215,37.99209],[23.501758,38.034863],[23.537207,38.032764],[23.580469,38.010547],[23.732813,37.884082],[23.877344,37.777783],[23.971582,37.676758],[24.019727,37.677734],[24.055371,37.709619],[24.062305,37.774512],[24.061328,37.81792],[24.033008,37.955322],[24.024512,38.139795],[24.005371,38.226807],[23.966992,38.275],[23.836035,38.325488],[23.683984,38.352441],[23.569629,38.489404],[23.368945,38.525537],[23.25293,38.66123],[23.137695,38.667969],[23.020313,38.741895],[22.774023,38.800391],[22.6875,38.84917],[22.634277,38.850684],[22.569141,38.86748],[22.596777,38.890576],[22.676855,38.898926],[22.802637,38.901611],[22.930469,38.947705],[23.066699,39.037939],[22.965527,39.030908],[22.938965,39.111523],[22.886035,39.169971],[22.838965,39.258594],[22.921387,39.306348],[22.992871,39.331055],[23.161719,39.257764],[23.16875,39.210449],[23.119434,39.132764],[23.154688,39.101465],[23.218359,39.104395],[23.327734,39.174902],[23.288477,39.288818],[23.233398,39.358447],[23.103418,39.492041],[22.978809,39.563818],[22.919043,39.628906],[22.835742,39.800586],[22.592188,40.036914],[22.569336,40.119336],[22.605469,40.276416],[22.642676,40.366602],[22.624902,40.428613],[22.629492,40.495557],[22.741895,40.536475],[22.811426,40.578613],[22.922266,40.590869],[22.892871,40.524268],[22.851367,40.490625],[22.896484,40.399902],[23.098145,40.304297],[23.312012,40.216455],[23.328223,40.089941],[23.395605,39.989844],[23.627344,39.924072],[23.65752,39.934473],[23.674121,39.958887],[23.46709,40.073926],[23.433203,40.11543],[23.386426,40.221973],[23.42627,40.263965],[23.664551,40.223828],[23.835352,40.022266],[23.94707,39.965576],[23.981836,39.994043],[24.000781,40.024609],[23.96748,40.114551],[23.917578,40.155225],[23.823438,40.205127],[23.720508,40.286279],[23.72793,40.329736],[23.823438,40.368018],[23.913184,40.358789],[24.056055,40.303564],[24.158789,40.280029],[24.232422,40.215186],[24.343359,40.147705],[24.29248,40.241797],[24.212793,40.327783],[24.030566,40.409326],[23.932031,40.405762],[23.866797,40.418555],[23.831934,40.481543],[23.878906,40.544385],[23.778711,40.627979],[23.743262,40.677002],[23.762793,40.747803],[23.946094,40.74834],[24.082324,40.724072],[24.234375,40.786133],[24.383789,40.912744],[24.477051,40.947754],[24.556543,40.935596],[24.678711,40.869482],[24.792969,40.85752],[25.004688,40.967529],[25.104492,40.994727],[25.250098,40.932812],[25.325293,40.943115],[25.496777,40.887793],[25.855664,40.844092],[26.010742,40.769141],[26.038965,40.726758],[26.067773,40.683398],[26.105469,40.611328],[26.224219,40.618066],[26.360938,40.606348],[26.578125,40.624658],[26.79209,40.626611],[26.720313,40.544238],[26.447461,40.44502],[26.355273,40.390234],[26.253809,40.314697],[26.252344,40.248145],[26.260156,40.202393],[26.225977,40.141699],[26.202734,40.075391],[26.271777,40.096582],[26.32998,40.123389],[26.467969,40.261475],[26.77207,40.498047],[26.974609,40.564014],[27.258008,40.687354],[27.430176,40.839941],[27.499414,40.973145],[27.747363,41.013281],[27.925195,40.990576],[28.085547,41.061328],[28.172168,41.080713],[28.294922,41.071484],[28.780371,40.97417],[28.95625,41.008203],[28.995996,41.061133],[29.032129,41.140479],[29.057227,41.229736],[28.946777,41.248389],[28.346387,41.466357],[28.197852,41.554492],[28.050293,41.72915],[27.987305,41.854883],[28.014453,41.969043],[27.982715,42.047412],[27.821387,42.208008],[27.708203,42.349951],[27.639551,42.400977],[27.484766,42.468066],[27.753711,42.706543],[27.818359,42.71665],[27.888867,42.749707],[27.896484,43.020703],[27.928906,43.186133],[27.979297,43.230518],[28.035156,43.268262],[28.133691,43.395605],[28.319629,43.426855],[28.46543,43.389307],[28.561816,43.501318],[28.585352,43.742236],[28.590723,43.797412],[28.658594,43.983838],[28.64541,44.295654],[28.699219,44.374219],[28.851758,44.506104],[28.888184,44.574756],[28.807031,44.565039],[28.813574,44.60249],[28.846484,44.636865],[28.849023,44.716309],[28.87041,44.749951],[28.926172,44.81001],[28.891504,44.918652],[28.930566,44.96582],[28.980664,44.99292],[29.095313,44.975049],[29.047754,44.925684],[29.069141,44.871143],[29.081055,44.798828],[29.048242,44.757568],[29.55752,44.843408],[29.605469,44.915479],[29.635352,44.979639],[29.678613,45.15166],[29.689063,45.193213],[29.705859,45.259912],[29.726953,45.343311],[29.670313,45.540674],[29.601172,45.6],[29.60166,45.68252],[29.628418,45.722461],[29.685059,45.754687],[29.821191,45.73208],[29.90166,45.752393],[30.006641,45.797949],[30.18418,45.849951],[30.219043,45.866748],[30.492969,46.090137],[30.511523,46.105371],[30.656738,46.266504],[30.672266,46.304004],[30.72168,46.366211],[30.772852,46.473047],[30.796289,46.552002],[31.136816,46.624463],[31.320312,46.6125],[31.40293,46.628809],[31.496875,46.738379],[31.563379,46.777295],[31.532129,46.664746],[31.657031,46.642432],[31.77959,46.631641],[31.872852,46.649756],[31.90166,46.721631],[31.912695,46.926123],[31.865918,47.003271],[31.836914,47.087012],[31.75918,47.212842],[31.838184,47.157227],[31.864746,47.095117],[31.939551,46.981982],[31.964063,46.854834],[31.944922,46.784375],[31.974316,46.708789],[32.044336,46.64248],[32.127246,46.597217],[32.354102,46.564844],[32.578027,46.615625],[32.552539,46.591992],[32.418945,46.517773],[32.361328,46.474951],[32.131445,46.509375],[31.87793,46.52168],[31.716016,46.55498],[31.554883,46.554297],[31.623633,46.510254],[31.713672,46.471777],[31.855762,46.462451],[32.008496,46.42998],[32.013086,46.387158],[31.991699,46.364404],[31.915918,46.348682],[31.842871,46.346143],[31.77998,46.324658],[31.83125,46.281689],[31.925195,46.287256],[32.035742,46.260986],[32.329883,46.130371],[32.476758,46.083691],[32.796875,46.131494],[32.941797,46.123779],[33.202246,46.175732],[33.263477,46.125684],[33.429883,46.057617],[33.498828,46.078857],[33.594141,46.09624],[33.636719,46.032861],[33.664844,45.94707],[33.466211,45.837939],[33.280078,45.765234],[33.142285,45.749219],[32.828027,45.593018],[32.508008,45.403809],[32.551855,45.350391],[32.611328,45.328076],[32.772656,45.358984],[32.918652,45.348145],[33.186914,45.194775],[33.261523,45.170752],[33.39248,45.187842],[33.555176,45.097656],[33.601172,44.981494],[33.612207,44.907812],[33.530078,44.680518],[33.491309,44.618604],[33.462695,44.596826],[33.450684,44.553662],[33.655859,44.433203],[33.755664,44.398926],[33.909961,44.387598],[34.074414,44.423828],[34.281738,44.538428],[34.469922,44.72168],[34.716895,44.807129],[34.887793,44.823584],[35.087695,44.802637],[35.154785,44.896338],[35.357813,44.978418],[35.472559,45.098486],[35.569531,45.119336],[35.677539,45.102002],[35.759473,45.07085],[35.803613,45.0396],[35.870117,45.005322],[36.054785,45.030811],[36.229883,45.025977],[36.393359,45.065381],[36.428418,45.153271],[36.450781,45.232324],[36.514258,45.30376],[36.575,45.393555],[36.427051,45.433252],[36.290332,45.456738],[36.170508,45.453076],[36.077148,45.424121],[36.012891,45.37168],[35.833496,45.401611],[35.750977,45.389355],[35.558008,45.310889],[35.45752,45.316309],[35.373926,45.353613],[35.260156,45.446924],[35.022852,45.700977],[34.906641,45.878809],[34.857324,45.987354],[34.84375,46.073584],[34.849609,46.189893],[34.969531,46.24209],[35.064063,46.267236],[35.230371,46.440625],[35.291992,46.370703],[35.290918,46.314404],[35.280176,46.279492],[35.217773,46.232178],[35.014551,46.106006],[35.055273,46.104004],[35.132324,46.125879],[35.204395,46.169189],[35.256641,46.203906],[35.400195,46.381396],[35.827148,46.624316],[36.024902,46.666797],[36.194629,46.645508],[36.279492,46.658594],[36.432031,46.732568],[36.558789,46.762695],[36.688672,46.764111],[36.794824,46.714404],[36.932031,46.825146],[37.047559,46.876221],[37.218555,46.917334],[37.339844,46.916895],[37.543359,47.074561],[37.828711,47.09585],[38.17832,47.080225],[38.214355,47.091455],[38.484766,47.175537],[38.577246,47.239111],[38.761914,47.261621],[38.736035,47.23584],[38.644336,47.212207],[38.552441,47.150342],[38.668164,47.143945],[38.92832,47.175684],[39.02373,47.272217],[39.195703,47.268848],[39.244531,47.199512],[39.293457,47.105762],[39.289062,47.070898],[39.270703,47.044141],[39.126758,47.023438],[38.801074,46.906152],[38.630762,46.873047],[38.438672,46.813086],[38.487988,46.732178],[38.500977,46.663672],[38.343457,46.67832],[38.22998,46.70127],[38.159473,46.690674],[37.967969,46.618018],[37.867383,46.633789],[37.766504,46.636133],[37.80957,46.53208],[37.913867,46.406494],[37.977539,46.382861],[38.077734,46.394336],[38.315234,46.241943],[38.492285,46.090527],[38.400391,46.080029],[38.311816,46.095361],[38.183594,46.094824],[38.132812,46.002832],[38.07959,45.934814],[38.069727,45.969873],[38.073828,46.01709],[38.014258,46.047754],[37.933105,46.001709],[37.840918,45.799561],[37.669238,45.654053],[37.612402,45.564697],[37.609961,45.499512],[37.634375,45.486328],[37.671875,45.488379],[37.672949,45.429736],[37.647168,45.377197],[37.264258,45.310937],[37.213574,45.272314],[37.103516,45.302881],[36.977832,45.383594],[36.865918,45.427051],[36.79375,45.409717],[36.72041,45.371875],[36.761621,45.34834],[36.811035,45.340039],[36.941211,45.289697],[36.873047,45.251758],[36.619141,45.185498],[36.627637,45.151318],[36.650781,45.126465],[36.944434,45.06958],[37.204785,44.971973],[37.284082,44.905029],[37.352344,44.788379],[37.411328,44.735352],[37.495117,44.695264],[37.572461,44.67085],[37.704883,44.661377],[37.851465,44.698828],[38.18125,44.419678],[38.311816,44.374463],[38.63584,44.318018],[38.717285,44.288086],[39.329395,43.897266],[39.516699,43.727881],[39.873633,43.472803],[39.97832,43.419824],[40.190625,43.312402],[40.462109,43.145703],[40.524023,43.121045],[40.836621,43.063477],[41.061621,42.930859],[41.128711,42.828125],[41.419434,42.737646],[41.48877,42.659326],[41.577734,42.397852],[41.663281,42.146875],[41.762988,41.97002],[41.760742,41.884863],[41.758789,41.817139],[41.701758,41.70542],[41.510059,41.51748],[41.414355,41.423633],[41.083594,41.261182],[40.959473,41.211621],[40.819531,41.190234],[40.6875,41.107422],[40.265234,40.961328],[40.128418,40.943018],[40.000195,40.977148],[39.911133,40.966455],[39.80791,40.98252],[39.426367,41.106445],[38.852148,41.017676],[38.556934,40.936523],[38.381055,40.924512],[37.910059,41.001904],[37.765625,41.078906],[37.430957,41.114111],[37.066211,41.184424],[36.991992,41.275391],[36.777734,41.363477],[36.64707,41.352539],[36.587109,41.32666],[36.509668,41.2625],[36.405371,41.274609],[36.278418,41.336133],[36.179199,41.426562],[36.051758,41.682568],[35.978125,41.704834],[35.919824,41.713721],[35.558008,41.634033],[35.297754,41.728516],[35.20918,41.794385],[35.12207,41.891113],[35.114063,41.956982],[35.141016,41.989502],[35.154883,42.027539],[35.006445,42.063281],[34.750488,41.956836],[34.192969,41.963672],[33.381348,42.017578],[33.284766,42.00459],[32.94668,41.891748],[32.542188,41.806396],[32.306445,41.72959],[32.086426,41.589209],[31.458008,41.32002],[31.34668,41.15791],[31.254883,41.107617],[30.810059,41.084863],[30.344922,41.196924],[29.919336,41.15083],[29.322266,41.227734],[29.148145,41.221045],[29.094336,41.177246],[29.067383,41.10166],[29.045508,41.007568],[29.082227,40.963428],[29.113867,40.937842],[29.259766,40.847314],[29.364746,40.809277],[29.800586,40.760156],[29.849219,40.760107],[29.844922,40.738086],[29.507617,40.708398],[29.054102,40.649121],[28.958008,40.630566],[28.787891,40.534033],[28.841211,40.503467],[28.894629,40.482422],[28.974023,40.467383],[29.055176,40.42417],[29.007129,40.389746],[28.738867,40.390869],[28.630273,40.376465],[28.289062,40.403027],[27.962598,40.369873],[27.928906,40.38042],[27.964355,40.435303],[27.994824,40.466602],[27.989551,40.489453],[27.874902,40.512939],[27.769141,40.509619],[27.731836,40.481494],[27.848535,40.381738],[27.789355,40.350879],[27.728027,40.328809],[27.475586,40.319922],[27.332617,40.375928],[27.31416,40.414893],[27.28457,40.455615],[27.12168,40.452344],[27.012109,40.396338],[26.738086,40.400244],[26.475391,40.197266],[26.313379,40.025],[26.181348,39.990088],[26.149805,39.872852],[26.154688,39.656641],[26.101367,39.568945],[26.095996,39.520801],[26.113086,39.467383],[26.350781,39.484082],[26.484082,39.520703],[26.827051,39.562891],[26.899219,39.549658],[26.910938,39.517334],[26.813281,39.419043],[26.710742,39.339648],[26.681836,39.292236],[26.719336,39.260645],[26.853613,39.115625],[26.849316,39.056738],[26.808301,39.013916],[26.814941,38.960986],[26.866211,38.922949],[26.920313,38.934229],[26.970117,38.919043],[27.013672,38.886865],[26.90918,38.775781],[26.790137,38.736084],[26.763672,38.709619],[26.787695,38.660205],[26.795313,38.626416],[26.837793,38.557568],[26.906836,38.481738],[26.97041,38.447852],[27.144238,38.451953],[27.098633,38.415723],[26.861426,38.372949],[26.769922,38.388184],[26.727344,38.418604],[26.696387,38.405371],[26.674219,38.335742],[26.641309,38.352441],[26.59502,38.418604],[26.610352,38.486914],[26.586523,38.557031],[26.513574,38.629492],[26.441309,38.641211],[26.377832,38.62417],[26.372266,38.561914],[26.429688,38.440625],[26.416406,38.367871],[26.343652,38.370068],[26.290723,38.277197],[26.33291,38.24248],[26.42793,38.214355],[26.524707,38.162256],[26.582422,38.149268],[26.621094,38.176367],[26.682813,38.19834],[26.807422,38.13833],[26.878613,38.054785],[26.943848,38.062891],[27.158691,37.986865],[27.232422,37.978662],[27.254785,37.882324],[27.224414,37.725439],[27.077832,37.687695],[27.067969,37.65791],[27.147949,37.603613],[27.203906,37.491406],[27.219238,37.38916],[27.289551,37.348682],[27.37627,37.340723],[27.400586,37.306738],[27.520117,37.249121],[27.535059,37.163867],[27.368164,37.122412],[27.300195,37.126855],[27.249707,37.07915],[27.262988,36.976562],[27.311035,36.981885],[27.348926,37.01958],[27.668359,37.007422],[28.133691,37.029492],[28.242383,37.029053],[28.224414,36.996387],[28.083008,36.920264],[28.005371,36.831982],[27.934473,36.809277],[27.630859,36.78667],[27.554688,36.758887],[27.466895,36.746338],[27.453906,36.712158],[27.54043,36.684229],[27.655859,36.674609],[27.803809,36.736475],[28.083984,36.751465],[28.01416,36.670215],[28.019434,36.634473],[28.111523,36.646387],[28.195605,36.686328],[28.303711,36.811963],[28.483594,36.803809],[28.717676,36.700879],[28.816895,36.675293],[28.895898,36.673584],[28.969629,36.715332],[29.038281,36.693457],[29.058105,36.638135],[29.065527,36.590088],[29.116113,36.520117],[29.143262,36.397217],[29.223633,36.324463],[29.34834,36.258838],[29.689063,36.156689],[29.789258,36.168066],[30.083203,36.249365],[30.231641,36.307324],[30.29541,36.287695],[30.387305,36.243262],[30.446094,36.269873],[30.483594,36.3104],[30.506055,36.451123],[30.558496,36.52583],[30.582031,36.797168],[30.644043,36.865674],[30.950293,36.848682],[31.240625,36.821729],[31.352539,36.801074],[31.77793,36.612793],[32.021973,36.535303],[32.130566,36.449121],[32.283789,36.267871],[32.377734,36.183643],[32.533789,36.100732],[32.794824,36.035889],[32.929492,36.095703],[33.099512,36.102979],[33.441797,36.152832],[33.522754,36.143994],[33.694727,36.181982],[33.954883,36.295215],[34.023438,36.340771],[34.299609,36.604199],[34.601367,36.784473],[34.703613,36.816797],[34.81123,36.799268],[34.943164,36.725684],[35.176172,36.634863],[35.393164,36.575195],[35.537402,36.597021],[35.625586,36.652783],[35.661133,36.724316],[35.734277,36.763965],[35.801563,36.778076],[35.90459,36.847607],[36.048926,36.910596],[36.135156,36.851611],[36.180078,36.807227],[36.188184,36.743066],[36.188477,36.658984],[36.031738,36.522705],[35.882812,36.406348],[35.810938,36.309863],[35.887109,36.159082],[35.956934,35.998145],[35.892676,35.916553],[35.839648,35.849219],[35.764453,35.571582],[35.902441,35.420703],[35.916016,35.350537],[35.918066,35.299512],[35.943066,35.223828],[35.889941,35.060303],[35.887891,34.948633],[35.899316,34.8521],[35.97627,34.629199],[35.97793,34.547412],[35.921387,34.493311],[35.804297,34.437402],[35.647852,34.248242],[35.611816,34.032178],[35.51084,33.879736],[35.335742,33.503467],[35.251367,33.392627],[35.203516,33.258984],[35.155078,33.16001],[35.108594,33.083691],[35.077051,32.967187],[35.005859,32.826611],[34.921875,32.614062],[34.803809,32.196338],[34.678418,31.895703],[34.483984,31.592285],[34.477344,31.584863],[34.387305,31.483789],[34.198145,31.322607],[34.17627,31.303906],[33.902539,31.180957],[33.666504,31.13042],[33.37793,31.130957],[33.194336,31.084521],[33.156738,31.126221],[33.129883,31.168164],[32.901563,31.110937],[32.854492,31.117725],[32.68457,31.074023],[32.60332,31.06875],[32.532813,31.100732],[32.323535,31.256055],[32.250586,31.294922],[32.216211,31.29375],[32.242773,31.246533],[32.281836,31.200879],[32.206543,31.119043],[32.101758,31.092822],[32.065625,31.152979],[32.008496,31.220508],[31.902051,31.240186],[31.771094,31.292578],[31.875879,31.413721],[31.892188,31.482471],[32.076074,31.344482],[32.136035,31.341064],[31.964258,31.5021],[31.888965,31.541406],[31.839258,31.526318],[31.606543,31.455762],[31.524414,31.458252],[31.193945,31.587598],[31.08291,31.60332],[31.051953,31.591553],[31.030859,31.507568],[31.001758,31.462793],[30.841406,31.439893],[30.700488,31.403857],[30.562988,31.416992],[30.88418,31.522363],[30.923535,31.566846],[30.570996,31.472998],[30.395117,31.457617],[30.34375,31.402734],[30.312305,31.357031],[30.262305,31.316846],[30.222656,31.258398],[30.127539,31.255664],[30.049414,31.26543],[29.929785,31.22749],[29.591602,31.011523],[29.428516,30.927441],[29.278906,30.866943],[29.159961,30.83457],[29.07207,30.830273],[28.972754,30.856738],[28.806934,30.942676],[28.514844,31.050439],[27.967578,31.097412],[27.82998,31.19502],[27.620117,31.191748],[27.540039,31.212695],[27.248047,31.377881],[26.768652,31.470361],[26.457324,31.512109],[25.893262,31.620898],[25.382227,31.512793],[25.225488,31.533789],[25.150488,31.65498],[25.115039,31.712305],[25.025,31.88335],[24.950684,31.953711],[24.878516,31.984277],[24.683887,32.015967],[24.479785,31.996533],[24.129688,32.009229],[24.038965,32.037012],[23.898438,32.127197],[23.797656,32.158691],[23.286328,32.213818],[23.10625,32.331445],[23.110449,32.397412],[23.129688,32.448145],[23.090625,32.61875],[22.916895,32.687158],[22.754102,32.740527],[22.523438,32.793945],[22.340625,32.879883],[22.187402,32.918262],[21.839453,32.908643],[21.721387,32.94248],[21.635938,32.937305],[21.424707,32.79917],[21.31875,32.777686],[21.062305,32.775537],[20.621094,32.580176],[20.370605,32.430762],[20.121484,32.21875],[20.030957,32.107861],[19.973438,31.999072],[19.926367,31.817529],[19.96123,31.556006],[20.02002,31.410645],[20.103809,31.300537],[20.141113,31.195508],[20.150977,31.078613],[20.111523,30.963721],[20.013184,30.800684],[19.713281,30.488379],[19.589844,30.41377],[19.291699,30.288086],[19.12373,30.266113],[18.936426,30.29043],[18.669824,30.415674],[18.19043,30.777295],[17.949316,30.851904],[17.830469,30.927588],[17.349219,31.081494],[16.781543,31.214746],[16.450977,31.227295],[16.123047,31.264453],[15.832227,31.360986],[15.705957,31.426416],[15.595801,31.531104],[15.496387,31.656787],[15.414062,31.834229],[15.363086,31.971191],[15.359082,32.159668],[15.266895,32.31167],[15.176563,32.391162],[14.513379,32.511084],[14.423828,32.550293],[14.237109,32.68125],[14.155664,32.709766],[13.835352,32.791797],[13.647754,32.798828],[13.536328,32.824268],[13.283496,32.914648],[13.138086,32.897363],[12.753516,32.801074],[12.427051,32.829102],[12.279883,32.858545],[11.813477,33.093701],[11.657129,33.118896],[11.50459,33.181934],[11.400586,33.224902],[11.338086,33.209473],[11.234277,33.233594],[11.202637,33.249219],[11.232129,33.271582],[11.269922,33.286328],[11.257422,33.308838],[11.150293,33.369238],[11.08457,33.562891],[10.958008,33.626318],[10.898438,33.533691],[10.828125,33.518896],[10.722754,33.514404],[10.704297,33.609668],[10.713184,33.689014],[10.454297,33.6625],[10.305273,33.728271],[10.158984,33.850049],[10.049023,34.056299],[10.040039,34.140332],[10.064844,34.211621],[10.118359,34.280078],[10.200391,34.346045],[10.534863,34.544727],[10.690918,34.678467],[10.866211,34.884326],[10.955859,35.033643],[11.120117,35.240283],[11.043262,35.335107],[11.031543,35.453857],[11.000684,35.551611],[11.004297,35.633838],[10.783691,35.77207],[10.688965,35.799512],[10.59082,35.887256],[10.505762,36.032422],[10.476562,36.175146],[10.487988,36.254883],[10.525684,36.32334],[10.642383,36.419629],[10.798145,36.493115],[10.967188,36.743018],[11.056543,36.841455],[11.12666,36.874072],[11.077051,36.966699],[11.053906,37.07251],[10.951367,37.059277],[10.766211,36.930273],[10.571289,36.879443],[10.518164,36.791357],[10.412305,36.731836],[10.293262,36.781494],[10.334082,36.865381],[10.18877,37.033887],[10.196387,37.205859],[10.087402,37.25127],[9.988086,37.257764],[9.875586,37.25415],[9.879395,37.212842],[9.896387,37.181641],[9.830273,37.135352],[9.783984,37.211426],[9.815527,37.254639],[9.838477,37.308984],[9.758887,37.330273],[9.687988,37.340381],[9.141992,37.194629],[9.058887,37.155859],[8.823535,36.997607],[8.576563,36.937207],[8.127148,36.910352],[7.910449,36.856348],[7.791602,36.880273],[7.607715,36.999756],[7.432422,37.059277],[7.204297,37.092383],[7.238477,36.968506],[7.143457,36.943359],[6.927539,36.919434],[6.575879,37.003027],[6.486523,37.085742],[6.327832,37.046045],[6.249121,36.93833],[6.064746,36.864258],[5.725488,36.799609],[5.424609,36.675439],[5.29541,36.648242],[5.195605,36.676807],[4.99541,36.808057],[4.877832,36.862402],[4.758105,36.896338],[3.779004,36.896191],[3.520508,36.795117],[2.972852,36.784473],[2.846484,36.738867],[2.593359,36.600684],[2.342871,36.610303],[1.974512,36.567578],[1.257227,36.51958],[0.97168,36.443945],[0.79082,36.356543],[0.514941,36.261816],[0.312207,36.162354],[0.15166,36.063135],[0.047949,35.900537],[-0.048242,35.832812],[-0.18916,35.819092],[-0.350781,35.863184],[-0.426123,35.861523],[-0.91748,35.668408],[-1.087695,35.578857],[-1.205371,35.495752],[-1.33584,35.364258],[-1.48374,35.303076],[-1.673633,35.183105],[-1.913281,35.094238],[-2.017773,35.085059],[-2.219629,35.104199],[-2.42373,35.123486],[-2.636816,35.112695],[-2.731396,35.135205],[-2.839941,35.127832],[-2.869531,35.172656],[-2.925977,35.287109],[-2.953613,35.315137],[-2.957959,35.363086],[-2.972217,35.407275],[-3.063086,35.317236],[-3.206006,35.239111],[-3.394727,35.211816],[-3.590625,35.22832],[-3.693262,35.27998],[-3.787988,35.244922],[-3.982422,35.243408],[-4.32998,35.161475],[-4.62832,35.206396],[-4.837207,35.281299],[-5.105371,35.467773],[-5.252686,35.614746],[-5.337646,35.745215],[-5.337646,35.856543],[-5.277832,35.902734],[-5.397363,35.929883],[-5.522266,35.862012],[-5.622852,35.828906],[-5.747949,35.815967],[-5.924805,35.785791],[-5.957568,35.681152],[-6.353125,34.776074],[-6.755762,34.13291],[-6.900977,33.969043],[-7.144678,33.830322],[-7.562354,33.640283],[-8.301172,33.374365],[-8.512842,33.252441],[-8.596289,33.187158],[-8.83623,32.920459],[-9.24585,32.572461],[-9.249121,32.48584],[-9.286572,32.240576],[-9.347461,32.086377],[-9.674951,31.710986],[-9.808691,31.424609],[-9.83335,31.069629],[-9.832422,30.847266],[-9.875488,30.71792],[-9.853906,30.64458],[-9.773145,30.603125],[-9.65293,30.447559],[-9.623828,30.352637],[-9.66709,30.109277],[-9.743457,29.958203],[-9.852637,29.809229],[-10.010498,29.641406],[-10.200586,29.380371],[-10.486475,29.064941],[-10.673828,28.939209],[-11.080957,28.71377],[-11.299072,28.526074],[-11.430176,28.382031],[-11.552686,28.310107],[-11.986084,28.129297],[-12.468896,28.009424],[-12.793652,27.978418],[-12.948926,27.91416],[-13.040723,27.769824],[-13.175977,27.655713],[-13.256152,27.434619],[-13.409814,27.146631],[-13.495752,26.872656],[-13.575781,26.735107],[-13.695898,26.64292],[-13.9521,26.48877],[-14.168359,26.41543],[-14.312451,26.296729],[-14.413867,26.253711],[-14.470557,26.163037],[-14.522754,25.925244],[-14.602295,25.808545],[-14.707031,25.547705],[-14.794922,25.40415],[-14.84292,25.220117],[-14.856055,24.871582],[-14.904297,24.719775],[-15.038867,24.548828],[-15.188623,24.478809],[-15.586328,24.072754],[-15.777783,23.95293],[-15.899316,23.844434],[-15.952832,23.74082],[-15.980713,23.670312],[-15.912549,23.727588],[-15.855176,23.800342],[-15.80166,23.842236],[-15.789258,23.792871],[-15.805957,23.749512],[-15.942627,23.552637],[-15.996729,23.425488],[-16.113672,23.227539],[-16.210254,23.0979],[-16.169727,23.031934],[-16.201855,22.945361],[-16.304297,22.834814],[-16.35874,22.594531],[-16.514404,22.333496],[-16.683984,22.274365],[-16.793262,22.159717],[-16.930859,21.9],[-17.009619,21.3771],[-17.098779,20.856885],[-17.048047,20.806152],[-16.998242,21.039697],[-16.971143,21.076465],[-16.92793,21.114795],[-16.876074,21.086133],[-16.728369,20.806152],[-16.62251,20.63418],[-16.562695,20.60415],[-16.534912,20.654004],[-16.53042,20.709521],[-16.479199,20.689795],[-16.429785,20.652344],[-16.33374,20.415869],[-16.210449,20.22793],[-16.241162,20.14126],[-16.233203,20.000977],[-16.283398,19.787158],[-16.444873,19.473145],[-16.305273,19.512646],[-16.371289,19.410254],[-16.474805,19.390625],[-16.514453,19.361963],[-16.476172,19.285059],[-16.305908,19.153809],[-16.213086,19.00332],[-16.150098,18.718164],[-16.084961,18.521191],[-16.046729,18.223145],[-16.030322,17.887939],[-16.078906,17.54585],[-16.207471,17.192578],[-16.34668,16.926416],[-16.463623,16.601514],[-16.481299,16.454248],[-16.535742,16.286816],[-16.535254,15.838379],[-16.570752,15.734424],[-16.843408,15.293994],[-17.147168,14.922021],[-17.411816,14.792187],[-17.535645,14.755127]],[[46.707227,44.50332],[46.716113,44.560693],[46.755273,44.656543],[46.841211,44.718262],[46.957422,44.782568],[46.983691,44.825586],[47.00293,44.876074],[47.039258,44.837891],[47.083789,44.816992],[47.114746,44.905957],[47.161523,44.969629],[47.221484,45.024268],[47.296191,45.149463],[47.35127,45.217725],[47.391113,45.294775],[47.413086,45.421045],[47.454492,45.433057],[47.488672,45.455078],[47.514551,45.490918],[47.529492,45.530225],[47.524219,45.601709],[47.463281,45.679688],[47.479395,45.687598],[47.508398,45.67417],[47.574023,45.634277],[47.633301,45.584033],[47.649805,45.656738],[47.701074,45.686182],[47.763965,45.665967],[47.830176,45.663037],[48.052832,45.720996],[48.15918,45.737012],[48.257617,45.777783],[48.487012,45.934863],[48.537305,45.942139],[48.589063,45.934863],[48.637402,45.905762],[48.689648,45.888867],[48.72959,45.896826],[48.749609,45.920557],[48.703418,45.976221],[48.687305,46.02876],[48.683691,46.086182],[48.742578,46.100732],[48.809961,46.100488],[49.07959,46.189209],[49.110645,46.228467],[49.125488,46.281738],[49.245898,46.291602],[49.232227,46.337158],[49.205664,46.385693],[49.28584,46.436816],[49.362109,46.410205],[49.344238,46.485547],[49.347461,46.519141],[49.437207,46.537256],[49.584375,46.545215],[49.631543,46.567578],[49.760547,46.571484],[49.886328,46.595654],[49.999805,46.634277],[50.101562,46.696436],[50.30625,46.794922],[50.419336,46.879492],[50.472266,46.88291],[50.528418,46.873291],[50.58291,46.882275],[50.679883,46.938721],[50.732715,46.95166],[50.92002,47.040674],[51.178027,47.110156],[51.29082,47.097314],[51.615234,47.029932],[51.650098,47.018066],[51.744531,46.93374],[51.945117,46.894873],[52.011133,46.901904],[52.085547,46.8396],[52.138281,46.828613],[52.18877,46.839502],[52.340332,46.894775],[52.384863,46.922119],[52.420313,46.963672],[52.483203,46.990674],[52.677637,46.957129],[52.916016,46.954395],[53.03457,46.89292],[53.069434,46.856055],[53.1375,46.742041],[53.170215,46.669043],[53.132422,46.60835],[53.078516,46.547461],[53.063965,46.475293],[53.108984,46.414062],[53.135254,46.19165],[53.041602,45.967871],[52.8875,45.779541],[52.773828,45.572754],[52.8375,45.496729],[53.085742,45.407373],[53.200391,45.331982],[53.078906,45.30752],[52.910742,45.319727],[52.771973,45.343506],[52.531055,45.398633],[52.426758,45.404639],[52.04873,45.388379],[51.732617,45.399463],[51.539648,45.342871],[51.415723,45.357861],[51.333398,45.27959],[51.294043,45.229785],[51.249902,45.12168],[51.153711,45.040234],[51.040332,44.980322],[51.009375,44.921826],[51.020703,44.854004],[51.05791,44.811572],[51.218164,44.708984],[51.310254,44.61875],[51.366309,44.599854],[51.431055,44.601953],[51.49375,44.577539],[51.543555,44.531006],[51.37666,44.541211],[51.310742,44.532422],[51.177148,44.501367],[51.110742,44.507812],[51.048828,44.530469],[50.860352,44.62876],[50.652441,44.63335],[50.409473,44.624023],[50.297461,44.581543],[50.264551,44.526562],[50.25293,44.461523],[50.252539,44.406494],[50.275586,44.355127],[50.331152,44.325488],[50.471777,44.294775],[50.684961,44.265088],[50.782617,44.228027],[50.830762,44.192773],[50.939844,43.958545],[51.064844,43.750146],[51.139648,43.648779],[51.238965,43.576709],[51.274121,43.53291],[51.301758,43.482373],[51.313867,43.42085],[51.313379,43.355664],[51.292383,43.230713],[51.29541,43.174121],[51.347852,43.167383],[51.514063,43.170508],[51.616016,43.158447],[51.700391,43.104053],[51.785156,43.004346],[51.811035,42.954443],[51.844141,42.910449],[51.898242,42.869629],[51.960742,42.850586],[52.018555,42.860547],[52.075586,42.879785],[52.183691,42.86875],[52.273047,42.799805],[52.324414,42.816162],[52.434277,42.824463],[52.493945,42.820264],[52.55,42.805469],[52.596582,42.760156],[52.638477,42.555664],[52.618359,42.428223],[52.573242,42.330859],[52.517188,42.237158],[52.462109,42.100635],[52.458594,42.04834],[52.467578,41.885889],[52.493848,41.780371],[52.609375,41.529443],[52.747266,41.36543],[52.825586,41.230859],[52.850391,41.200293],[52.861816,41.210059],[52.830176,41.341895],[52.882227,41.613672],[52.883496,41.652539],[52.814844,41.711816],[52.905273,41.895752],[52.97002,41.976221],[53.108301,42.070068],[53.16416,42.093799],[53.284961,42.081836],[53.495898,42.120166],[53.624902,42.136377],[53.752344,42.129395],[53.804688,42.117627],[53.846484,42.091162],[53.953809,41.868457],[53.995215,41.772559],[54.039844,41.643359],[54.094824,41.519385],[54.181055,41.431592],[54.28457,41.363721],[54.592188,41.193555],[54.671484,41.122168],[54.703711,41.071143],[54.717969,41.012988],[54.723242,40.95127],[54.710059,40.891113],[54.685059,40.873047],[54.657031,40.85835],[54.54707,40.832275],[54.374414,40.871387],[54.319434,40.83457],[54.33623,40.764941],[54.377344,40.693262],[54.329883,40.68877],[54.283301,40.693701],[54.192969,40.72041],[54.088867,40.70708],[53.87002,40.648682],[53.76377,40.665674],[53.69375,40.746436],[53.615234,40.818506],[53.520313,40.831055],[53.423633,40.792773],[53.33291,40.782715],[53.191992,40.809473],[53.145215,40.824951],[53.05957,40.889746],[52.997656,40.959863],[52.943457,41.038086],[52.889258,40.863477],[52.849902,40.685645],[52.784766,40.546729],[52.733691,40.39873],[52.744434,40.219775],[52.804688,40.054004],[52.898242,39.9125],[52.964844,39.833887],[53.035547,39.774414],[52.952148,39.895459],[52.9875,39.987598],[53.138574,39.978662],[53.288574,39.958008],[53.404199,39.960352],[53.454297,39.940869],[53.487305,39.909375],[53.458301,39.831201],[53.450488,39.748535],[53.472266,39.668799],[53.533301,39.641748],[53.582422,39.607422],[53.603125,39.546973],[53.497363,39.533301],[53.389648,39.536426],[53.30498,39.55708],[53.235645,39.608545],[53.124805,39.43208],[53.124023,39.34668],[53.156641,39.26499],[53.20332,39.316797],[53.266797,39.342627],[53.336328,39.34082],[53.475,39.305713],[53.539453,39.274072],[53.617578,39.215967],[53.70459,39.20957],[53.709766,39.153418],[53.724121,39.103076],[53.814941,39.018018],[53.868652,38.949268],[53.885352,38.864062],[53.87373,38.741943],[53.851562,38.621777],[53.840039,38.514941],[53.851855,38.405908],[53.854102,38.285645],[53.825195,38.046924],[53.823535,37.92793],[53.847852,37.66958],[53.897852,37.413574],[53.91416,37.343555],[53.951953,37.181738],[54.017188,36.95249],[54.023828,36.901318],[54.016211,36.849658],[53.970117,36.818311],[53.90625,36.812695],[53.76875,36.818457],[53.679492,36.853125],[53.827441,36.881201],[53.91543,36.930322],[53.767676,36.930322],[53.374121,36.86875],[52.190137,36.621729],[51.762012,36.614502],[51.118555,36.742578],[50.927441,36.810205],[50.533203,37.013672],[50.337891,37.14917],[50.214063,37.3396],[50.17627,37.380518],[50.130469,37.407129],[49.980664,37.444873],[49.726953,37.480518],[49.470117,37.49668],[49.372461,37.519971],[49.171191,37.600586],[49.080957,37.667578],[49.015332,37.776074],[48.959961,37.890137],[48.925098,38.015137],[48.901367,38.143652],[48.870703,38.392529],[48.86875,38.435498],[48.850879,38.815332],[48.854492,38.838818],[48.926172,38.961768],[48.961719,39.07876],[49.013477,39.133984],[49.111328,39.084717],[49.108691,39.029053],[49.120996,39.003906],[49.165332,39.030273],[49.199805,39.072656],[49.269336,39.285156],[49.321191,39.328906],[49.362793,39.349561],[49.367383,39.398389],[49.327539,39.501221],[49.324414,39.60835],[49.415137,39.839844],[49.477344,40.087256],[49.551172,40.194141],[49.669043,40.249023],[49.791992,40.287891],[49.918848,40.316406],[50.143164,40.323242],[50.365918,40.279492],[50.306836,40.412207],[50.248047,40.461768],[50.18252,40.504785],[50.119141,40.534521],[49.990625,40.576807],[49.851758,40.577197],[49.775977,40.583984],[49.718359,40.608105],[49.556152,40.716309],[49.456738,40.799854],[49.226465,41.026221],[49.174707,41.116113],[49.143262,41.217773],[49.106641,41.301709],[49.050879,41.373975],[48.823926,41.62959],[48.664648,41.786621],[48.572852,41.844482],[48.476758,41.905127],[48.426367,41.923975],[48.383789,41.953418],[48.303027,42.080225],[48.228613,42.180957],[48.080176,42.353711],[47.822363,42.613477],[47.769727,42.644775],[47.727734,42.680713],[47.709082,42.810937],[47.634863,42.903467],[47.529004,42.967139],[47.488867,42.999756],[47.463184,43.035059],[47.512891,43.21875],[47.511621,43.270752],[47.489844,43.381689],[47.508984,43.509717],[47.567969,43.684961],[47.627832,43.805957],[47.646484,43.884619],[47.562598,43.834668],[47.462793,43.555029],[47.429199,43.779883],[47.361523,43.993359],[47.307031,44.103125],[47.229883,44.192383],[47.122656,44.26167],[47.023633,44.343262],[46.915723,44.387158],[46.753027,44.420654],[46.720898,44.45166],[46.707227,44.50332]]],[[[-17.324902,28.117676],[-17.273926,28.038281],[-17.225391,28.013525],[-17.184668,28.021973],[-17.101074,28.083447],[-17.10376,28.111133],[-17.129639,28.155957],[-17.214355,28.199268],[-17.258594,28.203174],[-17.290332,28.176318],[-17.324902,28.117676]]],[[[-17.241016,32.807373],[-17.226025,32.766846],[-17.171191,32.721875],[-17.018262,32.662793],[-16.837402,32.648291],[-16.765283,32.709717],[-16.693262,32.758008],[-16.773975,32.773535],[-16.929199,32.841406],[-17.054492,32.815869],[-17.190869,32.868604],[-17.241016,32.807373]]],[[[-16.905322,28.3396],[-16.866016,28.293262],[-16.794727,28.14917],[-16.658008,28.007178],[-16.542773,28.03208],[-16.49624,28.061914],[-16.418213,28.151416],[-16.334473,28.379932],[-16.119141,28.528271],[-16.123633,28.575977],[-16.318994,28.558203],[-16.517432,28.412695],[-16.556836,28.400488],[-16.752051,28.369824],[-16.843066,28.376123],[-16.905322,28.3396]]],[[[-16.477002,19.710352],[-16.465967,19.646387],[-16.437549,19.609277],[-16.37334,19.706445],[-16.343652,19.866211],[-16.393262,19.849268],[-16.420166,19.801953],[-16.477002,19.710352]]],[[[-16.236426,11.113428],[-16.231006,11.094238],[-16.194531,11.04458],[-16.114502,11.059424],[-16.072217,11.084082],[-16.052783,11.117529],[-16.067334,11.197217],[-16.087451,11.198779],[-16.104785,11.191016],[-16.144043,11.166846],[-16.175879,11.130811],[-16.194629,11.130127],[-16.236426,11.113428]]],[[[-16.152441,11.876807],[-16.147363,11.845996],[-16.102441,11.773193],[-16.03833,11.759717],[-15.986426,11.882031],[-16.021875,11.88667],[-16.152441,11.876807]]],[[[-16.023193,11.477148],[-15.997217,11.44917],[-15.94873,11.434424],[-15.901807,11.46582],[-15.915332,11.589111],[-15.964551,11.598291],[-16.019336,11.527295],[-16.023193,11.477148]]],[[[-15.963965,11.058984],[-15.905176,11.054736],[-15.895898,11.082471],[-15.905273,11.14834],[-15.909131,11.161328],[-15.937695,11.192773],[-15.946484,11.179736],[-15.963477,11.095312],[-15.950635,11.087109],[-15.963965,11.058984]]],[[[-15.809473,27.994482],[-15.807324,27.887549],[-15.710303,27.784082],[-15.655762,27.758398],[-15.559375,27.746973],[-15.436768,27.810693],[-15.38916,27.874707],[-15.383154,27.992822],[-15.406689,28.070508],[-15.400586,28.147363],[-15.415479,28.159326],[-15.432715,28.154248],[-15.452783,28.136914],[-15.682764,28.154053],[-15.720947,28.06416],[-15.809473,27.994482]]],[[[-15.779785,11.194531],[-15.76748,11.182275],[-15.725146,11.174512],[-15.725146,11.215479],[-15.687109,11.234326],[-15.667187,11.257861],[-15.65835,11.286475],[-15.671924,11.296484],[-15.71748,11.301758],[-15.754687,11.268701],[-15.779785,11.194531]]],[[[-15.619629,11.533496],[-15.562793,11.51377],[-15.553418,11.537012],[-15.526221,11.553857],[-15.484424,11.567529],[-15.482471,11.632324],[-15.536572,11.617627],[-15.619629,11.533496]]],[[[-14.491797,28.100928],[-14.468604,28.082373],[-14.332617,28.056006],[-14.196777,28.169287],[-13.928027,28.253467],[-13.862988,28.409326],[-13.827588,28.585156],[-13.827148,28.691211],[-13.857227,28.738037],[-13.886279,28.744678],[-13.95415,28.741455],[-14.003369,28.706689],[-14.028369,28.617432],[-14.152588,28.406641],[-14.231982,28.21582],[-14.355566,28.129687],[-14.491797,28.100928]]],[[[-14.414941,-7.94375],[-14.408691,-7.96748],[-14.398682,-7.975781],[-14.364355,-7.974316],[-14.316797,-7.956152],[-14.302539,-7.935449],[-14.328857,-7.912598],[-14.3604,-7.885938],[-14.383643,-7.882617],[-14.398584,-7.905762],[-14.414941,-7.94375]]],[[[-13.859912,28.869092],[-13.783984,28.845459],[-13.715967,28.91123],[-13.554688,28.960205],[-13.47793,29.006592],[-13.45376,29.151367],[-13.422949,29.19751],[-13.463574,29.237207],[-13.501416,29.21123],[-13.535059,29.144287],[-13.650098,29.118994],[-13.788184,29.056104],[-13.823633,29.01333],[-13.859912,28.869092]]],[[[-12.951611,7.57085],[-12.607178,7.474512],[-12.540625,7.410254],[-12.526074,7.436328],[-12.500635,7.535107],[-12.5125,7.582422],[-12.544189,7.607373],[-12.615234,7.637207],[-12.854395,7.622021],[-12.951611,7.57085]]],[[[-10.390234,52.134912],[-10.249512,52.125732],[-9.955811,52.13667],[-9.909668,52.122949],[-9.946045,52.079834],[-10.044043,52.04458],[-10.14585,52.02002],[-10.231592,51.974512],[-10.378711,51.86875],[-10.341064,51.798926],[-10.241748,51.812451],[-10.211719,51.783594],[-10.084229,51.770996],[-9.598828,51.874414],[-9.749512,51.824268],[-9.802881,51.780127],[-9.849707,51.766113],[-9.926416,51.730713],[-10.069434,51.655566],[-10.120752,51.600684],[-10.009912,51.611133],[-9.899023,51.64707],[-9.579834,51.689258],[-9.524902,51.681104],[-9.542383,51.664453],[-9.710352,51.603711],[-9.835352,51.48335],[-9.737305,51.47373],[-9.534863,51.522168],[-9.462891,51.529053],[-9.390576,51.519287],[-9.323877,51.497217],[-9.296484,51.498242],[-8.813428,51.584912],[-8.734473,51.636182],[-8.588281,51.651367],[-8.477832,51.707031],[-8.407812,51.712061],[-8.349121,51.739307],[-8.335596,51.792969],[-8.347363,51.847705],[-8.371631,51.87627],[-8.40918,51.88877],[-8.290234,51.890674],[-8.254297,51.87832],[-8.222461,51.854004],[-8.14502,51.813525],[-8.057812,51.825586],[-7.95249,51.865771],[-7.872168,51.935303],[-7.837988,51.947998],[-7.664551,51.979736],[-7.624902,51.993115],[-7.589844,52.018555],[-7.563184,52.061621],[-7.527295,52.098877],[-7.440869,52.122705],[-7.216211,52.144971],[-7.081787,52.139307],[-7.003271,52.165918],[-6.965771,52.249512],[-6.914648,52.168555],[-6.890234,52.159229],[-6.859717,52.178564],[-6.782227,52.210498],[-6.697314,52.213525],[-6.561084,52.188818],[-6.437939,52.202686],[-6.325,52.24668],[-6.463184,52.345361],[-6.399951,52.366943],[-6.34541,52.402002],[-6.217236,52.543115],[-6.199219,52.663477],[-6.169336,52.738135],[-6.130664,52.807275],[-6.071484,52.865625],[-6.027393,52.9271],[-6.04502,53.091162],[-6.072266,53.166309],[-6.134717,53.301221],[-6.15166,53.366406],[-6.129102,53.390869],[-6.13877,53.460303],[-6.130957,53.498926],[-6.141846,53.577539],[-6.194873,53.640869],[-6.229004,53.745703],[-6.270117,53.840234],[-6.321582,53.882178],[-6.347607,53.941309],[-6.345166,53.987207],[-6.307617,54.011035],[-6.230664,54.003613],[-6.156934,54.017236],[-6.175732,54.053516],[-6.218018,54.088721],[-6.119531,54.058887],[-6.019043,54.05127],[-5.937744,54.089062],[-5.876074,54.156055],[-5.854639,54.200977],[-5.826172,54.23584],[-5.708057,54.24585],[-5.606787,54.272559],[-5.557812,54.370996],[-5.631885,54.372656],[-5.655957,54.381738],[-5.646094,54.477881],[-5.671094,54.549756],[-5.615967,54.536719],[-5.568555,54.512598],[-5.525879,54.460205],[-5.483887,54.44165],[-5.47041,54.500195],[-5.490186,54.554053],[-5.52793,54.619629],[-5.58252,54.663428],[-5.738623,54.673047],[-5.803467,54.663037],[-5.878613,54.641309],[-5.879102,54.684375],[-5.765186,54.724658],[-5.710742,54.75708],[-5.716846,54.81748],[-5.869189,54.916211],[-5.985742,55.029688],[-6.035791,55.144531],[-6.12915,55.217383],[-6.234229,55.216846],[-6.375293,55.241797],[-6.475049,55.241016],[-6.698828,55.193457],[-6.824854,55.180664],[-6.888965,55.188916],[-6.947168,55.18252],[-7.030762,55.080615],[-7.100635,55.048291],[-7.178613,55.056885],[-7.218652,55.091992],[-7.172852,55.137012],[-7.056396,55.17832],[-6.96167,55.237891],[-7.060254,55.267627],[-7.155322,55.305176],[-7.24668,55.353027],[-7.308789,55.36582],[-7.365967,55.360205],[-7.301758,55.298779],[-7.458301,55.281787],[-7.517871,55.247949],[-7.531445,55.193848],[-7.501953,55.144727],[-7.483936,55.090283],[-7.478418,55.046973],[-7.584375,54.993994],[-7.65874,54.970947],[-7.589844,55.025049],[-7.634277,55.05498],[-7.585693,55.084229],[-7.556641,55.122217],[-7.57002,55.171387],[-7.613379,55.199658],[-7.629785,55.243994],[-7.66709,55.256494],[-7.762549,55.24834],[-7.750537,55.185791],[-7.803174,55.200049],[-7.958594,55.191895],[-8.006104,55.195312],[-8.137695,55.159912],[-8.274609,55.146289],[-8.304688,55.108203],[-8.325781,55.056445],[-8.393262,55.02041],[-8.411719,54.965088],[-8.377295,54.889453],[-8.470996,54.831543],[-8.527686,54.809473],[-8.538281,54.782959],[-8.650293,54.760889],[-8.715186,54.732031],[-8.763916,54.681201],[-8.456543,54.609277],[-8.133447,54.64082],[-8.192969,54.580127],[-8.230371,54.507275],[-8.286523,54.484863],[-8.415234,54.461084],[-8.470996,54.441943],[-8.554443,54.403564],[-8.623145,54.346875],[-8.568457,54.303613],[-8.545557,54.241211],[-8.588037,54.231104],[-8.746777,54.263477],[-9.002441,54.287988],[-9.034277,54.281787],[-9.1021,54.225537],[-9.145898,54.209619],[-9.315527,54.298633],[-9.562305,54.308545],[-9.717139,54.300439],[-9.824561,54.268896],[-9.935937,54.268115],[-9.995947,54.276025],[-10.056396,54.257812],[-10.089697,54.21582],[-10.092676,54.155762],[-9.9771,54.187109],[-9.943604,54.141602],[-9.934473,54.075244],[-9.856445,54.095361],[-9.848486,54.048291],[-9.856348,54.004297],[-9.89624,53.937598],[-9.914062,53.863721],[-9.74751,53.891016],[-9.578857,53.879834],[-9.590527,53.841162],[-9.578223,53.80542],[-9.745068,53.781494],[-9.901611,53.727197],[-9.912305,53.695117],[-9.909717,53.657617],[-9.855859,53.633105],[-9.720654,53.604492],[-9.878271,53.59043],[-10.001367,53.561426],[-10.061719,53.567822],[-10.116992,53.548535],[-10.10625,53.509326],[-10.054395,53.47832],[-10.093994,53.445605],[-10.09126,53.412842],[-10.003906,53.397021],[-9.899023,53.407275],[-9.79541,53.394971],[-9.875781,53.342725],[-9.825391,53.320361],[-9.774072,53.318848],[-9.700586,53.334473],[-9.625977,53.334473],[-9.601758,53.323047],[-9.581738,53.271973],[-9.555176,53.252051],[-9.514209,53.238232],[-9.470752,53.234863],[-9.140332,53.250488],[-9.033545,53.235742],[-8.930127,53.20708],[-8.997168,53.162061],[-9.027441,53.153174],[-9.061133,53.153076],[-9.137598,53.129248],[-9.241895,53.124854],[-9.299219,53.097559],[-9.461963,52.947266],[-9.415723,52.92876],[-9.393652,52.89624],[-9.464893,52.823193],[-9.51499,52.781152],[-9.7396,52.648193],[-9.916602,52.569727],[-9.764355,52.57998],[-9.619531,52.622754],[-9.591357,52.643652],[-9.561035,52.653955],[-9.463477,52.626904],[-9.394238,52.61709],[-9.175391,52.634912],[-9.0979,52.668262],[-8.990283,52.75542],[-8.923291,52.712305],[-8.783447,52.679639],[-9.056152,52.621143],[-9.33125,52.57876],[-9.586328,52.55918],[-9.632227,52.546924],[-9.761133,52.466357],[-9.838477,52.442676],[-9.906055,52.403711],[-9.853223,52.375488],[-9.841064,52.291455],[-9.772119,52.250098],[-9.937305,52.237646],[-9.993115,52.259326],[-10.061768,52.275928],[-10.13208,52.28208],[-10.210938,52.27168],[-10.356689,52.206934],[-10.382617,52.169092],[-10.390234,52.134912]]],[[[-10.26582,53.977734],[-10.062305,53.959766],[-10.026514,53.920313],[-9.952539,53.884619],[-9.948145,53.913379],[-9.956152,53.987354],[-9.996338,54.003369],[-10.139844,54.005273],[-10.181152,54.016992],[-10.26582,53.977734]]],[[[-7.542969,56.972363],[-7.537402,56.959717],[-7.504785,56.95166],[-7.416895,56.96543],[-7.398926,56.98335],[-7.406689,57.000293],[-7.455469,57.018945],[-7.522949,57.006787],[-7.542969,56.972363]]],[[[-7.515625,57.615869],[-7.514746,57.601953],[-7.320557,57.53374],[-7.182617,57.533301],[-7.092773,57.62666],[-7.205566,57.682959],[-7.271191,57.657471],[-7.324854,57.663135],[-7.391895,57.645215],[-7.440039,57.656396],[-7.470312,57.652539],[-7.499414,57.636328],[-7.515625,57.615869]]],[[[-7.422607,62.140283],[-7.379102,62.074805],[-7.254932,62.046143],[-7.179395,62.040039],[-7.116797,62.046826],[-7.065186,62.073242],[-7.097119,62.100537],[-7.186865,62.139307],[-7.235303,62.151221],[-7.336768,62.138672],[-7.422607,62.140283]]],[[[-7.422363,57.229346],[-7.415918,57.192139],[-7.381494,57.130664],[-7.347412,57.115137],[-7.292041,57.109766],[-7.249854,57.115332],[-7.247559,57.126367],[-7.267139,57.371777],[-7.296387,57.383691],[-7.410547,57.381104],[-7.407031,57.298486],[-7.422363,57.229346]]],[[[-7.172168,62.285596],[-7.013574,62.093994],[-6.809717,61.977441],[-6.725195,61.951465],[-6.714404,61.96416],[-6.722559,61.990381],[-6.809473,62.08042],[-6.837695,62.09541],[-6.840527,62.119287],[-6.823437,62.139111],[-6.768896,62.131494],[-6.696436,62.094336],[-6.655811,62.093604],[-6.631055,62.227881],[-6.803662,62.265967],[-6.958643,62.31626],[-7.172168,62.285596]]],[[[-7.095605,58.138281],[-7.088477,58.095361],[-7.076904,58.079004],[-7.038232,58.072314],[-7.016895,58.054785],[-6.985303,58.050488],[-7.051904,58.017969],[-7.05708,58.003174],[-7.002539,57.974902],[-6.86416,57.932861],[-6.856836,57.923535],[-6.944141,57.893652],[-6.955957,57.864893],[-7.083447,57.81377],[-7.013184,57.761768],[-6.983105,57.75],[-6.956934,57.750049],[-6.910352,57.773389],[-6.85376,57.826514],[-6.796582,57.827539],[-6.683301,57.911035],[-6.578125,57.941357],[-6.425195,58.021289],[-6.402441,58.041357],[-6.403369,58.075879],[-6.436523,58.091895],[-6.55459,58.092871],[-6.419287,58.140967],[-6.375586,58.18457],[-6.32583,58.188867],[-6.198682,58.363281],[-6.194238,58.435107],[-6.219434,58.488721],[-6.237451,58.502832],[-6.297168,58.486621],[-6.544189,58.383154],[-6.742285,58.321631],[-6.776465,58.301514],[-6.787744,58.283887],[-6.724707,58.197559],[-6.726465,58.189404],[-6.812305,58.196094],[-6.88623,58.182568],[-6.949561,58.217676],[-7.012061,58.228711],[-7.028418,58.222314],[-7.044922,58.201562],[-7.085254,58.182178],[-7.095605,58.138281]]],[[[-6.934863,61.634326],[-6.929248,61.60293],[-6.888135,61.534766],[-6.770508,61.452246],[-6.703027,61.417676],[-6.679688,61.414307],[-6.699463,61.444629],[-6.703516,61.495947],[-6.741064,61.536377],[-6.740625,61.570508],[-6.77002,61.584375],[-6.881641,61.602783],[-6.905908,61.630811],[-6.934863,61.634326]]],[[[-6.884766,61.899121],[-6.863965,61.862256],[-6.83916,61.840771],[-6.764258,61.815332],[-6.670166,61.768652],[-6.642773,61.768311],[-6.623193,61.805957],[-6.62583,61.826709],[-6.662109,61.861768],[-6.790771,61.895361],[-6.841797,61.903711],[-6.884766,61.899121]]],[[[-6.761133,57.442383],[-6.741309,57.412451],[-6.675439,57.362891],[-6.442432,57.32749],[-6.362402,57.2375],[-6.322705,57.20249],[-6.266113,57.184326],[-6.162744,57.182129],[-6.034375,57.201221],[-6.014746,57.051953],[-5.987305,57.044434],[-5.949072,57.045166],[-5.91377,57.062646],[-5.79541,57.146533],[-5.696191,57.198437],[-5.668652,57.226904],[-5.672461,57.252686],[-5.706006,57.268945],[-5.880273,57.263232],[-6.067627,57.283545],[-6.093408,57.301709],[-6.135547,57.314258],[-6.14082,57.353662],[-6.16377,57.408838],[-6.146143,57.460791],[-6.144727,57.50498],[-6.166064,57.585303],[-6.246924,57.651221],[-6.305957,57.671973],[-6.357666,57.666797],[-6.378516,57.60332],[-6.616797,57.562695],[-6.615283,57.552734],[-6.583496,57.520654],[-6.583008,57.507129],[-6.605859,57.490674],[-6.643457,57.482617],[-6.704199,57.495752],[-6.752734,57.458936],[-6.761133,57.442383]]],[[[-6.668555,56.593604],[-6.664453,56.579443],[-6.607617,56.58501],[-6.530078,56.626611],[-6.483691,56.665771],[-6.506055,56.672363],[-6.569922,56.66123],[-6.668555,56.593604]]],[[[-6.559473,62.224512],[-6.544141,62.205615],[-6.524707,62.197852],[-6.453857,62.186523],[-6.406055,62.258643],[-6.473047,62.291895],[-6.55459,62.355664],[-6.552051,62.278125],[-6.559473,62.224512]]],[[[-6.495654,55.711572],[-6.491357,55.697314],[-6.451953,55.704248],[-6.333887,55.774365],[-6.301758,55.780615],[-6.286426,55.77251],[-6.302051,55.728369],[-6.27002,55.670313],[-6.307227,55.619141],[-6.305078,55.606934],[-6.253174,55.607227],[-6.088379,55.65752],[-6.055322,55.695312],[-6.057617,55.72251],[-6.092822,55.802148],[-6.128906,55.930566],[-6.215674,55.90459],[-6.311279,55.856494],[-6.344141,55.87373],[-6.374951,55.871338],[-6.413184,55.854639],[-6.445264,55.832373],[-6.462842,55.808252],[-6.466455,55.768994],[-6.495654,55.711572]]],[[[-6.432617,57.01792],[-6.383398,56.970898],[-6.34624,56.954297],[-6.30874,56.951807],[-6.279053,56.964697],[-6.260547,56.985254],[-6.261279,57.009521],[-6.278223,57.031396],[-6.322363,57.050537],[-6.432617,57.01792]]],[[[-6.32583,56.320947],[-6.313428,56.293652],[-6.176172,56.288721],[-5.777881,56.344336],[-5.76084,56.490674],[-5.836035,56.522559],[-5.94668,56.534521],[-6.02959,56.609814],[-6.102734,56.645654],[-6.138281,56.649854],[-6.18208,56.642969],[-6.286328,56.611865],[-6.30625,56.598779],[-6.319678,56.569434],[-6.310645,56.552148],[-6.138867,56.490625],[-6.184863,56.356885],[-6.298486,56.33916],[-6.32583,56.320947]]],[[[-6.133691,56.706689],[-6.057715,56.692139],[-5.968896,56.689893],[-5.936768,56.605713],[-5.864844,56.561865],[-5.772803,56.541016],[-5.652441,56.531982],[-5.564209,56.565723],[-5.217578,56.751025],[-5.188379,56.758057],[-5.242578,56.686865],[-5.312695,56.618799],[-5.329443,56.555908],[-5.391943,56.514795],[-5.433398,56.422314],[-5.487891,56.350049],[-5.534961,56.25083],[-5.555273,56.134961],[-5.60957,56.055273],[-5.622852,55.813135],[-5.602393,55.796973],[-5.573877,55.791699],[-5.506934,55.807715],[-5.504492,55.802393],[-5.605029,55.720752],[-5.650635,55.674121],[-5.681348,55.623975],[-5.7521,55.443457],[-5.767871,55.394971],[-5.768213,55.362646],[-5.730664,55.334131],[-5.646533,55.326855],[-5.618457,55.331445],[-5.58877,55.351416],[-5.556445,55.3896],[-5.38584,55.770117],[-5.3729,55.827686],[-5.418311,55.952051],[-5.418896,55.975244],[-5.410449,55.995361],[-5.383447,56.019238],[-5.282324,56.089941],[-5.084326,56.197461],[-4.996973,56.23335],[-5.176416,56.116992],[-5.222949,56.06582],[-5.247314,56.000391],[-5.245605,55.929248],[-5.228223,55.886328],[-5.2146,55.888867],[-5.19585,55.928662],[-5.134668,55.933496],[-5.11499,55.944629],[-5.092822,55.987305],[-4.970361,56.007861],[-4.9271,56.028076],[-4.85625,56.114697],[-4.819141,56.150488],[-4.800293,56.15835],[-4.841016,56.080859],[-4.844092,56.051172],[-4.670947,55.967383],[-4.584082,55.938672],[-4.806836,55.940137],[-4.826074,55.929541],[-4.87168,55.873926],[-4.889648,55.781201],[-4.891846,55.699121],[-4.72417,55.598291],[-4.684375,55.553906],[-4.676758,55.501318],[-4.721143,55.420996],[-4.784814,55.359424],[-4.965186,55.149463],[-5.055859,54.988135],[-5.116699,55.012256],[-5.172705,54.985889],[-5.170117,54.91792],[-5.135498,54.85752],[-5.032324,54.761377],[-4.91123,54.689453],[-4.889502,54.772266],[-4.851709,54.825293],[-4.818066,54.846143],[-4.647559,54.789014],[-4.51748,54.75835],[-4.409912,54.787061],[-4.303662,54.835693],[-4.253418,54.846777],[-4.208398,54.837158],[-4.174023,54.801074],[-4.132959,54.779248],[-4.075781,54.787207],[-3.95791,54.780957],[-3.898584,54.805078],[-3.841602,54.842773],[-3.783252,54.869922],[-3.719238,54.876123],[-3.658301,54.892871],[-3.550439,54.947412],[-3.434082,54.96377],[-3.081055,54.961963],[-3.03623,54.953076],[-3.26792,54.906592],[-3.4646,54.773096],[-3.592041,54.564355],[-3.569385,54.467578],[-3.410254,54.305615],[-3.321533,54.229102],[-3.165967,54.12793],[-3.109668,54.126318],[-3.054736,54.153418],[-2.993506,54.170508],[-2.867578,54.177246],[-2.846484,54.135303],[-2.862402,54.043848],[-2.899854,53.960693],[-3.026758,53.905908],[-3.045361,53.843848],[-3.031787,53.773584],[-2.984326,53.746729],[-2.925098,53.732764],[-2.995703,53.662549],[-3.059473,53.58623],[-3.0646,53.512842],[-2.969971,53.389209],[-2.913086,53.350244],[-2.84541,53.331934],[-2.79375,53.330713],[-2.749512,53.310205],[-2.86416,53.292578],[-2.918555,53.305371],[-3.064746,53.426855],[-3.165576,53.394678],[-3.097559,53.260303],[-3.326172,53.347168],[-3.427734,53.340674],[-3.52959,53.310547],[-3.645898,53.2979],[-3.764209,53.307617],[-3.809277,53.302686],[-4.111035,53.218945],[-4.268555,53.144531],[-4.328418,53.105127],[-4.362207,53.056055],[-4.405078,53.013818],[-4.525684,52.958203],[-4.63833,52.891113],[-4.681445,52.844141],[-4.683057,52.806152],[-4.583691,52.814941],[-4.471826,52.862451],[-4.356445,52.897412],[-4.22915,52.912842],[-4.101465,52.915479],[-4.114746,52.866162],[-4.117529,52.82002],[-4.067432,52.760742],[-4.039258,52.704053],[-4.070703,52.658838],[-4.078906,52.607861],[-4.048437,52.557617],[-3.980322,52.541748],[-4.050537,52.475146],[-4.099756,52.393115],[-4.149365,52.32627],[-4.217725,52.277441],[-4.383154,52.197314],[-4.561133,52.150879],[-4.878516,52.041846],[-5.088086,51.995898],[-5.18335,51.949658],[-5.262305,51.880176],[-5.200586,51.861377],[-5.167236,51.808057],[-5.168359,51.740723],[-5.124756,51.705859],[-4.902295,51.62627],[-4.717627,51.683691],[-4.600781,51.737646],[-4.531494,51.748047],[-4.386279,51.741064],[-4.327637,51.700244],[-4.276172,51.68252],[-4.091016,51.659912],[-4.173682,51.627344],[-4.23457,51.569092],[-4.115283,51.566406],[-3.99834,51.582129],[-3.943652,51.59751],[-3.890771,51.59165],[-3.762695,51.539941],[-3.562354,51.413818],[-3.293115,51.39043],[-3.258789,51.398486],[-3.080371,51.495801],[-2.978516,51.538867],[-2.742139,51.581104],[-2.667676,51.622998],[-2.539355,51.695215],[-2.433057,51.740723],[-2.590283,51.608594],[-2.687207,51.537256],[-2.79082,51.474805],[-2.88125,51.405664],[-3.042041,51.248584],[-3.135986,51.205029],[-3.255762,51.194141],[-3.375098,51.196973],[-3.60791,51.228564],[-3.842334,51.230908],[-4.158398,51.201318],[-4.188184,51.188525],[-4.296484,51.027148],[-4.523096,50.977441],[-4.546094,50.900684],[-4.559961,50.820947],[-4.58291,50.776367],[-4.861279,50.582031],[-4.893555,50.533691],[-4.956396,50.523145],[-5.004443,50.495264],[-5.043457,50.451514],[-5.141797,50.37373],[-5.342285,50.246143],[-5.570654,50.196973],[-5.65625,50.131885],[-5.655176,50.077246],[-5.622119,50.050684],[-5.551221,50.083398],[-5.433984,50.104443],[-5.322852,50.082959],[-5.225244,50.021387],[-5.118506,50.03833],[-5.048633,50.134375],[-5.009521,50.160742],[-4.817383,50.255957],[-4.727979,50.290479],[-4.506689,50.341357],[-4.379492,50.358203],[-4.296973,50.359082],[-4.217285,50.378174],[-4.19458,50.393311],[-4.172559,50.39082],[-4.103418,50.348535],[-3.900195,50.285937],[-3.793359,50.229248],[-3.679785,50.239941],[-3.584375,50.321826],[-3.525879,50.428174],[-3.485449,50.547949],[-3.40459,50.632422],[-2.999414,50.716602],[-2.900879,50.722412],[-2.776953,50.705566],[-2.658838,50.669727],[-2.547754,50.616309],[-2.433447,50.599219],[-2.394678,50.630908],[-2.350146,50.637402],[-2.03584,50.603076],[-1.9979,50.608008],[-1.962061,50.627783],[-2.00625,50.673242],[-2.031055,50.725391],[-1.866016,50.715234],[-1.687891,50.735156],[-1.60083,50.732861],[-1.516748,50.747461],[-1.334473,50.820801],[-1.416455,50.896875],[-1.285059,50.857324],[-1.132861,50.84458],[-1.000586,50.815625],[-0.871387,50.772803],[-0.785254,50.76543],[-0.450781,50.810156],[-0.203906,50.814355],[0.205078,50.763037],[0.299707,50.775977],[0.414746,50.819189],[0.532324,50.853418],[0.684375,50.885547],[0.772363,50.933984],[0.960156,50.925879],[0.978613,50.97168],[1.044434,51.047266],[1.365527,51.155469],[1.397559,51.182031],[1.415625,51.31084],[1.414941,51.363281],[1.373438,51.374707],[1.257129,51.375098],[1.014941,51.359717],[0.889355,51.359521],[0.686523,51.386572],[0.645508,51.404687],[0.600293,51.467969],[0.52832,51.484473],[0.424512,51.465625],[0.507227,51.501074],[0.593457,51.519482],[0.697559,51.523047],[0.799219,51.537891],[0.890918,51.571436],[0.927441,51.646631],[0.898047,51.689404],[0.752246,51.72959],[0.955078,51.807812],[1.101172,51.785449],[1.188477,51.803369],[1.274414,51.845361],[1.273828,51.9021],[1.227832,51.949121],[1.232422,51.97124],[1.275977,51.973535],[1.316797,51.956934],[1.413477,51.994775],[1.558984,52.086865],[1.591406,52.119775],[1.614648,52.161816],[1.647363,52.278516],[1.700391,52.368896],[1.746582,52.468994],[1.743359,52.578516],[1.716113,52.677246],[1.656738,52.753711],[1.382129,52.893506],[1.271289,52.924561],[1.055566,52.958984],[0.948535,52.953369],[0.826758,52.971094],[0.704492,52.977246],[0.558789,52.966943],[0.515527,52.938379],[0.431641,52.858154],[0.381934,52.825195],[0.330176,52.811621],[0.279785,52.808691],[0.045898,52.905615],[0.124414,52.971582],[0.208203,53.030029],[0.298047,53.081104],[0.355762,53.159961],[0.270996,53.335498],[0.12832,53.468262],[-0.293701,53.692334],[-0.485059,53.694385],[-0.659912,53.724023],[-0.567676,53.725391],[-0.461377,53.716162],[-0.27002,53.736768],[-0.173828,53.685449],[-0.07373,53.643652],[-0.019434,53.637207],[0.036084,53.640527],[0.076709,53.629443],[0.115332,53.609277],[0.010547,53.742822],[-0.108252,53.865186],[-0.16875,53.94165],[-0.205566,54.021729],[-0.156299,54.080615],[-0.084375,54.118066],[-0.232861,54.190137],[-0.370361,54.279199],[-0.518115,54.395117],[-0.671387,54.503906],[-0.759326,54.541406],[-1.154395,54.654492],[-1.232422,54.703711],[-1.291748,54.773877],[-1.422656,55.026416],[-1.522559,55.259521],[-1.610156,55.498096],[-1.655371,55.570361],[-1.72876,55.618555],[-1.830273,55.671729],[-2.016846,55.807959],[-2.14707,55.902979],[-2.599316,56.027295],[-2.836865,56.02627],[-3.015088,55.958594],[-3.04873,55.951953],[-3.607812,56.016016],[-3.70415,56.043164],[-3.789062,56.095215],[-3.695117,56.06333],[-3.48042,56.032812],[-3.362256,56.027637],[-3.267773,56.045068],[-3.178223,56.080127],[-2.979785,56.194092],[-2.767578,56.202148],[-2.674268,56.253418],[-2.652734,56.318262],[-2.885156,56.39751],[-3.087012,56.389063],[-3.197998,56.366064],[-3.309961,56.363477],[-3.214453,56.383936],[-3.123584,56.425293],[-3.047412,56.449365],[-2.775195,56.482959],[-2.680957,56.514404],[-2.592676,56.561572],[-2.500977,56.636572],[-2.42666,56.730713],[-2.260254,56.86333],[-2.089551,57.102539],[-2.062354,57.153467],[-2.045508,57.208545],[-2.020312,57.258887],[-1.934473,57.352197],[-1.834717,57.419971],[-1.780664,57.474023],[-1.77793,57.49375],[-1.867383,57.612354],[-1.961523,57.67666],[-2.074072,57.702393],[-2.244141,57.680859],[-2.856299,57.692285],[-2.94668,57.689258],[-3.036035,57.672314],[-3.083936,57.673486],[-3.294531,57.710156],[-3.402783,57.708252],[-3.628223,57.662256],[-3.868164,57.600342],[-3.988477,57.58125],[-4.134521,57.577734],[-4.078418,57.677051],[-3.887939,57.786914],[-3.857129,57.818555],[-3.906836,57.839648],[-4.035596,57.852002],[-4.019629,57.914258],[-3.990039,57.959033],[-3.775,58.0521],[-3.410986,58.239648],[-3.212354,58.32124],[-3.136768,58.37832],[-3.112891,58.408887],[-3.101123,58.433691],[-3.109668,58.515479],[-3.056982,58.58877],[-3.046191,58.615527],[-3.053076,58.634814],[-3.259131,58.65],[-3.453564,58.616895],[-3.661816,58.606299],[-3.859521,58.5771],[-4.188623,58.557227],[-4.433252,58.512842],[-4.491895,58.568457],[-4.534961,58.561572],[-4.678223,58.513574],[-4.71543,58.51001],[-4.765771,58.554199],[-4.809619,58.5729],[-4.924658,58.588379],[-4.975635,58.580322],[-5.016748,58.566553],[-5.066504,58.520215],[-5.076025,58.489258],[-5.078711,58.419287],[-5.090137,58.384521],[-5.080615,58.345166],[-5.031836,58.298291],[-5.008301,58.262646],[-5.059961,58.250146],[-5.269531,58.251416],[-5.338281,58.238721],[-5.355957,58.211914],[-5.346875,58.17666],[-5.351367,58.143701],[-5.413184,58.069727],[-5.39375,58.043604],[-5.176904,57.906396],[-5.157227,57.881348],[-5.289795,57.90459],[-5.319189,57.903613],[-5.349023,57.878076],[-5.60835,57.881348],[-5.665479,57.823535],[-5.694727,57.778223],[-5.744922,57.668311],[-5.742383,57.643652],[-5.714941,57.601074],[-5.67876,57.57168],[-5.581787,57.546777],[-5.688623,57.523535],[-5.756738,57.499219],[-5.801953,57.468018],[-5.818066,57.436084],[-5.794922,57.378809],[-5.656348,57.334082],[-5.63125,57.293945],[-5.561914,57.232715],[-5.591309,57.102344],[-5.736279,56.960645],[-5.850391,56.918408],[-5.861426,56.902686],[-5.730615,56.853076],[-5.877637,56.779639],[-6.034717,56.763916],[-6.132764,56.718018],[-6.133691,56.706689]]],[[[-6.071973,55.893115],[-6.070703,55.847656],[-6.060352,55.8229],[-6.041553,55.806787],[-5.990918,55.803809],[-5.970068,55.814551],[-5.797217,56.005615],[-5.725146,56.118555],[-5.762256,56.120312],[-5.799609,56.108789],[-5.939062,56.045264],[-5.972656,56.004443],[-5.970312,55.992188],[-5.911768,55.974756],[-6.041309,55.925635],[-6.071973,55.893115]]],[[[-5.392676,55.618359],[-5.331494,55.481055],[-5.277051,55.456738],[-5.231494,55.448096],[-5.10542,55.448828],[-5.094727,55.494336],[-5.10498,55.573975],[-5.1604,55.666797],[-5.185449,55.690967],[-5.251611,55.716943],[-5.318115,55.70918],[-5.345703,55.690723],[-5.370801,55.666943],[-5.392676,55.618359]]],[[[-4.785352,54.073047],[-4.765771,54.069434],[-4.696094,54.081445],[-4.614258,54.058691],[-4.412061,54.185352],[-4.392285,54.225391],[-4.337988,54.269092],[-4.377197,54.392578],[-4.395557,54.40293],[-4.424707,54.407178],[-4.508643,54.376709],[-4.614844,54.266943],[-4.69873,54.224902],[-4.745557,54.118799],[-4.785352,54.073047]]],[[[-4.567871,53.386475],[-4.553223,53.260449],[-4.471973,53.176367],[-4.418848,53.178027],[-4.373047,53.13418],[-4.278613,53.172412],[-4.200391,53.218066],[-4.084277,53.264307],[-4.049365,53.305762],[-4.154883,53.302832],[-4.196777,53.321436],[-4.315088,53.417236],[-4.461719,53.419287],[-4.567871,53.386475]]],[[[-3.40083,58.881787],[-3.367188,58.839746],[-3.278809,58.781934],[-3.222119,58.780957],[-3.164941,58.794189],[-3.158545,58.801221],[-3.211621,58.813574],[-3.222119,58.825879],[-3.227637,58.857178],[-3.271924,58.905273],[-3.357422,58.918994],[-3.394727,58.909619],[-3.40083,58.881787]]],[[[-3.353711,59.01875],[-3.34707,58.986719],[-3.331641,58.97124],[-3.304346,58.967432],[-3.242139,58.999707],[-3.232812,58.989648],[-3.232617,58.955518],[-3.22334,58.93877],[-3.200781,58.925293],[-3.166602,58.919092],[-2.994824,58.939355],[-2.86377,58.890527],[-2.826221,58.893262],[-2.793018,58.906934],[-2.762451,58.955811],[-2.81792,58.981885],[-2.88457,58.984521],[-2.994678,59.005566],[-3.070703,59.00498],[-3.057422,59.029639],[-3.02002,59.057666],[-3.019238,59.076025],[-3.051123,59.099023],[-3.156494,59.136328],[-3.248584,59.143945],[-3.310352,59.130811],[-3.346826,59.06499],[-3.353711,59.01875]]],[[[-3.052051,59.323877],[-3.013477,59.291455],[-2.96377,59.274365],[-2.861426,59.246826],[-2.851855,59.182471],[-2.815234,59.161914],[-2.729395,59.186768],[-2.719922,59.219482],[-2.730664,59.226758],[-2.815039,59.24082],[-2.861621,59.28833],[-2.975537,59.347119],[-3.042236,59.333838],[-3.052051,59.323877]]],[[[-3.035449,58.822656],[-2.975391,58.756934],[-2.938965,58.738623],[-2.929395,58.741602],[-2.913086,58.799609],[-2.896436,58.827588],[-2.941211,58.835693],[-3.035449,58.822656]]],[[[-2.662061,59.230176],[-2.548877,59.231348],[-2.429834,59.271045],[-2.406982,59.297559],[-2.535645,59.30415],[-2.603613,59.289307],[-2.662061,59.230176]]],[[[-2.646143,49.468213],[-2.639014,49.450928],[-2.547363,49.428711],[-2.512305,49.494531],[-2.520898,49.506299],[-2.542187,49.506592],[-2.646143,49.468213]]],[[[-2.23584,49.176367],[-2.165674,49.187402],[-2.091016,49.187402],[-2.05376,49.169824],[-2.009912,49.180811],[-2.018652,49.23125],[-2.082227,49.255371],[-2.220508,49.266357],[-2.23584,49.176367]]],[[[-1.66377,60.28252],[-1.660059,60.262256],[-1.641357,60.236768],[-1.613037,60.229102],[-1.516602,60.231006],[-1.499121,60.221777],[-1.496875,60.193994],[-1.481494,60.173389],[-1.409033,60.189502],[-1.322803,60.188379],[-1.290918,60.153467],[-1.276172,60.114648],[-1.299512,60.039844],[-1.355859,59.911133],[-1.299463,59.878662],[-1.283789,59.886914],[-1.245312,59.97124],[-1.199316,60.006592],[-1.179248,60.113916],[-1.165723,60.124268],[-1.152783,60.177344],[-1.133691,60.206982],[-1.065674,60.381592],[-1.052441,60.444482],[-1.117969,60.417627],[-1.157764,60.417725],[-1.235742,60.485303],[-1.287402,60.467041],[-1.308105,60.5375],[-1.301709,60.607666],[-1.363965,60.60957],[-1.414209,60.59873],[-1.498145,60.529834],[-1.552637,60.517432],[-1.571777,60.494434],[-1.548828,60.481299],[-1.449561,60.468555],[-1.374609,60.33291],[-1.494434,60.29248],[-1.57666,60.298389],[-1.66377,60.28252]]],[[[-1.563428,50.666113],[-1.515332,50.669775],[-1.306299,50.588525],[-1.251465,50.588818],[-1.196094,50.599219],[-1.17583,50.615234],[-1.149365,50.655713],[-1.065576,50.690234],[-1.144238,50.734717],[-1.312793,50.773486],[-1.38584,50.733545],[-1.515674,50.70332],[-1.563428,50.666113]]],[[[-1.388867,46.032959],[-1.368701,45.967676],[-1.280273,45.897119],[-1.213574,45.816602],[-1.17832,45.904053],[-1.285059,46.002686],[-1.388672,46.050391],[-1.388867,46.032959]]],[[[-1.165527,60.603906],[-1.067871,60.502295],[-1.042529,60.513867],[-1.034229,60.530176],[-1.035107,60.59292],[-1.049023,60.646924],[-1.04502,60.655518],[-1.000342,60.658008],[-0.99165,60.686035],[-1.005615,60.716504],[-1.093311,60.720215],[-1.165527,60.603906]]],[[[-0.938086,60.745654],[-0.922266,60.697266],[-0.909131,60.687012],[-0.825488,60.683936],[-0.826172,60.716162],[-0.774316,60.800488],[-0.774268,60.811963],[-0.801807,60.83125],[-0.823437,60.831885],[-0.864941,60.805811],[-0.891406,60.815918],[-0.91582,60.810449],[-0.927539,60.797168],[-0.938086,60.745654]]],[[[1.22334,38.903857],[1.256934,38.879004],[1.408984,38.857275],[1.445215,38.918701],[1.494531,38.93252],[1.623633,39.038818],[1.613184,39.087402],[1.564453,39.121045],[1.348633,39.080811],[1.302539,39.031152],[1.299805,38.981738],[1.25625,38.973389],[1.22334,38.903857]]],[[[1.401953,38.711426],[1.405762,38.670996],[1.50498,38.670996],[1.571191,38.658838],[1.593945,38.67207],[1.592676,38.701465],[1.496875,38.711914],[1.436328,38.768213],[1.417188,38.739648],[1.401953,38.711426]]],[[[2.37002,39.57207],[2.394336,39.540381],[2.458789,39.530469],[2.499512,39.477881],[2.575879,39.530664],[2.634082,39.556201],[2.700586,39.542139],[2.745996,39.510254],[2.769824,39.410254],[2.799805,39.385059],[2.900098,39.368359],[3.072852,39.30127],[3.15459,39.333252],[3.244727,39.386621],[3.292969,39.477051],[3.34873,39.555664],[3.414648,39.627148],[3.461816,39.697754],[3.448926,39.76123],[3.395898,39.777295],[3.342188,39.786719],[3.241113,39.756689],[3.145313,39.790088],[3.158691,39.836572],[3.190918,39.861377],[3.198633,39.889844],[3.166992,39.907715],[3.164453,39.924219],[3.197559,39.961084],[3.158691,39.970508],[2.904785,39.908301],[2.784961,39.854834],[2.371289,39.613086],[2.37002,39.57207]]],[[[3.698535,51.729687],[3.699023,51.709912],[3.731836,51.678223],[3.819043,51.693994],[3.950977,51.627051],[4.075098,51.648779],[4.067578,51.66748],[4.046777,51.684912],[3.949121,51.739453],[3.789062,51.746436],[3.698535,51.729687]]],[[[3.842676,39.976367],[3.867188,39.95874],[3.967676,39.94585],[4.275293,39.830273],[4.293652,39.841846],[4.32207,39.89751],[4.315137,39.917236],[4.225781,40.032373],[4.05918,40.075098],[3.853418,40.063037],[3.84541,40.036475],[3.842676,39.976367]]],[[[4.70918,53.036035],[4.726758,53.019629],[4.787109,52.999805],[4.886133,53.070703],[4.886426,53.183301],[4.739844,53.091309],[4.70918,53.036035]]],[[[4.799023,61.082715],[4.870117,61.071924],[4.958691,61.08457],[4.973242,61.148242],[4.91543,61.199365],[4.861621,61.193848],[4.824414,61.178223],[4.799023,61.082715]]],[[[4.90791,53.24624],[4.92373,53.23457],[5.108594,53.308008],[5.027051,53.310205],[4.90791,53.24624]]],[[[4.930078,60.412061],[4.950781,60.341162],[4.943555,60.272412],[4.955566,60.243311],[4.996973,60.197754],[5.089063,60.18877],[5.08584,60.307568],[5.050195,60.388965],[4.990625,60.452051],[4.957227,60.447266],[4.930078,60.412061]]],[[[5.190234,53.391797],[5.232617,53.377783],[5.325781,53.385742],[5.582617,53.438086],[5.557422,53.443555],[5.415137,53.431445],[5.190234,53.391797]]],[[[5.654297,53.466504],[5.665332,53.454883],[5.732031,53.442627],[5.929297,53.458838],[5.928223,53.46499],[5.87627,53.475098],[5.708105,53.473389],[5.654297,53.466504]]],[[[6.159277,53.483936],[6.193262,53.476807],[6.333398,53.510742],[6.290918,53.51499],[6.167676,53.49375],[6.159277,53.483936]]],[[[6.468164,0.227344],[6.496973,0.117383],[6.519727,0.066309],[6.556836,0.047363],[6.659961,0.120654],[6.75,0.243457],[6.749805,0.325635],[6.686914,0.404395],[6.625879,0.400244],[6.524316,0.340283],[6.477539,0.280127],[6.468164,0.227344]]],[[[6.64209,53.579199],[6.734766,53.58252],[6.800879,53.625488],[6.75459,53.625488],[6.668555,53.605664],[6.64209,53.579199]]],[[[7.14043,4.395117],[7.203906,4.387646],[7.300781,4.418164],[7.32793,4.487207],[7.271387,4.498926],[7.227344,4.527344],[7.14043,4.395117]]],[[[7.330664,1.603369],[7.342383,1.563574],[7.386621,1.541553],[7.423828,1.567725],[7.452344,1.631104],[7.450391,1.661963],[7.437012,1.683057],[7.414453,1.699121],[7.387598,1.680176],[7.330664,1.603369]]],[[[7.804004,63.413916],[7.815332,63.385059],[7.888281,63.352344],[8.004688,63.336914],[8.102734,63.337598],[8.140918,63.366406],[8.136133,63.431348],[8.073535,63.470801],[7.938379,63.449805],[7.804004,63.413916]]],[[[8.180859,40.771045],[8.189941,40.651611],[8.230273,40.605957],[8.295508,40.558643],[8.353223,40.500537],[8.385352,40.442676],[8.40918,40.352344],[8.471289,40.292676],[8.470801,40.130713],[8.455078,40.077588],[8.408594,40.037646],[8.399316,39.978174],[8.407813,39.917236],[8.495898,39.897461],[8.547754,39.839209],[8.538672,39.769678],[8.540527,39.731592],[8.510742,39.72168],[8.471094,39.748096],[8.451172,39.72168],[8.461035,39.647705],[8.44707,39.562793],[8.418652,39.523047],[8.399121,39.481592],[8.410742,39.291797],[8.418164,39.205713],[8.48623,39.110498],[8.55332,39.030322],[8.59541,38.964307],[8.648535,38.926562],[8.718555,38.926709],[8.801172,38.909668],[8.881348,38.912891],[8.966602,38.963721],[9.022656,39.043262],[9.056348,39.23916],[9.101758,39.211279],[9.149316,39.196973],[9.206934,39.213818],[9.26416,39.216797],[9.388086,39.167529],[9.486328,39.139551],[9.5625,39.166016],[9.583594,39.253564],[9.616992,39.354395],[9.686035,39.924365],[9.706738,40.017041],[9.700781,40.091797],[9.659473,40.159229],[9.642969,40.268408],[9.754199,40.400293],[9.782813,40.441504],[9.805273,40.499561],[9.794336,40.556201],[9.682031,40.818115],[9.632031,40.882031],[9.574023,40.914746],[9.553711,40.932129],[9.589746,40.99248],[9.621191,41.004883],[9.615332,41.017285],[9.575684,41.030518],[9.53877,41.053662],[9.500195,41.106348],[9.455176,41.150146],[9.350781,41.195898],[9.283008,41.20166],[9.228418,41.25708],[9.182129,41.242188],[9.163086,41.185156],[9.107227,41.14292],[8.998145,41.110352],[8.821191,40.949902],[8.698926,40.895264],[8.571875,40.850195],[8.468457,40.834326],[8.363281,40.846338],[8.310156,40.85752],[8.245215,40.907031],[8.224219,40.91333],[8.203809,40.870703],[8.180859,40.771045]]],[[[8.205664,40.997461],[8.252734,40.994141],[8.286035,41.039844],[8.318945,41.062744],[8.34375,41.101611],[8.320215,41.121875],[8.267383,41.099121],[8.224023,41.031299],[8.205664,40.997461]]],[[[8.284668,54.76709],[8.307715,54.786963],[8.347363,54.847607],[8.600586,54.865381],[8.62959,54.891748],[8.379883,54.899854],[8.371191,54.929395],[8.39043,54.986279],[8.404102,55.014746],[8.451465,55.055371],[8.405176,55.05874],[8.295703,54.908301],[8.284668,54.76709]]],[[[8.287109,63.687158],[8.356152,63.664795],[8.470801,63.667139],[8.786523,63.703467],[8.814844,63.725977],[8.80918,63.771436],[8.764648,63.804639],[8.733398,63.801318],[8.708887,63.774316],[8.45127,63.731836],[8.287109,63.687158]]],[[[8.358594,39.098779],[8.360938,39.038672],[8.421484,38.968652],[8.478906,39.067529],[8.440625,39.090625],[8.366797,39.115918],[8.358594,39.098779]]],[[[8.400391,54.714111],[8.453809,54.691064],[8.548926,54.688184],[8.587891,54.712695],[8.573438,54.74873],[8.509961,54.760303],[8.468164,54.757422],[8.417676,54.738672],[8.400391,54.714111]]],[[[8.434277,3.332422],[8.444922,3.293506],[8.474902,3.264648],[8.652344,3.21709],[8.704004,3.223633],[8.763477,3.304639],[8.792188,3.400391],[8.946094,3.627539],[8.950684,3.705322],[8.910059,3.758203],[8.760449,3.754346],[8.735742,3.758301],[8.675879,3.735937],[8.637695,3.668848],[8.622754,3.57998],[8.577246,3.482373],[8.549805,3.467627],[8.464648,3.450586],[8.451758,3.4229],[8.434277,3.332422]]],[[[8.565625,42.357715],[8.592383,42.344727],[8.625879,42.343408],[8.675488,42.284033],[8.60791,42.258447],[8.566211,42.218799],[8.587793,42.16084],[8.641602,42.118213],[8.700977,42.095605],[8.702539,42.043115],[8.653418,41.995557],[8.615137,41.959131],[8.621875,41.930713],[8.673633,41.922363],[8.74043,41.925146],[8.758691,41.87041],[8.718652,41.804004],[8.717969,41.761426],[8.770996,41.737109],[8.886816,41.700684],[8.879004,41.668555],[8.829785,41.627686],[8.80752,41.588379],[8.84209,41.558887],[8.89502,41.516162],[9.003027,41.476562],[9.186133,41.384912],[9.253418,41.460059],[9.330859,41.627148],[9.374219,41.678809],[9.394824,41.731201],[9.400879,41.926221],[9.428418,41.972412],[9.550684,42.129736],[9.556445,42.160937],[9.526172,42.552637],[9.509375,42.585596],[9.473242,42.615576],[9.454199,42.658594],[9.480371,42.80542],[9.478613,42.860498],[9.46084,42.945215],[9.463281,42.981006],[9.415234,43.021484],[9.363184,43.017383],[9.330957,42.943799],[9.323047,42.814062],[9.338379,42.766895],[9.313379,42.713184],[9.287695,42.694629],[9.253516,42.712451],[9.198047,42.729199],[9.137891,42.73291],[9.088379,42.70498],[9.043652,42.66167],[8.994922,42.645312],[8.814844,42.60791],[8.713086,42.549756],[8.640039,42.426562],[8.5875,42.385303],[8.565625,42.357715]]],[[[9.771191,55.059912],[9.80625,54.906006],[9.903906,54.896631],[9.957129,54.872461],[10.06123,54.886377],[10.057715,54.90791],[9.998828,54.986475],[9.830371,55.058252],[9.78125,55.069043],[9.771191,55.059912]]],[[[9.858984,55.357227],[9.930078,55.228906],[9.967383,55.205469],[9.98877,55.163184],[10.25459,55.087891],[10.442773,55.048779],[10.623828,55.052441],[10.785254,55.133398],[10.808398,55.203027],[10.785352,55.269775],[10.819238,55.321875],[10.738086,55.446338],[10.686816,55.557617],[10.645117,55.609814],[10.622754,55.612842],[10.505078,55.558057],[10.424023,55.560352],[10.353613,55.598975],[10.286133,55.61084],[9.994238,55.535303],[9.860645,55.515479],[9.858984,55.357227]]],[[[10.109766,42.785059],[10.13125,42.742041],[10.208984,42.736914],[10.335645,42.761133],[10.419336,42.713184],[10.409961,42.770996],[10.432227,42.796582],[10.42832,42.819189],[10.395117,42.858154],[10.358984,42.822314],[10.285742,42.828076],[10.248242,42.815771],[10.127539,42.810303],[10.109766,42.785059]]],[[[10.199902,54.962744],[10.215625,54.940967],[10.340527,54.858936],[10.417285,54.837158],[10.484375,54.847559],[10.504883,54.860547],[10.413672,54.896826],[10.346973,54.905957],[10.265527,54.948828],[10.199902,54.962744]]],[[[10.516113,55.958545],[10.544336,55.906592],[10.520313,55.848486],[10.526953,55.783789],[10.590332,55.765088],[10.607324,55.783057],[10.627344,55.833887],[10.661719,55.877588],[10.636328,55.91416],[10.547168,55.991943],[10.516113,55.958545]]],[[[10.62168,54.851416],[10.629492,54.826074],[10.689746,54.745068],[10.734082,54.750732],[10.765234,54.799658],[10.920801,55.062109],[10.951074,55.156201],[10.925,55.157861],[10.856738,55.052197],[10.738281,54.962012],[10.69248,54.903271],[10.62168,54.851416]]],[[[10.72207,33.738916],[10.757031,33.71748],[10.784766,33.717676],[10.857422,33.687158],[10.883008,33.690186],[10.931348,33.717432],[10.957617,33.72207],[10.993066,33.745947],[11.037598,33.785059],[11.033594,33.805029],[11.017871,33.82334],[10.921973,33.893115],[10.745215,33.888672],[10.733887,33.855615],[10.72207,33.738916]]],[[[10.739844,64.870312],[10.83252,64.843115],[11.0625,64.8604],[11.179004,64.838037],[11.231445,64.865869],[11.246191,64.90791],[11.132617,64.976172],[11.020996,64.978711],[10.813477,64.923242],[10.739844,64.870312]]],[[[10.873828,57.262256],[11.011426,57.229102],[11.052148,57.252539],[11.076855,57.276904],[11.174512,57.3229],[11.085742,57.329932],[10.93457,57.308594],[10.873828,57.262256]]],[[[10.978906,55.721533],[11.008789,55.644434],[11.070312,55.629297],[11.120996,55.600732],[11.119531,55.566064],[11.128027,55.534766],[11.189746,55.465625],[11.170703,55.328613],[11.286328,55.204443],[11.310254,55.197852],[11.406836,55.214746],[11.475879,55.211523],[11.653809,55.186914],[11.696777,55.095996],[11.703613,55.03916],[11.739844,54.972461],[11.740918,54.915332],[11.862305,54.772607],[12.050391,54.815332],[12.068848,54.909033],[12.073047,54.976758],[12.065527,55.069922],[12.089941,55.188135],[12.322461,55.237109],[12.413086,55.286182],[12.385156,55.385645],[12.275391,55.414258],[12.215039,55.466504],[12.243457,55.537891],[12.320605,55.587842],[12.407129,55.61626],[12.507031,55.636621],[12.545215,55.655811],[12.571191,55.684961],[12.56875,55.785059],[12.524805,55.918457],[12.542969,55.958984],[12.608398,56.033008],[12.578711,56.064062],[12.525781,56.083398],[12.428223,56.105859],[12.323242,56.122119],[12.218945,56.118652],[12.039648,56.052148],[11.866406,55.968164],[11.912793,55.937305],[11.93457,55.895898],[11.92207,55.828076],[11.885352,55.807959],[11.858301,55.771875],[11.819727,55.697656],[11.783594,55.70166],[11.690918,55.729004],[11.682227,55.829492],[11.695898,55.90791],[11.627734,55.956885],[11.474707,55.943457],[11.45957,55.907227],[11.463672,55.879297],[11.322266,55.752539],[11.275488,55.736475],[11.224414,55.731201],[11.049609,55.740234],[10.978906,55.721533]]],[[[11.011719,54.466162],[11.070703,54.456006],[11.129297,54.416016],[11.282813,54.417969],[11.280273,54.438379],[11.233594,54.50127],[11.084961,54.533398],[11.043457,54.515479],[11.011719,54.466162]]],[[[11.035547,54.773096],[11.457422,54.628857],[11.585938,54.662451],[11.680371,54.653711],[11.765918,54.679443],[11.758984,54.767676],[11.739551,54.807422],[11.658105,54.833154],[11.538379,54.82959],[11.361426,54.89165],[11.258496,54.951807],[11.058594,54.940576],[11.041699,54.893359],[11.035547,54.773096]]],[[[11.123633,34.681689],[11.278027,34.753809],[11.281055,34.802197],[11.254883,34.820312],[11.153027,34.74458],[11.123633,34.681689]]],[[[11.765137,65.630957],[11.77832,65.604541],[11.901855,65.595703],[11.967969,65.626514],[12.003223,65.679443],[11.972363,65.701562],[11.875391,65.705908],[11.800391,65.683887],[11.765137,65.630957]]],[[[11.936426,36.828613],[11.940625,36.780371],[12.00332,36.745996],[12.05127,36.757031],[12.048047,36.776367],[12.024219,36.820947],[11.948047,36.843066],[11.936426,36.828613]]],[[[12.118848,54.914404],[12.184473,54.89248],[12.35752,54.961816],[12.511035,54.950879],[12.549219,54.965771],[12.513281,54.997314],[12.469531,55.01748],[12.417188,55.031201],[12.310059,55.040918],[12.274023,55.064111],[12.258789,55.021094],[12.219922,54.993604],[12.161719,54.974805],[12.143652,54.958691],[12.118848,54.914404]]],[[[12.327344,66.036621],[12.419922,66.043262],[12.576367,66.071924],[12.622656,66.122461],[12.620801,66.17793],[12.527441,66.210547],[12.461328,66.18501],[12.446387,66.151318],[12.417676,66.122656],[12.342773,66.080762],[12.327344,66.036621]]],[[[12.429492,65.899072],[12.50957,65.901953],[12.718652,65.963867],[12.778809,65.991699],[12.74707,66.011377],[12.642383,66.008545],[12.548828,66.001904],[12.476074,65.9771],[12.430176,65.939941],[12.429492,65.899072]]],[[[12.435547,37.819775],[12.454395,37.773779],[12.526758,37.669531],[12.640234,37.594336],[12.699023,37.571826],[12.757324,37.567383],[12.871191,37.575195],[12.924121,37.570508],[13.040332,37.506543],[13.169922,37.479297],[13.221094,37.451807],[13.264941,37.410352],[13.360938,37.34873],[13.587109,37.25415],[13.800586,37.135889],[13.905469,37.100635],[14.024316,37.107129],[14.142969,37.103662],[14.259082,37.046436],[14.367285,36.972852],[14.501855,36.798682],[14.555469,36.776758],[14.614355,36.766602],[14.775977,36.7104],[14.889648,36.723535],[15.002441,36.693896],[15.112598,36.687842],[15.116309,36.736475],[15.104297,36.785254],[15.11582,36.839258],[15.142383,36.891602],[15.185156,36.934814],[15.294531,37.013281],[15.295703,37.055176],[15.288672,37.096924],[15.236035,37.138721],[15.174121,37.20918],[15.230273,37.244336],[15.193652,37.282861],[15.145996,37.308008],[15.116992,37.334717],[15.105664,37.375488],[15.099512,37.458594],[15.131055,37.531885],[15.164844,37.589551],[15.189844,37.650732],[15.206836,37.720557],[15.234473,37.784814],[15.475684,38.062939],[15.508887,38.106641],[15.576563,38.220312],[15.634668,38.267578],[15.568359,38.295898],[15.49873,38.290869],[15.340723,38.217334],[15.27959,38.230371],[15.224023,38.211035],[15.176074,38.168066],[15.11875,38.152734],[14.981934,38.167578],[14.845898,38.17168],[14.789648,38.166992],[14.737207,38.150781],[14.636719,38.085059],[14.505957,38.045508],[14.416211,38.042578],[14.287695,38.016846],[14.05,38.040527],[13.936621,38.02417],[13.788867,37.981201],[13.734863,37.984033],[13.681543,38.000732],[13.491309,38.103125],[13.433496,38.110254],[13.383496,38.126807],[13.35166,38.180518],[13.291113,38.191455],[13.159961,38.190332],[13.056836,38.130908],[13.049023,38.084082],[12.955469,38.041309],[12.902734,38.034863],[12.850684,38.063721],[12.734375,38.183057],[12.702344,38.141699],[12.664355,38.10791],[12.60166,38.084961],[12.547656,38.05293],[12.486816,37.938721],[12.435547,37.819775]]],[[[12.520313,55.6146],[12.550879,55.55625],[12.571582,55.554004],[12.665723,55.596533],[12.648438,55.646777],[12.62002,55.679346],[12.599219,55.680225],[12.569922,55.650098],[12.520313,55.6146]]],[[[12.824023,67.82124],[12.971777,67.874121],[13.074609,67.93457],[13.098242,67.956445],[13.097754,68.002686],[13.122852,68.049414],[13.068066,68.071338],[12.957715,68.015479],[12.87793,67.917773],[12.824023,67.82124]]],[[[13.156348,54.396924],[13.162109,54.364551],[13.190039,54.325635],[13.364355,54.24585],[13.414551,54.249561],[13.482031,54.337402],[13.594922,54.338184],[13.707324,54.281152],[13.73418,54.31543],[13.70918,54.382715],[13.601855,54.425146],[13.580469,54.463965],[13.60332,54.488184],[13.670703,54.535449],[13.657617,54.55957],[13.636035,54.577002],[13.491211,54.615381],[13.450098,54.649609],[13.422754,54.699316],[13.336816,54.697119],[13.239941,54.638428],[13.231445,54.582764],[13.17666,54.544238],[13.18125,54.508984],[13.156348,54.396924]]],[[[13.199512,68.087256],[13.229395,67.995361],[13.352051,68.009668],[13.391504,68.02124],[13.404395,68.060693],[13.424219,68.082764],[13.495215,68.05166],[13.583984,68.093848],[13.656152,68.104785],[13.778418,68.10498],[13.824023,68.121094],[13.887695,68.168506],[14.029297,68.187549],[14.096777,68.218604],[14.118848,68.246826],[14.087695,68.253223],[13.932324,68.248242],[13.872852,68.265332],[13.784082,68.276123],[13.687695,68.273389],[13.537988,68.249023],[13.428711,68.163232],[13.367969,68.166553],[13.300195,68.160449],[13.255957,68.120605],[13.199512,68.087256]]],[[[13.853516,40.724072],[13.867676,40.70874],[13.893652,40.696973],[13.938281,40.705615],[13.96084,40.718164],[13.962109,40.739404],[13.871191,40.761816],[13.853516,40.724072]]],[[[14.180371,36.0604],[14.194238,36.042236],[14.253613,36.012158],[14.313477,36.027588],[14.320898,36.03623],[14.303711,36.062305],[14.263281,36.075781],[14.180371,36.0604]]],[[[14.257227,68.256934],[14.25752,68.190771],[14.349512,68.178271],[14.628906,68.198486],[14.926855,68.306592],[15.037695,68.282715],[15.098047,68.289209],[15.187891,68.3104],[15.279688,68.373828],[15.337012,68.378223],[15.341406,68.325293],[15.4375,68.312842],[15.68252,68.356006],[15.763672,68.409082],[15.837402,68.409033],[15.872754,68.394238],[15.9125,68.389258],[15.975293,68.40249],[16.048438,68.463672],[16.193945,68.538477],[16.337988,68.567871],[16.519238,68.633008],[16.547363,68.716553],[16.479688,68.80293],[16.425195,68.841553],[16.328906,68.876318],[16.275586,68.868311],[16.227539,68.85376],[16.150586,68.842383],[16.120801,68.799365],[16.127441,68.746436],[16.068945,68.714014],[16.05957,68.680518],[15.908594,68.650488],[15.772363,68.554199],[15.760352,68.56123],[15.790723,68.617041],[15.92793,68.733203],[15.923535,68.819189],[15.905859,68.908496],[15.833789,68.960742],[15.811719,69.024219],[15.992676,69.112646],[16.114844,69.216406],[16.129492,69.273926],[16.048047,69.302051],[15.965332,69.302051],[15.892676,69.277881],[15.741992,69.170508],[15.649512,69.132568],[15.483008,69.043457],[15.438477,68.978564],[15.443652,68.919189],[15.529004,68.912402],[15.564258,68.87373],[15.489258,68.805322],[15.412598,68.61582],[15.095313,68.441406],[14.58584,68.400342],[14.437793,68.341553],[14.257227,68.256934]]],[[[14.28584,45.144629],[14.340039,45.019971],[14.342188,44.979932],[14.302539,44.94043],[14.312402,44.900391],[14.388867,44.758301],[14.419531,44.670312],[14.480371,44.62124],[14.488086,44.660059],[14.48252,44.693359],[14.467578,44.725342],[14.452539,44.869189],[14.467383,44.970215],[14.39375,45.03125],[14.369141,45.080957],[14.358203,45.167432],[14.33125,45.16499],[14.28584,45.144629]]],[[[14.35127,35.978418],[14.352344,35.872266],[14.436426,35.82168],[14.532715,35.820215],[14.566211,35.852734],[14.537012,35.886279],[14.44834,35.957422],[14.35127,35.978418]]],[[[14.373438,68.711426],[14.404688,68.663232],[14.520801,68.633057],[14.612109,68.63833],[14.743457,68.677197],[14.793262,68.668262],[14.804004,68.637988],[14.890234,68.610986],[15.027051,68.606348],[15.22207,68.616309],[15.348438,68.672412],[15.396582,68.783594],[15.337207,68.842432],[15.207129,68.943115],[15.175586,68.981543],[15.128125,69.003955],[15.101855,69.008008],[15.037793,69.000537],[15.0375,68.894287],[14.872363,68.913867],[14.837988,68.88667],[14.848828,68.847559],[14.801855,68.790967],[14.724609,68.800098],[14.69043,68.814697],[14.553711,68.818848],[14.49668,68.771875],[14.373438,68.711426]]],[[[14.437891,45.098633],[14.450391,45.079199],[14.511719,45.0354],[14.612988,45.025439],[14.62832,44.993945],[14.687012,44.955615],[14.810254,44.977051],[14.73916,45.065479],[14.701172,45.090039],[14.62998,45.178027],[14.571094,45.224756],[14.524609,45.146826],[14.437891,45.098633]]],[[[14.660352,44.799805],[14.678223,44.769873],[14.7625,44.754639],[14.856641,44.714844],[14.831445,44.758936],[14.76377,44.821387],[14.754199,44.844824],[14.690527,44.848145],[14.672461,44.824365],[14.660352,44.799805]]],[[[14.68418,55.102246],[14.885547,55.032959],[15.050781,55.004932],[15.087695,55.021875],[15.137109,55.087158],[15.132617,55.144531],[14.765332,55.296729],[14.713672,55.238037],[14.68418,55.102246]]],[[[14.741895,44.697363],[14.760449,44.664746],[14.884668,44.544727],[14.912793,44.48584],[14.996094,44.434326],[15.038574,44.393018],[15.097949,44.358154],[15.162598,44.30918],[15.188477,44.335742],[15.213574,44.347559],[15.239941,44.350195],[15.112988,44.435742],[15.006445,44.534229],[14.898047,44.61084],[14.855371,44.618262],[14.803809,44.648682],[14.741895,44.697363]]],[[[14.865039,44.167969],[14.891309,44.125537],[15.13584,43.907275],[15.149805,43.911816],[15.20166,43.897754],[15.203027,43.907715],[15.18877,43.922363],[14.952539,44.117188],[14.865039,44.167969]]],[[[15.06582,44.157666],[15.074609,44.137842],[15.121875,44.093311],[15.24668,44.027051],[15.231055,44.062305],[15.06582,44.157666]]],[[[15.27002,44.010742],[15.308594,43.960791],[15.374219,43.914795],[15.437207,43.899512],[15.371387,43.973828],[15.27002,44.010742]]],[[[16.376465,43.21377],[16.405859,43.197363],[16.549805,43.143896],[16.679199,43.123145],[17.124121,43.11543],[17.194043,43.125781],[17.061133,43.143896],[16.697266,43.174951],[16.655957,43.21377],[16.521387,43.229248],[16.376465,43.21377]]],[[[16.394141,56.483643],[16.40127,56.310889],[16.431641,56.24375],[16.477148,56.240186],[16.528516,56.290527],[16.778027,56.805225],[16.838281,56.840527],[16.883691,56.985205],[17.053516,57.208008],[17.058203,57.229248],[17.050391,57.280469],[17.117676,57.319824],[17.089258,57.332275],[17.025391,57.345068],[16.995996,57.317773],[16.960938,57.250195],[16.901563,57.174609],[16.864648,57.090674],[16.727734,56.902002],[16.630371,56.876855],[16.412305,56.568994],[16.394141,56.483643]]],[[[16.423145,43.317236],[16.490332,43.286182],[16.627441,43.268066],[16.785254,43.270654],[16.873633,43.297949],[16.891309,43.314648],[16.834375,43.35083],[16.601562,43.381885],[16.448926,43.387061],[16.428125,43.343408],[16.423145,43.317236]]],[[[16.650684,42.996582],[16.666309,42.959912],[16.696387,42.933691],[16.738867,42.912744],[16.850684,42.895508],[16.977539,42.927783],[17.089355,42.914893],[17.188281,42.917041],[17.169824,42.932617],[17.093652,42.964355],[16.971094,42.981494],[16.835547,42.968652],[16.650684,42.996582]]],[[[16.810449,69.070703],[16.960156,69.069385],[17.077051,69.046631],[17.08252,69.013672],[17.160938,69.025928],[17.323633,69.130029],[17.487891,69.196826],[17.568164,69.1604],[17.773535,69.172021],[17.950684,69.198145],[17.920703,69.274316],[17.94209,69.328711],[18.021094,69.349609],[18.076758,69.395752],[18.052246,69.45752],[18.004102,69.50498],[17.927441,69.506641],[17.862793,69.542969],[17.783691,69.563037],[17.677344,69.556543],[17.623242,69.539062],[17.503027,69.59624],[17.488184,69.586865],[17.483105,69.569678],[17.453613,69.530176],[17.355566,69.527148],[17.251953,69.503809],[17.229883,69.477686],[17.373438,69.438867],[17.394531,69.416699],[17.36084,69.381494],[17.083008,69.398828],[17.001758,69.361914],[16.996875,69.330371],[16.974121,69.284717],[16.997559,69.190625],[16.971777,69.137891],[16.842578,69.112354],[16.81543,69.095117],[16.810449,69.070703]]],[[[17.344141,42.790381],[17.744238,42.700342],[17.607813,42.769043],[17.431934,42.800391],[17.389551,42.798633],[17.344141,42.790381]]],[[[18.061523,69.6021],[18.129883,69.557861],[18.274121,69.535498],[18.410254,69.552832],[18.784766,69.579004],[18.800684,69.605371],[18.806934,69.639844],[18.90918,69.706689],[19.007812,69.75957],[19.130859,69.810449],[19.19707,69.799805],[19.334766,69.820264],[19.442383,69.908398],[19.592285,69.970166],[19.60174415981623,70],[18.870787692208566,70],[18.823828,69.960107],[18.686523,69.890918],[18.674023,69.864307],[18.697949,69.824854],[18.674023,69.781641],[18.624316,69.813037],[18.583984,69.806592],[18.512402,69.768652],[18.40625,69.781543],[18.349316,69.767871],[18.315039,69.715479],[18.268457,69.701807],[18.232031,69.676758],[18.227441,69.635742],[18.083496,69.626123],[18.061523,69.6021]]],[[[18.105078,57.271875],[18.163965,57.211719],[18.20957,57.133301],[18.285352,57.083203],[18.206543,57.010156],[18.146387,56.920508],[18.248926,56.931543],[18.340234,56.978223],[18.387207,57.087646],[18.477344,57.163037],[18.538477,57.196924],[18.699902,57.242725],[18.742871,57.323535],[18.784863,57.361084],[18.843652,57.386475],[18.90791,57.39834],[18.790918,57.483105],[18.813867,57.706201],[18.878125,57.729687],[18.945117,57.741602],[18.99375,57.812109],[19.076465,57.835938],[18.956445,57.9],[18.900586,57.915479],[18.841113,57.900195],[18.805176,57.833154],[18.721875,57.863721],[18.537402,57.830566],[18.405176,57.756836],[18.283203,57.655127],[18.204883,57.610889],[18.136523,57.556641],[18.128906,57.44917],[18.151953,57.339062],[18.105078,57.271875]]],[[[18.349902,59.022607],[18.371875,59.01958],[18.416211,59.029102],[18.485547,59.10459],[18.464941,59.107861],[18.397559,59.089111],[18.377246,59.069043],[18.349902,59.022607]]],[[[18.545117,59.477832],[18.570312,59.437256],[18.59541,59.470361],[18.623828,59.492188],[18.697949,59.524609],[18.698438,59.534619],[18.620898,59.547803],[18.572363,59.52583],[18.555176,59.485791],[18.545117,59.477832]]],[[[19.039258,57.911035],[19.086523,57.86499],[19.138379,57.860254],[19.156348,57.922607],[19.331445,57.962891],[19.281152,57.977539],[19.134863,57.981348],[19.039258,57.911035]]],[[[19.519043,60.18457],[19.536523,60.144971],[19.579883,60.135059],[19.599805,60.162695],[19.629199,60.170361],[19.66748,60.164746],[19.662305,60.187158],[19.628809,60.246094],[19.551367,60.243848],[19.519043,60.18457]]],[[[19.646484,39.76709],[19.648926,39.726172],[19.808887,39.585303],[19.883984,39.461523],[19.975,39.411426],[20.099609,39.376611],[20.07793,39.432715],[20.027734,39.44209],[19.955273,39.47041],[19.927344,39.505908],[19.903125,39.6],[19.904102,39.619482],[19.84668,39.668115],[19.862207,39.692627],[19.936816,39.746729],[19.926074,39.77373],[19.891699,39.797266],[19.838574,39.820117],[19.707324,39.798096],[19.646484,39.76709]]],[[[19.672266,60.233008],[19.745996,60.098975],[19.799805,60.081738],[20.033984,60.093555],[20.032324,60.15249],[20.042578,60.180664],[20.073242,60.193457],[20.125488,60.200879],[20.155078,60.192285],[20.194727,60.193555],[20.258887,60.261279],[20.239551,60.283008],[20.184082,60.29375],[20.167871,60.314697],[20.087402,60.353418],[20.033887,60.359326],[20.020215,60.350879],[19.989551,60.351172],[19.944531,60.35752],[19.888281,60.405811],[19.823047,60.390186],[19.787793,60.354053],[19.812305,60.331592],[19.854688,60.318506],[19.871582,60.301611],[19.867188,60.268115],[19.847656,60.220557],[19.785254,60.213379],[19.779004,60.285547],[19.736523,60.282373],[19.686914,60.267627],[19.672266,60.233008]]],[[[20.352246,38.221729],[20.352539,38.179883],[20.391016,38.188428],[20.452148,38.23418],[20.47334,38.218799],[20.49873,38.184375],[20.495508,38.16416],[20.523535,38.106641],[20.568945,38.097656],[20.606152,38.119727],[20.761328,38.070557],[20.780762,38.088818],[20.788867,38.14209],[20.695215,38.246191],[20.624707,38.267871],[20.612305,38.38335],[20.563184,38.474951],[20.550293,38.456543],[20.54834,38.394531],[20.519629,38.332324],[20.481445,38.318213],[20.435059,38.356201],[20.408691,38.336768],[20.352246,38.221729]]],[[[20.397949,60.040674],[20.41123,60.030127],[20.4875,60.032764],[20.521777,60.01167],[20.603418,60.016943],[20.611328,60.040674],[20.569141,60.069629],[20.490137,60.074902],[20.42959,60.061719],[20.397949,60.040674]]],[[[20.554688,38.582568],[20.583984,38.601709],[20.614355,38.60625],[20.647852,38.600977],[20.686719,38.608691],[20.714844,38.63833],[20.719629,38.79917],[20.694141,38.844238],[20.634668,38.817578],[20.59248,38.760156],[20.55791,38.661865],[20.554688,38.582568]]],[[[20.619531,37.855029],[20.635059,37.823145],[20.703809,37.743457],[20.818555,37.664746],[20.909082,37.732129],[20.993945,37.708008],[20.888477,37.805371],[20.839844,37.840723],[20.758691,37.852979],[20.691504,37.929541],[20.619531,37.855029]]],[[[20.623633,38.480322],[20.646387,38.414307],[20.709277,38.318604],[20.758691,38.329443],[20.73916,38.365771],[20.711621,38.398633],[20.701074,38.425928],[20.70127,38.451416],[20.674805,38.476318],[20.649707,38.483984],[20.623633,38.480322]]],[[[21.083887,63.277539],[21.149316,63.199463],[21.253418,63.152002],[21.309766,63.162695],[21.318457,63.179492],[21.367188,63.207227],[21.377637,63.199219],[21.415625,63.197363],[21.421973,63.245898],[21.366016,63.261768],[21.287109,63.227783],[21.228516,63.222656],[21.217773,63.241309],[21.221777,63.259131],[21.236328,63.277734],[21.083887,63.277539]]],[[[21.214551,60.603857],[21.244336,60.525977],[21.3,60.479785],[21.369043,60.488232],[21.436914,60.483057],[21.450879,60.52959],[21.30127,60.595557],[21.268066,60.638281],[21.224707,60.620605],[21.214551,60.603857]]],[[[21.486035,60.126807],[21.540625,60.0979],[21.62832,60.107812],[21.648145,60.140869],[21.634082,60.168994],[21.567969,60.172314],[21.506738,60.14834],[21.486035,60.126807]]],[[[21.69502,60.114355],[21.733105,60.106152],[21.833203,60.140527],[21.864355,60.201807],[21.764258,60.198828],[21.704785,60.172314],[21.69502,60.114355]]],[[[21.805664,60.401221],[21.818652,60.381836],[21.921484,60.332275],[21.994238,60.33667],[21.979785,60.355225],[21.907813,60.393164],[21.950293,60.401709],[21.906836,60.438477],[21.827246,60.469922],[21.819336,60.452295],[21.845996,60.412451],[21.805664,60.401221]]],[[[21.854492,58.30166],[21.882129,58.262354],[22.03457,58.213379],[22.104395,58.17168],[22.187695,58.154346],[22.15293,58.115332],[21.985547,57.995166],[21.978027,57.963281],[21.996875,57.931348],[22.07627,57.936035],[22.152441,57.966797],[22.227344,58.051807],[22.269336,58.160742],[22.37168,58.217139],[22.498438,58.23623],[22.730273,58.230664],[22.757031,58.260889],[22.885156,58.311279],[22.979883,58.363867],[23.035449,58.372314],[23.082617,58.398486],[23.127148,58.435986],[23.323242,58.45083],[23.292871,58.483496],[22.964258,58.605713],[22.820117,58.621533],[22.753809,58.604687],[22.688379,58.597021],[22.617383,58.62124],[22.546973,58.627393],[22.474414,58.604883],[22.328125,58.580859],[22.266602,58.507959],[22.205566,58.521387],[22.168555,58.51582],[22.081348,58.478125],[22.001855,58.510254],[21.924414,58.514258],[21.862305,58.497168],[21.984082,58.38667],[21.965039,58.348828],[21.924414,58.315869],[21.891016,58.30459],[21.854492,58.30166]]],[[[22.05625,58.943604],[22.161914,58.898486],[22.307422,58.895459],[22.411035,58.863379],[22.478906,58.753809],[22.472656,58.712061],[22.542188,58.68999],[22.661426,58.70918],[22.767285,58.820898],[22.792871,58.797217],[22.841699,58.777441],[22.92373,58.826904],[23.008691,58.833936],[22.981641,58.919824],[22.909863,58.991211],[22.725488,59.015088],[22.712207,59.031982],[22.702246,59.074414],[22.649414,59.087109],[22.587207,59.081201],[22.50459,59.026465],[22.462598,58.974316],[22.05625,58.943604]]],[[[22.077148,60.286328],[22.140527,60.264893],[22.188086,60.236768],[22.209375,60.196973],[22.258301,60.165625],[22.360547,60.165576],[22.346289,60.202832],[22.305762,60.228564],[22.312891,60.269971],[22.415527,60.303369],[22.35498,60.355859],[22.301758,60.347559],[22.175098,60.370752],[22.125879,60.355859],[22.108203,60.314893],[22.077148,60.286328]]],[[[22.870313,38.870508],[22.881348,38.847656],[22.935742,38.839648],[23.029102,38.873389],[23.143945,38.844824],[23.252148,38.801221],[23.364063,38.73501],[23.465234,38.655859],[23.505273,38.612939],[23.55332,38.581982],[23.617383,38.552539],[23.650781,38.443066],[23.758789,38.401221],[23.88623,38.400732],[24.040137,38.38999],[24.041895,38.374121],[24.063574,38.337207],[24.102832,38.316846],[24.144141,38.243066],[24.189063,38.204297],[24.192578,38.15166],[24.212012,38.117529],[24.317773,38.060352],[24.359473,38.018555],[24.416504,38.016553],[24.445801,38.00498],[24.472656,37.980518],[24.502344,37.969922],[24.536523,37.979736],[24.578516,38.020166],[24.588379,38.123975],[24.563281,38.14751],[24.463965,38.145117],[24.359668,38.1625],[24.275781,38.22002],[24.220117,38.338623],[24.1875,38.463428],[24.211035,38.504248],[24.199707,38.541016],[24.154688,38.588281],[24.127539,38.648486],[24.099023,38.670996],[23.878223,38.686572],[23.688477,38.764697],[23.63623,38.770215],[23.525,38.813477],[23.471973,38.850098],[23.41543,38.958643],[23.312695,39.034912],[23.258203,39.031348],[23.145801,39.002686],[22.986328,38.915918],[22.870313,38.870508]]],[[[22.905664,36.320312],[22.91084,36.220996],[22.939453,36.176221],[23.042188,36.146387],[23.053809,36.189795],[23.09707,36.246582],[22.997852,36.328125],[22.950488,36.383936],[22.932617,36.36875],[22.905664,36.320312]]],[[[23.063477,58.611084],[23.260352,58.53999],[23.343555,58.550342],[23.356445,58.575537],[23.332813,58.648584],[23.16543,58.678125],[23.109082,58.659229],[23.063477,58.611084]]],[[[23.419336,37.93125],[23.435254,37.911475],[23.466797,37.902393],[23.511426,37.901172],[23.550977,37.925879],[23.534863,37.970215],[23.515527,37.986035],[23.483691,37.991113],[23.462207,37.980371],[23.439063,37.940674],[23.419336,37.93125]]],[[[23.547559,35.415576],[23.561621,35.295166],[23.592773,35.257227],[23.638086,35.235156],[23.703906,35.233496],[23.883594,35.246094],[23.994336,35.221924],[24.463672,35.160352],[24.583398,35.115332],[24.708887,35.089062],[24.735156,35.058301],[24.743945,35.014355],[24.745215,34.950635],[24.799805,34.934473],[25.205762,34.959277],[25.610938,35.007324],[25.829688,35.025195],[26.04668,35.01416],[26.165625,35.018604],[26.244336,35.044678],[26.255566,35.095166],[26.280859,35.159229],[26.298633,35.268604],[26.320215,35.315137],[26.285547,35.309766],[26.167871,35.215088],[26.028027,35.215283],[25.893359,35.179199],[25.837109,35.132568],[25.791309,35.122852],[25.74502,35.142725],[25.735156,35.184033],[25.755859,35.326367],[25.730176,35.348584],[25.569629,35.328076],[25.475684,35.306201],[25.296777,35.339355],[25.104297,35.346924],[25.003125,35.409863],[24.721289,35.424805],[24.626953,35.409912],[24.53457,35.380762],[24.444922,35.366016],[24.354004,35.359473],[24.312891,35.363818],[24.274902,35.385986],[24.257715,35.423145],[24.255371,35.468604],[24.178516,35.459521],[24.123145,35.483643],[24.108984,35.495801],[24.124023,35.51084],[24.197754,35.537451],[24.166016,35.595215],[24.093359,35.593848],[24.034375,35.5354],[24.013281,35.529443],[23.920605,35.528174],[23.852246,35.535449],[23.793359,35.556201],[23.770801,35.634229],[23.736914,35.655518],[23.715039,35.604736],[23.71543,35.550146],[23.672656,35.513916],[23.626563,35.530371],[23.608691,35.56626],[23.569824,35.534766],[23.547559,35.415576]]],[[[23.593945,39.208594],[23.666113,39.095361],[23.735156,39.080566],[23.779785,39.114404],[23.593945,39.208594]]],[[[23.841211,39.146582],[23.887988,39.158301],[23.939746,39.200537],[23.970898,39.267725],[23.888086,39.226367],[23.841211,39.146582]]],[[[24.277441,37.601123],[24.288965,37.528271],[24.355957,37.576855],[24.400781,37.649023],[24.379102,37.682715],[24.32041,37.677734],[24.277441,37.601123]]],[[[24.325977,36.655615],[24.530664,36.683984],[24.5375,36.705029],[24.535742,36.76377],[24.460352,36.747461],[24.450195,36.728955],[24.425195,36.712939],[24.357422,36.744287],[24.344922,36.722998],[24.325977,36.655615]]],[[[24.369727,37.419629],[24.397754,37.383447],[24.378906,37.314111],[24.435742,37.344434],[24.481445,37.408008],[24.448535,37.449561],[24.43125,37.475195],[24.394824,37.450391],[24.369727,37.419629]]],[[[24.424805,37.131982],[24.486523,37.110059],[24.523535,37.125098],[24.535938,37.167676],[24.529102,37.192334],[24.483789,37.210205],[24.441211,37.186865],[24.424805,37.131982]]],[[[24.461035,38.888623],[24.566406,38.832373],[24.564551,38.819434],[24.541016,38.788672],[24.569043,38.784814],[24.674707,38.809229],[24.58125,38.878857],[24.564063,38.942236],[24.485645,38.980273],[24.473438,38.96167],[24.461035,38.888623]]],[[[24.515527,40.647021],[24.645898,40.579443],[24.774219,40.615186],[24.768652,40.658887],[24.786328,40.703857],[24.773633,40.730273],[24.719141,40.786279],[24.62334,40.79292],[24.585547,40.76875],[24.516699,40.687207],[24.515527,40.647021]]],[[[24.576563,65.042871],[24.578613,64.978564],[24.698926,64.957813],[24.848242,64.991016],[24.891797,65.02627],[24.997559,65.038721],[24.970605,65.055322],[24.786035,65.086426],[24.651172,65.073975],[24.576563,65.042871]]],[[[24.670996,36.998584],[24.676465,36.959277],[24.702637,36.91709],[24.720898,36.921436],[24.763184,36.949219],[24.716113,37.023828],[24.681445,37.021631],[24.670996,36.998584]]],[[[24.700195,37.96167],[24.714355,37.898877],[24.766504,37.870703],[24.798535,37.824023],[24.884082,37.770508],[24.962207,37.692383],[24.991699,37.759619],[24.980469,37.796924],[24.948438,37.857666],[24.956348,37.904785],[24.855078,37.913672],[24.79043,37.990137],[24.763379,37.9875],[24.700195,37.96167]]],[[[24.895313,37.446338],[24.896191,37.406592],[24.911523,37.390576],[24.937891,37.389697],[24.942871,37.493506],[24.906543,37.508887],[24.895313,37.446338]]],[[[24.996484,37.676904],[25.016309,37.645947],[25.051953,37.614453],[25.156348,37.545068],[25.21875,37.535107],[25.255859,37.599609],[25.225391,37.630664],[25.091797,37.647998],[25.039355,37.680664],[24.996484,37.676904]]],[[[25.052344,39.976367],[25.065234,39.909863],[25.062207,39.852393],[25.126465,39.82583],[25.185156,39.829932],[25.203223,39.849414],[25.223828,39.892578],[25.249414,39.894141],[25.251758,39.854395],[25.263379,39.822949],[25.29873,39.806104],[25.357031,39.808105],[25.37207,39.891309],[25.399902,39.949561],[25.437695,39.983301],[25.449121,40.034814],[25.373633,40.015527],[25.348047,39.984766],[25.285742,39.956299],[25.23418,40.00542],[25.058008,39.999658],[25.052344,39.976367]]],[[[25.105469,37.034961],[25.133301,36.999658],[25.199414,36.991309],[25.278906,37.068408],[25.271484,37.08418],[25.275293,37.137842],[25.235059,37.148535],[25.146484,37.107422],[25.105469,37.034961]]],[[[25.259961,36.758447],[25.288672,36.721533],[25.364355,36.65835],[25.381738,36.674023],[25.406934,36.717334],[25.295898,36.78916],[25.259961,36.758447]]],[[[25.307129,37.412988],[25.402734,37.419141],[25.457422,37.44707],[25.462988,37.471094],[25.348145,37.50918],[25.312695,37.489307],[25.307129,37.412988]]],[[[25.361914,37.07041],[25.395898,36.984375],[25.456738,36.929688],[25.545898,36.967578],[25.584277,37.039307],[25.587891,37.152539],[25.564355,37.185107],[25.525293,37.196387],[25.361914,37.07041]]],[[[25.370508,36.358936],[25.435938,36.340088],[25.482422,36.392627],[25.467383,36.435059],[25.408984,36.47373],[25.396875,36.465332],[25.414648,36.442285],[25.412891,36.404883],[25.397168,36.378955],[25.370508,36.358936]]],[[[25.448047,40.482812],[25.572656,40.400439],[25.685742,40.426562],[25.664258,40.463867],[25.624316,40.491992],[25.568555,40.515869],[25.448047,40.482812]]],[[[25.668945,40.135889],[25.740234,40.105469],[25.97002,40.136328],[25.977051,40.177832],[25.918359,40.237988],[25.874805,40.233691],[25.740918,40.196289],[25.668945,40.135889]]],[[[25.743164,36.789746],[25.771094,36.782227],[25.859375,36.79043],[25.984668,36.879687],[26.064453,36.902734],[26.000684,36.937402],[25.941992,36.886572],[25.852441,36.847559],[25.834375,36.825391],[25.796777,36.807031],[25.743164,36.789746]]],[[[25.844141,39.200049],[25.855469,39.178662],[25.90625,39.138965],[26.072363,39.095605],[26.175977,39.194287],[26.273145,39.197559],[26.245117,39.164111],[26.10791,39.081055],[26.16084,39.025879],[26.390137,38.973926],[26.46875,38.972803],[26.547168,38.994141],[26.503125,39.031445],[26.488672,39.074805],[26.531543,39.064355],[26.583984,39.031445],[26.595605,39.048828],[26.578223,39.109521],[26.531055,39.171777],[26.392773,39.270117],[26.410156,39.329443],[26.347754,39.383008],[26.16543,39.373535],[26.164844,39.331982],[26.088379,39.304297],[26.026465,39.284619],[25.90957,39.287549],[25.844141,39.200049]]],[[[25.846094,38.574023],[25.85127,38.508398],[25.959961,38.416016],[25.991406,38.353516],[25.952637,38.302637],[25.874316,38.269629],[25.891895,38.243311],[25.998535,38.161523],[26.094043,38.218066],[26.103125,38.23418],[26.110742,38.279639],[26.157031,38.30293],[26.149609,38.468457],[26.141211,38.486182],[26.160352,38.540723],[26.110449,38.544629],[26.0125,38.601709],[25.846094,38.574023]]],[[[25.982422,37.525586],[26.029297,37.529395],[26.204883,37.568506],[26.296875,37.61958],[26.351367,37.674316],[26.325586,37.673047],[26.211523,37.638281],[26.086328,37.634912],[25.996777,37.565576],[25.982422,37.525586]]],[[[26.269824,36.59541],[26.27002,36.546924],[26.331445,36.511377],[26.381641,36.561523],[26.460645,36.5854],[26.421289,36.624219],[26.37002,36.638574],[26.38418,36.607861],[26.337012,36.580566],[26.269824,36.59541]]],[[[26.581055,37.72373],[26.612891,37.710498],[26.720508,37.705469],[26.788281,37.656982],[26.844922,37.644727],[26.978125,37.700488],[27.055078,37.709277],[27.039648,37.77002],[26.981543,37.781982],[26.947363,37.778467],[26.824414,37.811426],[26.743359,37.809766],[26.638672,37.780859],[26.581055,37.72373]]],[[[26.888672,37.087256],[26.937695,37.024609],[26.919922,36.945215],[27.019727,36.959033],[27.03457,36.975977],[27.040137,37.001562],[27.016016,37.009668],[26.966602,37.0521],[26.888672,37.087256]]],[[[26.918359,36.725928],[26.949609,36.7271],[27.033594,36.770752],[27.150977,36.777588],[27.193164,36.809131],[27.352148,36.868896],[27.265625,36.905127],[27.214941,36.898633],[27.061133,36.840381],[26.955566,36.774219],[26.918359,36.725928]]],[[[27.070703,35.597754],[27.11582,35.511133],[27.099121,35.456445],[27.137891,35.409082],[27.176074,35.465283],[27.233594,35.478564],[27.208887,35.558936],[27.157227,35.629492],[27.207031,35.714453],[27.223145,35.820459],[27.158008,35.788672],[27.156055,35.72627],[27.070703,35.597754]]],[[[27.715527,35.957324],[27.745703,35.911035],[27.770605,35.908301],[27.842773,35.929297],[27.965527,36.04751],[28.087793,36.065332],[28.067676,36.129687],[28.144043,36.209863],[28.230078,36.370264],[28.231836,36.433643],[28.171484,36.426221],[27.914453,36.345312],[27.815234,36.276953],[27.774414,36.21377],[27.716309,36.171582],[27.718652,36.141113],[27.757324,36.069189],[27.715527,35.957324]]],[[[27.785742,36.60752],[27.788086,36.583691],[27.838281,36.537988],[27.860156,36.553906],[27.869043,36.582666],[27.869824,36.62251],[27.8625,36.641162],[27.836816,36.634863],[27.785742,36.60752]]],[[[29.744238,69.791602],[29.766211,69.767529],[29.956152,69.796777],[30.055176,69.838379],[29.992969,69.873242],[29.913965,69.902441],[29.83584,69.905566],[29.785938,69.829053],[29.744238,69.791602]]],[[[31.508789,46.373145],[31.528711,46.306592],[31.563867,46.257764],[31.700195,46.214062],[32.009375,46.167822],[32.150098,46.154687],[32.012207,46.203906],[31.638477,46.272559],[31.584863,46.303174],[31.508789,46.373145]]],[[[32.300977,35.082959],[32.317188,34.95332],[32.41377,34.778027],[32.449023,34.729443],[32.505566,34.70625],[32.692969,34.649365],[32.750098,34.647803],[32.867188,34.661133],[32.914258,34.635498],[32.941797,34.575879],[33.00791,34.56958],[33.023926,34.6],[33.024902,34.636914],[33.062305,34.674805],[33.115527,34.695557],[33.176074,34.698047],[33.296582,34.717725],[33.414941,34.750879],[33.514453,34.806445],[33.699414,34.969873],[33.758984,34.973242],[33.822461,34.965918],[33.936523,34.971484],[34.050195,34.988379],[34.023633,35.045557],[34.004492,35.065234],[33.93125,35.140381],[33.90791,35.202393],[33.941992,35.292041],[34.463184,35.593506],[34.556055,35.662061],[34.411133,35.629297],[34.272363,35.569971],[34.19248,35.545703],[34.063477,35.473975],[33.607617,35.35415],[33.458789,35.335889],[33.307813,35.341504],[33.123438,35.358203],[32.941602,35.39043],[32.926367,35.278076],[32.879883,35.180566],[32.772363,35.15957],[32.712695,35.171045],[32.652344,35.182666],[32.555957,35.155762],[32.475,35.08999],[32.390918,35.049805],[32.300977,35.082959]]],[[[35.528906,65.151074],[35.558594,65.093604],[35.621387,65.058789],[35.680078,65.057617],[35.778711,64.97666],[35.842285,65.001465],[35.827344,65.036475],[35.858398,65.07793],[35.848438,65.142676],[35.816113,65.18208],[35.729102,65.197559],[35.608691,65.157129],[35.585742,65.16709],[35.528906,65.151074]]],[[[36.504297,25.645117],[36.530273,25.601562],[36.72207,25.534033],[36.763867,25.500586],[36.805078,25.450732],[36.875195,25.383057],[36.90166,25.383057],[36.954785,25.414648],[36.924414,25.425537],[36.747559,25.55874],[36.58877,25.619824],[36.554102,25.645361],[36.533594,25.688721],[36.504297,25.645117]]],[[[36.543945,25.734277],[36.586133,25.699219],[36.595508,25.712793],[36.595605,25.734863],[36.579883,25.79541],[36.582715,25.855518],[36.546484,25.811621],[36.543945,25.734277]]],[[[39.182324,-6.172559],[39.243457,-6.275],[39.312695,-6.279102],[39.382617,-6.364941],[39.423633,-6.347852],[39.447363,-6.419727],[39.480957,-6.453711],[39.50918,-6.45166],[39.563184,-6.427246],[39.573047,-6.387402],[39.496484,-6.174609],[39.487891,-6.166211],[39.433301,-6.11543],[39.368262,-5.951172],[39.357227,-5.811523],[39.308984,-5.721973],[39.266992,-5.853125],[39.192383,-5.931055],[39.20625,-6.083203],[39.182324,-6.172559]]],[[[39.60293,-7.936133],[39.636133,-7.977832],[39.657227,-7.990527],[39.711328,-7.977441],[39.761816,-7.911914],[39.824414,-7.900684],[39.897754,-7.728125],[39.907129,-7.649219],[39.890918,-7.663477],[39.846582,-7.730273],[39.716602,-7.831543],[39.660645,-7.900586],[39.60293,-7.936133]]],[[[39.646777,-5.368555],[39.673438,-5.406641],[39.707617,-5.429492],[39.749316,-5.443848],[39.795898,-5.394434],[39.853027,-5.255469],[39.858984,-5.155176],[39.855664,-5.004004],[39.870996,-4.956543],[39.865039,-4.906152],[39.780762,-4.944922],[39.673438,-4.927051],[39.701074,-5.113672],[39.646777,-5.368555]]],[[[39.939941,15.744531],[40.016309,15.733252],[40.070508,15.676611],[40.063477,15.665869],[40.023926,15.655615],[39.947461,15.696143],[39.975195,15.612451],[40.095117,15.590918],[40.195801,15.598145],[40.304688,15.577344],[40.399023,15.579883],[40.408203,15.629199],[40.250098,15.703467],[40.234082,15.665869],[40.211426,15.648145],[40.18252,15.64292],[40.141211,15.696143],[40.132422,15.795264],[40.096777,15.838477],[40.042578,15.875488],[39.956738,15.889404],[40.000488,15.828271],[39.979395,15.806592],[39.945215,15.789062],[39.939941,15.744531]]],[[[39.996094,16.042676],[40.012402,16.022656],[40.110059,15.985742],[40.076465,16.082422],[40.048145,16.104492],[40.039062,16.080957],[39.996094,16.042676]]],[[[40.957324,-2.167285],[40.994434,-2.158398],[41.118164,-2.100098],[41.136816,-2.085059],[41.139258,-2.069824],[41.130664,-2.053027],[41.086035,-2.036523],[40.976465,-2.109766],[40.957324,-2.167285]]],[[[41.776074,16.846875],[41.801563,16.77876],[41.897266,16.684277],[41.96416,16.653467],[42.071777,16.671484],[42.102344,16.643945],[42.108398,16.618457],[42.127734,16.594824],[42.157813,16.570703],[42.167188,16.596387],[42.17041,16.708643],[42.059961,16.803516],[42.026367,16.757666],[42.033203,16.741943],[42.065039,16.710059],[41.987695,16.715625],[41.94668,16.748926],[41.9625,16.778662],[41.953906,16.80625],[41.947949,16.936426],[41.917285,16.993652],[41.860449,17.002539],[41.884961,16.946826],[41.858203,16.89292],[41.816113,16.860156],[41.776074,16.846875]]],[[[42.460059,66.770361],[42.477344,66.735059],[42.675586,66.688086],[42.713672,66.701709],[42.690723,66.735303],[42.631445,66.782227],[42.547461,66.795508],[42.468555,66.785547],[42.460059,66.770361]]],[[[42.549023,15.320068],[42.558691,15.281201],[42.590234,15.303418],[42.610449,15.332275],[42.624512,15.367969],[42.602344,15.43252],[42.569727,15.407324],[42.549023,15.320068]]],[[[42.689746,13.673633],[42.755859,13.704297],[42.794141,13.766113],[42.78125,13.769287],[42.734961,13.752979],[42.689746,13.673633]]],[[[42.694043,14.00791],[42.756055,13.954883],[42.774219,13.950244],[42.787402,13.971484],[42.79834,14.012256],[42.762109,14.06748],[42.694043,14.00791]]],[[[47.917578,45.618164],[47.920313,45.562061],[47.967676,45.469971],[47.983008,45.488232],[47.987109,45.554053],[47.947168,45.64707],[47.917578,45.618164]]],[[[48.081445,29.798926],[48.142578,29.665283],[48.179688,29.611426],[48.218262,29.601953],[48.275391,29.624316],[48.340234,29.694727],[48.347363,29.719971],[48.348242,29.782666],[48.227734,29.936328],[48.184766,29.978857],[48.158594,29.95957],[48.138867,29.896582],[48.120117,29.886328],[48.113477,29.870215],[48.114746,29.848779],[48.081445,29.798926]]],[[[48.278809,69.040332],[48.294434,68.984229],[48.315918,68.942383],[48.439063,68.804883],[48.666992,68.733154],[48.910352,68.743066],[49.180469,68.778418],[49.62627,68.859717],[49.839844,68.973779],[49.920801,69.053271],[50.093945,69.125537],[50.140918,69.098145],[50.164453,69.037549],[50.220605,69.048779],[50.283008,69.088867],[50.265234,69.185596],[50.167285,69.25708],[49.996289,69.309424],[49.225195,69.51123],[48.95332,69.509277],[48.844922,69.494727],[48.631348,69.436035],[48.413867,69.345654],[48.319922,69.269238],[48.296289,69.183887],[48.280273,69.096631],[48.278809,69.040332]]],[[[49.995117,44.936963],[50.095313,44.830615],[50.14873,44.826465],[50.184473,44.854639],[50.098145,44.881543],[50.038867,44.949121],[50.045313,45.01001],[50.116602,45.058252],[50.109863,45.081934],[50.059375,45.066797],[50.023047,45.044727],[49.995117,44.936963]]],[[[50.256152,45.022412],[50.277246,44.958594],[50.311719,44.97207],[50.330859,44.998437],[50.349707,45.083008],[50.294922,45.075928],[50.256152,45.022412]]],[[[50.452441,26.19082],[50.489453,26.058447],[50.465918,25.965527],[50.544043,25.833496],[50.574902,25.806787],[50.607227,25.883105],[50.61748,26.002344],[50.609766,26.124463],[50.557813,26.198291],[50.585938,26.240723],[50.564063,26.246436],[50.469922,26.228955],[50.452441,26.19082]]],[[[52.554297,45.473975],[52.59834,45.428174],[52.664844,45.401318],[52.682422,45.411816],[52.692969,45.460742],[52.65957,45.518066],[52.608887,45.528027],[52.554297,45.473975]]],[[[52.582227,24.335254],[52.6,24.281299],[52.616895,24.288574],[52.657617,24.332617],[52.629395,24.376758],[52.583594,24.352344],[52.582227,24.335254]]],[[[53.018555,39.052734],[53.045898,38.897217],[53.100195,38.756152],[53.10957,38.803076],[53.055176,39.037939],[53.092188,39.094092],[53.05332,39.096582],[53.018555,39.052734]]],[[[53.190918,24.290918],[53.258301,24.25293],[53.332227,24.258594],[53.382617,24.280859],[53.408984,24.30791],[53.445312,24.371191],[53.412402,24.411035],[53.370898,24.364453],[53.33252,24.341602],[53.190918,24.290918]]],[[[53.31582,12.533154],[53.499414,12.425342],[53.59834,12.342285],[53.718848,12.318994],[54.129492,12.360645],[54.271289,12.446631],[54.41377,12.483301],[54.45,12.523438],[54.511133,12.552783],[54.187402,12.664014],[53.918555,12.659424],[53.824805,12.624805],[53.763184,12.636816],[53.638477,12.707373],[53.534961,12.715771],[53.430957,12.663574],[53.403906,12.63335],[53.388477,12.601855],[53.31582,12.533154]]],[[[53.634473,24.169775],[53.71582,24.145313],[53.799121,24.135547],[53.826367,24.153125],[53.928125,24.143359],[53.927832,24.177197],[53.89375,24.215137],[53.833789,24.258936],[53.689648,24.210791],[53.634473,24.169775]]],[[[54.334766,24.471045],[54.357715,24.442773],[54.428418,24.425098],[54.456641,24.42334],[54.46543,24.442773],[54.426563,24.471045],[54.39834,24.506348],[54.378906,24.50459],[54.334766,24.471045]]],[[[55.29502,26.639209],[55.311523,26.592627],[55.34043,26.585742],[55.42373,26.583105],[55.543164,26.617529],[55.674609,26.68584],[55.747266,26.69248],[55.847656,26.730811],[55.894141,26.732275],[55.954297,26.701123],[56.094922,26.801172],[56.187988,26.921143],[56.279395,26.9521],[56.213965,27.003271],[56.074121,26.98335],[55.907129,26.909814],[55.757617,26.947656],[55.747461,26.930957],[55.78457,26.857178],[55.762598,26.811963],[55.531738,26.71001],[55.346973,26.647949],[55.296484,26.657568],[55.29502,26.639209]]],[[[55.383398,-4.609277],[55.416797,-4.650293],[55.48125,-4.694824],[55.494727,-4.75459],[55.542969,-4.785547],[55.540332,-4.693066],[55.455762,-4.558789],[55.383398,-4.609277]]],[[[58.640918,20.210693],[58.659082,20.203613],[58.72207,20.21875],[58.772266,20.266846],[58.835156,20.423926],[58.950781,20.516162],[58.884375,20.680566],[58.787988,20.496582],[58.641211,20.337354],[58.640918,20.210693]]],[[[58.76799014265854,70],[58.952734,69.892773],[59.004004,69.883301],[59.08252,69.910791],[59.144238,69.921924],[59.268359,69.898438],[59.381543,69.89043],[59.502637,69.866211],[59.58125,69.790869],[59.578223,69.738623],[59.637012,69.721045],[59.724609,69.706201],[59.812793,69.695654],[59.919531,69.696973],[60.026172,69.717041],[60.215918,69.687695],[60.327148,69.715283],[60.440234,69.725928],[60.477246,69.793701],[60.480664,69.885498],[60.450488,69.934863],[60.392578,69.962402],[60.255550860612075,70],[58.76799014265854,70]]],[[[67.025879,69.483203],[67.047266,69.467041],[67.097852,69.447168],[67.263965,69.442529],[67.344922,69.529834],[67.328906,69.572119],[67.216113,69.575391],[67.025879,69.483203]]],[[[69.469336,66.715967],[69.651367,66.565332],[69.844727,66.489746],[70.020703,66.502197],[70.05918,66.517578],[70.110059,66.569092],[70.057227,66.599463],[70.057617,66.627197],[70.07666,66.695898],[69.917578,66.71167],[69.800391,66.736475],[69.616406,66.739014],[69.502734,66.751074],[69.469336,66.715967]]],[[[72.349707,-7.263379],[72.407617,-7.334473],[72.429102,-7.435352],[72.46875,-7.417188],[72.491992,-7.377441],[72.498535,-7.294824],[72.493555,-7.261719],[72.445605,-7.22041],[72.435742,-7.230273],[72.46543,-7.278223],[72.47373,-7.309668],[72.462207,-7.337793],[72.467188,-7.367578],[72.447266,-7.395703],[72.427441,-7.299805],[72.372852,-7.263379],[72.349707,-7.263379]]],[[[72.772461,11.214258],[72.773047,11.196094],[72.780371,11.20249],[72.787891,11.215918],[72.792871,11.241553],[72.795898,11.260449],[72.792676,11.262744],[72.781836,11.243311],[72.772461,11.214258]]],[[[73.023438,8.265918],[73.028516,8.253516],[73.038867,8.251953],[73.05332,8.256689],[73.067383,8.269092],[73.079785,8.293066],[73.083594,8.311035],[73.079492,8.316504],[73.075195,8.306348],[73.055859,8.274561],[73.038965,8.264844],[73.026074,8.275293],[73.023438,8.265918]]],[[[73.382031,3.246484],[73.395313,3.229395],[73.416602,3.23125],[73.434961,3.250146],[73.442773,3.274316],[73.427734,3.289844],[73.401563,3.28877],[73.384961,3.271387],[73.382031,3.246484]]],[[[73.473047,4.170703],[73.478613,4.158936],[73.494824,4.155176],[73.512207,4.164551],[73.519043,4.186865],[73.522168,4.211035],[73.527148,4.229687],[73.52832,4.243311],[73.517773,4.247656],[73.504102,4.234619],[73.494727,4.210449],[73.481152,4.188135],[73.473047,4.170703]]],[[[79.707812,8.065674],[79.759961,7.796484],[79.79209,7.585205],[79.859375,6.829297],[79.946973,6.584521],[80.007227,6.364404],[80.095313,6.153174],[80.267383,6.009766],[80.495801,5.949365],[80.724121,5.979053],[80.971094,6.088379],[81.30625,6.203857],[81.37998,6.240918],[81.637402,6.425146],[81.712695,6.511865],[81.767773,6.614307],[81.818555,6.756201],[81.861426,6.90127],[81.876953,7.020459],[81.874121,7.28833],[81.832031,7.428418],[81.79668,7.464795],[81.727344,7.625],[81.68291,7.684473],[81.67627,7.710938],[81.678711,7.741553],[81.66543,7.782471],[81.435938,8.118896],[81.422168,8.147852],[81.422168,8.215234],[81.372852,8.431445],[81.333984,8.47207],[81.274609,8.483594],[81.226953,8.505518],[81.216211,8.549414],[81.219238,8.608398],[81.198242,8.661963],[81.016016,8.932617],[80.979199,8.956934],[80.935449,8.971484],[80.910059,9.024512],[80.893457,9.085889],[80.711133,9.366357],[80.375977,9.642334],[80.252832,9.796338],[80.180957,9.81001],[80.078418,9.807471],[79.982324,9.812695],[79.966992,9.792627],[79.954004,9.742334],[79.979492,9.699365],[80.045801,9.649902],[80.257617,9.611279],[80.385352,9.548779],[80.42832,9.480957],[80.367969,9.480469],[80.317969,9.46543],[80.256445,9.494775],[80.196094,9.538135],[80.086328,9.577832],[80.110938,9.453271],[80.118359,9.326855],[80.099609,9.209961],[80.064844,9.095654],[79.928906,8.899219],[79.92793,8.846436],[79.943652,8.741162],[79.941797,8.691504],[79.850879,8.411572],[79.831934,8.304053],[79.808887,8.05],[79.783496,8.018457],[79.749707,8.048877],[79.749805,8.294238],[79.712988,8.182324],[79.707812,8.065674]]],[[[79.747656,9.10459],[79.766797,9.069775],[79.821094,9.026855],[79.903711,8.975],[79.874805,9.050732],[79.859961,9.065723],[79.747656,9.10459]]],[[[79.845703,9.714648],[79.857422,9.686377],[79.906836,9.619824],[79.969531,9.630664],[79.911914,9.67915],[79.888477,9.741162],[79.872266,9.744336],[79.858594,9.734375],[79.845703,9.714648]]],[[[90.50293,22.835352],[90.522559,22.74751],[90.560352,22.672559],[90.564941,22.617627],[90.649219,22.540674],[90.674902,22.444971],[90.680469,22.32749],[90.515039,22.065137],[90.603613,22.054199],[90.777637,22.089307],[90.829883,22.159961],[90.86582,22.390576],[90.868164,22.484863],[90.736914,22.638721],[90.699219,22.713525],[90.683008,22.785303],[90.672266,22.813184],[90.596484,22.863525],[90.50293,22.835352]]],[[[90.536328,23.014893],[90.562305,22.975439],[90.603906,22.945557],[90.65957,22.92002],[90.641797,22.962988],[90.579883,23.035449],[90.536328,23.014893]]],[[[91.044727,22.105176],[91.150781,22.175195],[91.178223,22.283008],[91.158301,22.36543],[91.079492,22.519727],[91.044727,22.105176]]],[[[91.411328,22.475684],[91.466895,22.378418],[91.510449,22.352783],[91.556738,22.382227],[91.54834,22.425391],[91.523047,22.490723],[91.483984,22.576562],[91.456055,22.616504],[91.438867,22.598828],[91.411328,22.475684]]],[[[91.819727,21.809814],[91.837598,21.750244],[91.873828,21.832129],[91.88252,21.883643],[91.861328,21.92666],[91.850684,21.927051],[91.835156,21.885352],[91.819727,21.809814]]],[[[91.857031,21.708789],[91.873242,21.574414],[91.859473,21.532959],[91.888867,21.50332],[91.949219,21.508057],[91.961914,21.609766],[91.948633,21.682568],[91.933984,21.722168],[91.907715,21.722949],[91.857031,21.708789]]],[[[92.352832,10.751123],[92.377148,10.650586],[92.369531,10.547412],[92.472656,10.520752],[92.502832,10.554883],[92.574316,10.704248],[92.554004,10.799805],[92.510352,10.897461],[92.447852,10.865527],[92.370703,10.793506],[92.352832,10.751123]]],[[[92.533887,11.873389],[92.559668,11.833447],[92.575586,11.718213],[92.668359,11.538721],[92.700781,11.512549],[92.722754,11.536084],[92.764648,11.63916],[92.766992,11.764648],[92.797559,11.874658],[92.796777,11.917529],[92.763965,11.94043],[92.747656,11.992773],[92.78623,12.034668],[92.798828,12.079248],[92.867188,12.181445],[92.879492,12.22793],[92.863672,12.436035],[92.932617,12.453076],[92.990234,12.538525],[92.965039,12.850488],[92.88623,12.942285],[92.909961,12.975195],[92.951367,13.0625],[93.004687,13.089355],[93.042969,13.154883],[93.066113,13.221582],[93.073828,13.2521],[93.016016,13.336182],[93.07666,13.400684],[93.066699,13.436475],[93.062305,13.545459],[93.029395,13.543848],[92.924609,13.48584],[92.857324,13.358105],[92.860156,13.230566],[92.808984,13.0396],[92.830859,13.002637],[92.807031,12.878906],[92.753125,12.820898],[92.740039,12.779639],[92.75918,12.669092],[92.732031,12.615625],[92.720703,12.54126],[92.718945,12.357324],[92.734082,12.335938],[92.777637,12.302539],[92.788281,12.225781],[92.769238,12.215576],[92.694727,12.214697],[92.676465,12.192383],[92.640625,12.112207],[92.631836,12.013867],[92.60752,11.949512],[92.566504,11.930518],[92.533887,11.873389]]],[[[92.595703,11.386426],[92.644531,11.361328],[92.693164,11.381152],[92.687207,11.41123],[92.690039,11.463428],[92.640234,11.509131],[92.633887,11.426758],[92.595703,11.386426]]],[[[92.679688,12.939258],[92.685742,12.799951],[92.717578,12.864893],[92.730859,12.948535],[92.710645,12.961572],[92.694434,12.956787],[92.679688,12.939258]]],[[[92.713281,9.204883],[92.716602,9.165088],[92.743555,9.130957],[92.7875,9.13667],[92.809277,9.173389],[92.785742,9.240527],[92.762109,9.243896],[92.738574,9.230664],[92.713281,9.204883]]],[[[92.912695,19.999805],[92.975195,19.868018],[93.023242,19.828857],[93.010156,19.923926],[92.95957,20.046191],[92.914648,20.086475],[92.912695,19.999805]]],[[[92.955371,12.002441],[92.981738,11.959473],[93.062109,11.899414],[93.017383,12.036816],[92.995801,12.031787],[92.955371,12.002441]]],[[[93.064258,8.274951],[93.115234,8.218506],[93.170605,8.212061],[93.140723,8.249512],[93.096973,8.349365],[93.077539,8.327881],[93.064258,8.274951]]],[[[93.309375,7.964014],[93.341992,7.919336],[93.365039,7.876562],[93.442578,7.877832],[93.447363,7.899121],[93.433691,7.948389],[93.375488,8.01792],[93.334473,8.006934],[93.309375,7.964014]]],[[[93.412891,19.950342],[93.419531,19.877588],[93.444629,19.806445],[93.513281,19.754785],[93.491797,19.892578],[93.412891,19.950342]]],[[[93.456445,8.171875],[93.46123,8.108594],[93.469727,8.072656],[93.471777,8.052686],[93.478223,8.024463],[93.490039,8.019434],[93.536914,8.056641],[93.511621,8.159766],[93.531641,8.21377],[93.494043,8.224658],[93.456445,8.171875]]],[[[93.4875,18.867529],[93.569922,18.75957],[93.674023,18.675684],[93.69082,18.684277],[93.718359,18.715723],[93.745508,18.808057],[93.744727,18.865527],[93.618262,18.888818],[93.4875,18.867529]]],[[[93.597266,7.31875],[93.638477,7.261865],[93.733594,7.356494],[93.69248,7.410596],[93.654688,7.379932],[93.614258,7.358105],[93.597266,7.31875]]],[[[93.644043,19.495068],[93.662207,19.458936],[93.732324,19.416309],[93.755859,19.325684],[93.815234,19.298682],[93.901953,19.332031],[93.933984,19.36543],[93.947461,19.408154],[93.945703,19.428613],[93.874707,19.481055],[93.829492,19.475293],[93.714844,19.558252],[93.688379,19.544434],[93.644043,19.495068]]],[[[93.656348,7.13623],[93.658008,7.016064],[93.709277,7.000684],[93.828809,6.748682],[93.890039,6.831055],[93.92959,6.973486],[93.858984,7.206836],[93.822461,7.236621],[93.68418,7.183594],[93.656348,7.13623]]],[[[94.387891,15.994141],[94.411914,15.848389],[94.476758,15.945947],[94.566113,16.019287],[94.618652,16.141309],[94.60127,16.205518],[94.545996,16.152832],[94.49375,16.075342],[94.387891,15.994141]]],[[[94.733496,15.823047],[94.743359,15.812109],[94.784375,15.793848],[94.804883,15.819336],[94.838184,15.89209],[94.828027,15.933008],[94.733496,15.823047]]],[[[95.206641,5.284033],[95.38125,4.976172],[95.431934,4.865039],[95.494727,4.761377],[95.578613,4.661963],[95.987988,4.263281],[96.230078,4.072754],[96.31084,3.986328],[96.444727,3.816309],[96.525391,3.766602],[96.800977,3.708545],[96.893945,3.653711],[96.968945,3.575146],[97.188379,3.275732],[97.247949,3.189014],[97.313184,3.077051],[97.391309,2.975293],[97.59082,2.846582],[97.616797,2.785107],[97.640625,2.676416],[97.662012,2.494287],[97.700781,2.358545],[97.79502,2.282861],[97.918555,2.264209],[98.005078,2.238184],[98.086523,2.195068],[98.564258,1.902148],[98.595313,1.8646],[98.702539,1.701953],[98.796387,1.494629],[98.935547,1.031934],[99.05957,0.686377],[99.111719,0.458936],[99.15918,0.351758],[99.236426,0.267773],[99.33457,0.208594],[99.597656,0.102441],[99.669824,0.045068],[99.721289,-0.032959],[99.860059,-0.31377],[99.930664,-0.400195],[100.016699,-0.474219],[100.087891,-0.55293],[100.289062,-0.798828],[100.308203,-0.82666],[100.393945,-1.10127],[100.486523,-1.299121],[100.855273,-1.93418],[100.848047,-2.143945],[100.889551,-2.248535],[100.944434,-2.345215],[101.118555,-2.587793],[101.20625,-2.663965],[101.305664,-2.728711],[101.366211,-2.808496],[101.414258,-2.898828],[101.578613,-3.166992],[101.649023,-3.244043],[101.817871,-3.378027],[102.127539,-3.599219],[102.187695,-3.674512],[102.371973,-3.969238],[102.537695,-4.152148],[102.918945,-4.470703],[103.138672,-4.596191],[103.238867,-4.675684],[103.332129,-4.765234],[103.405664,-4.816406],[103.770312,-5.032813],[103.831445,-5.07959],[104.066797,-5.385938],[104.150488,-5.466602],[104.242969,-5.538867],[104.369531,-5.690723],[104.480859,-5.803125],[104.601562,-5.90459],[104.631055,-5.90791],[104.683984,-5.892676],[104.675977,-5.816211],[104.618164,-5.641504],[104.62168,-5.571777],[104.639551,-5.52041],[104.930273,-5.681152],[105.022656,-5.726855],[105.081348,-5.745508],[105.128125,-5.722852],[105.304004,-5.57002],[105.349414,-5.549512],[105.522656,-5.672754],[105.555566,-5.712305],[105.57793,-5.760645],[105.618555,-5.799609],[105.676562,-5.817578],[105.74834,-5.818262],[105.802734,-5.716406],[105.816113,-5.676563],[105.887207,-5.00957],[105.879297,-4.793652],[105.890527,-4.659766],[105.886523,-4.553906],[105.831445,-4.162891],[105.840625,-4.121777],[105.927734,-3.881348],[105.930469,-3.833008],[105.895508,-3.779688],[105.851562,-3.730566],[105.84375,-3.613672],[105.885059,-3.45127],[105.901465,-3.410059],[106.033691,-3.260938],[106.058398,-3.217188],[106.055762,-3.160645],[106.044336,-3.10625],[105.899121,-2.887793],[105.582031,-2.491992],[105.495313,-2.429688],[105.396973,-2.380176],[105.286523,-2.35625],[105.025879,-2.35752],[104.970801,-2.370898],[104.916992,-2.392188],[104.878418,-2.418848],[104.735742,-2.570898],[104.69834,-2.598145],[104.650781,-2.595215],[104.630566,-2.543359],[104.647266,-2.429883],[104.668457,-2.385547],[104.787305,-2.282715],[104.826074,-2.23418],[104.844531,-2.171777],[104.845215,-2.092969],[104.791016,-2.04082],[104.676367,-1.987207],[104.56875,-1.921777],[104.515918,-1.819434],[104.518555,-1.69873],[104.47832,-1.600098],[104.446875,-1.362402],[104.425684,-1.250684],[104.38125,-1.074219],[104.360547,-1.038379],[104.25752,-1.053418],[104.198535,-1.054297],[104.061133,-1.021387],[103.940039,-0.979102],[103.721094,-0.886719],[103.577539,-0.795703],[103.532715,-0.754688],[103.438574,-0.575586],[103.431152,-0.533594],[103.50918,-0.465527],[103.49541,-0.418066],[103.405176,-0.362207],[103.444434,-0.27168],[103.411621,-0.24043],[103.428516,-0.191797],[103.589453,-0.06875],[103.706445,-0.01958],[103.786719,0.046973],[103.742773,0.174414],[103.672656,0.288916],[103.578711,0.387061],[103.478906,0.480176],[103.412305,0.506934],[103.338965,0.513721],[103.276563,0.494531],[103.108691,0.399805],[103.002832,0.331982],[102.895898,0.278613],[102.77959,0.244482],[102.55,0.216455],[102.786328,0.297754],[103.00752,0.415332],[103.066504,0.491992],[103.031836,0.578906],[102.949316,0.664209],[102.849414,0.715479],[102.566406,0.748828],[102.469238,0.779297],[102.389941,0.841992],[102.239062,0.990332],[102.22334,1.018701],[102.197949,1.141699],[102.157227,1.258887],[102.098047,1.35791],[102.019922,1.442139],[101.784766,1.621387],[101.684277,1.66123],[101.575,1.670557],[101.47666,1.693066],[101.405078,1.757422],[101.357617,1.887012],[101.300781,2.011816],[101.225195,2.102246],[101.046191,2.257471],[100.935938,2.294727],[100.877051,2.283301],[100.828223,2.242578],[100.817773,2.194238],[100.816895,2.140186],[100.87666,2.050586],[100.887891,1.948242],[100.816797,1.989258],[100.685254,2.120068],[100.603613,2.136963],[100.523828,2.18916],[100.457031,2.257422],[100.401172,2.331641],[100.352734,2.411475],[100.307227,2.466602],[100.127246,2.647607],[100.021289,2.794238],[99.969434,2.894922],[99.906641,2.988184],[99.732324,3.183057],[99.521484,3.311182],[99.151172,3.58125],[98.868652,3.710352],[98.77793,3.759424],[98.705762,3.834766],[98.686523,3.885547],[98.658691,3.928125],[98.52832,3.997559],[98.307324,4.092871],[98.241211,4.194531],[98.27334,4.322314],[98.248438,4.414551],[98.020703,4.635205],[97.999805,4.662256],[97.966602,4.77749],[97.908398,4.87998],[97.706738,5.040137],[97.5875,5.170361],[97.547168,5.205859],[97.500195,5.22832],[97.451172,5.236035],[97.19043,5.207324],[97.085742,5.229932],[96.967773,5.269141],[96.842676,5.274463],[96.615234,5.220215],[96.492578,5.229346],[96.250879,5.266992],[96.133301,5.294287],[96.027344,5.351172],[95.841309,5.514502],[95.737305,5.579297],[95.628906,5.609082],[95.516992,5.624609],[95.396094,5.628809],[95.27959,5.592871],[95.227832,5.564795],[95.223828,5.51709],[95.242969,5.464307],[95.24707,5.410791],[95.220703,5.34624],[95.206641,5.284033]]],[[[95.217676,5.889502],[95.283203,5.798535],[95.342578,5.784131],[95.362109,5.812402],[95.366016,5.842676],[95.35918,5.876758],[95.28252,5.897754],[95.241992,5.907031],[95.217676,5.889502]]],[[[95.717188,2.825977],[95.733008,2.766504],[95.808594,2.655615],[95.879785,2.640918],[95.938477,2.598437],[96.021973,2.595752],[96.29043,2.42959],[96.340625,2.37207],[96.400977,2.350684],[96.463672,2.36001],[96.459375,2.41582],[96.443066,2.465625],[96.417285,2.515186],[96.17998,2.661328],[96.129785,2.720898],[96.101562,2.741211],[95.997852,2.781396],[95.895801,2.889062],[95.80625,2.916016],[95.772168,2.85498],[95.717188,2.825977]]],[[[97.079199,1.425488],[97.296875,1.187354],[97.368848,1.056934],[97.405371,0.946973],[97.46123,0.941406],[97.603906,0.833887],[97.68252,0.641064],[97.683984,0.596094],[97.82041,0.564453],[97.876465,0.62832],[97.902051,0.884229],[97.931934,0.973926],[97.903223,1.018262],[97.786426,1.145898],[97.69834,1.18374],[97.481543,1.465088],[97.355957,1.539746],[97.342773,1.52793],[97.324414,1.481641],[97.244238,1.423633],[97.079199,1.425488]]],[[[97.108301,2.216895],[97.225098,2.158496],[97.32832,2.053271],[97.33418,2.075635],[97.328711,2.148535],[97.291406,2.20083],[97.252832,2.216016],[97.156641,2.232227],[97.108301,2.216895]]],[[[97.469141,16.461035],[97.480371,16.305713],[97.537207,16.240137],[97.575,16.253223],[97.589355,16.397363],[97.599609,16.429541],[97.593262,16.460791],[97.579004,16.486035],[97.541992,16.505078],[97.516406,16.496875],[97.469141,16.461035]]],[[[97.938672,12.346094],[97.951758,12.322314],[98.002344,12.279004],[98.060352,12.353516],[98.066113,12.389795],[98.059863,12.397852],[98.045117,12.387012],[97.990234,12.393799],[97.938672,12.346094]]],[[[98.010352,11.860254],[98.021094,11.695898],[98.083594,11.636816],[98.075488,11.692383],[98.080762,11.733203],[98.05957,11.756689],[98.010352,11.860254]]],[[[98.037305,12.232471],[98.075391,12.164453],[98.108496,12.148096],[98.125098,12.144873],[98.136719,12.150439],[98.120117,12.191309],[98.118457,12.223389],[98.128418,12.26123],[98.122461,12.278711],[98.104883,12.287793],[98.071387,12.291797],[98.057324,12.280078],[98.037305,12.232471]]],[[[98.080469,10.886621],[98.155371,10.897949],[98.218164,10.837744],[98.251758,10.744434],[98.271484,10.739893],[98.284375,10.753125],[98.293457,10.779687],[98.209766,10.952734],[98.167285,10.980322],[98.142578,10.963135],[98.080469,10.886621]]],[[[98.118066,9.877881],[98.134375,9.875391],[98.182617,9.933447],[98.23125,9.953955],[98.283398,10.007617],[98.291699,10.051318],[98.220703,10.045215],[98.140234,9.974658],[98.118066,9.877881]]],[[[98.187305,11.472412],[98.209375,11.456543],[98.216211,11.455762],[98.22168,11.478223],[98.263281,11.523633],[98.283789,11.594092],[98.30752,11.7229],[98.299609,11.783008],[98.278125,11.758398],[98.239062,11.644727],[98.201074,11.567187],[98.187305,11.472412]]],[[[98.250781,9.04082],[98.30752,9.051465],[98.3125,9.080371],[98.301172,9.139111],[98.273633,9.129883],[98.258398,9.09541],[98.250781,9.04082]]],[[[98.250781,13.104395],[98.259277,13.014014],[98.30918,12.934717],[98.31543,13.099072],[98.298633,13.15166],[98.268555,13.189355],[98.265332,13.202246],[98.25459,13.188574],[98.250781,13.104395]]],[[[98.262305,7.926074],[98.296289,7.776074],[98.315625,7.782324],[98.357422,7.829443],[98.398438,7.828418],[98.409082,7.902051],[98.398828,7.964551],[98.434961,8.085645],[98.350977,8.110645],[98.32207,8.166309],[98.301367,8.13623],[98.262305,7.926074]]],[[[98.302539,12.611572],[98.331445,12.511426],[98.313867,12.335986],[98.334473,12.336182],[98.380859,12.353662],[98.459473,12.47373],[98.468262,12.571338],[98.436426,12.570508],[98.413965,12.597949],[98.396484,12.647119],[98.312109,12.678174],[98.302539,12.611572]]],[[[98.309668,-0.531836],[98.399707,-0.576855],[98.459277,-0.530469],[98.520117,-0.379688],[98.544141,-0.257617],[98.484375,-0.167676],[98.41543,-0.017529],[98.374512,0.00708],[98.322949,-0.000781],[98.427148,-0.226465],[98.408789,-0.308984],[98.354785,-0.379297],[98.339941,-0.467871],[98.309668,-0.531836]]],[[[98.376465,11.791504],[98.399512,11.714844],[98.396875,11.683545],[98.434766,11.56709],[98.464844,11.567187],[98.528418,11.538672],[98.553809,11.744873],[98.523535,11.804932],[98.376465,11.791504]]],[[[98.454492,12.061279],[98.474316,11.899414],[98.516016,11.905029],[98.576465,11.925098],[98.60957,11.956641],[98.525293,12.005176],[98.466211,12.084277],[98.454492,12.061279]]],[[[98.477441,10.979736],[98.498047,10.964258],[98.518945,10.959375],[98.541699,10.961523],[98.526563,11.086963],[98.477441,10.979736]]],[[[98.529395,8.108545],[98.57998,7.917041],[98.591992,7.933936],[98.604297,8.057324],[98.529395,8.108545]]],[[[98.601758,-1.197852],[98.626953,-1.261328],[98.816309,-1.538281],[98.827734,-1.609961],[98.874316,-1.663672],[99.071777,-1.783496],[99.163867,-1.77793],[99.271484,-1.738477],[99.267285,-1.627734],[99.210352,-1.559277],[99.130664,-1.442383],[99.14043,-1.418457],[99.128906,-1.38418],[99.101465,-1.340137],[99.065039,-1.240723],[98.954785,-1.05625],[98.932617,-0.954004],[98.869043,-0.915625],[98.676074,-0.970508],[98.601758,-1.197852]]],[[[99.037695,7.548486],[99.067871,7.495898],[99.104395,7.471289],[99.078418,7.591846],[99.045117,7.636523],[99.038086,7.625732],[99.037695,7.548486]]],[[[99.537402,-2.161523],[99.607031,-2.25752],[99.685156,-2.281738],[99.847852,-2.369727],[99.843066,-2.343066],[99.815723,-2.284375],[99.734766,-2.177734],[99.686426,-2.063379],[99.62207,-2.016602],[99.572168,-2.025781],[99.561816,-2.051172],[99.558887,-2.11543],[99.537402,-2.161523]]],[[[99.606641,6.596826],[99.644043,6.516113],[99.663086,6.521924],[99.701367,6.570557],[99.654004,6.714111],[99.606641,6.596826]]],[[[99.646289,6.418359],[99.656641,6.367139],[99.704688,6.337549],[99.74375,6.263281],[99.782617,6.271582],[99.823242,6.312744],[99.86582,6.29707],[99.883398,6.31084],[99.918652,6.358594],[99.848047,6.465723],[99.82168,6.44502],[99.749219,6.409619],[99.710547,6.427344],[99.646289,6.418359]]],[[[99.93125,9.476074],[99.962402,9.421631],[100.053711,9.461426],[100.075293,9.529443],[100.070703,9.586035],[100.042969,9.576855],[99.953613,9.581006],[99.939551,9.559961],[99.93125,9.476074]]],[[[99.968164,-2.609766],[99.996875,-2.649316],[99.991895,-2.769824],[100.014941,-2.819727],[100.132715,-2.821387],[100.204102,-2.741016],[100.201953,-2.679688],[100.011914,-2.510254],[99.987891,-2.525391],[99.969336,-2.594141],[99.968164,-2.609766]]],[[[99.983398,9.793555],[99.998047,9.747607],[100.025684,9.711719],[100.064453,9.67998],[100.074121,9.69668],[100.073047,9.749121],[100.043457,9.79165],[99.983398,9.793555]]],[[[100.179297,-2.820215],[100.204297,-2.986816],[100.259961,-3.056934],[100.332031,-3.113086],[100.348437,-3.158789],[100.346094,-3.229199],[100.465137,-3.328516],[100.425098,-3.18291],[100.433887,-3.141309],[100.464258,-3.116895],[100.468848,-3.038965],[100.45459,-3.001953],[100.245605,-2.783203],[100.198535,-2.785547],[100.179297,-2.820215]]],[[[100.191016,5.282861],[100.26377,5.266992],[100.288965,5.294727],[100.338867,5.410059],[100.310156,5.437939],[100.245508,5.467773],[100.203906,5.446875],[100.191016,5.282861]]],[[[101.26543,2.996484],[101.268066,2.97041],[101.318555,2.988477],[101.328418,3.047607],[101.31123,3.067383],[101.274219,3.032812],[101.26543,2.996484]]],[[[101.403418,1.901318],[101.467773,1.759375],[101.500781,1.733203],[101.602734,1.715723],[101.719434,1.78916],[101.734082,1.882568],[101.773535,1.943457],[101.762305,1.996533],[101.708105,2.078418],[101.640723,2.126709],[101.544727,2.060742],[101.450293,2.067822],[101.409668,2.02168],[101.403418,1.901318]]],[[[102.018359,1.585645],[102.020898,1.558203],[102.078711,1.498584],[102.161328,1.46543],[102.274219,1.453125],[102.366895,1.415479],[102.425195,1.364453],[102.499414,1.330908],[102.491895,1.45918],[102.469531,1.510059],[102.042188,1.625391],[102.024023,1.607959],[102.018359,1.585645]]],[[[102.110742,-5.322559],[102.135547,-5.360547],[102.285937,-5.483496],[102.367188,-5.478711],[102.405469,-5.404785],[102.371777,-5.366406],[102.198438,-5.288867],[102.153516,-5.28623],[102.110742,-5.322559]]],[[[102.228613,1.347852],[102.23418,1.263965],[102.255469,1.147168],[102.27959,1.075684],[102.325293,1.007031],[102.380859,0.959766],[102.427148,0.990137],[102.428906,1.067285],[102.448828,1.15625],[102.442871,1.234229],[102.412891,1.260791],[102.358594,1.345654],[102.276465,1.395264],[102.256348,1.39707],[102.228613,1.347852]]],[[[102.27334,12.119336],[102.301953,11.980811],[102.359961,11.974414],[102.378125,11.982959],[102.42998,11.964746],[102.426758,11.988721],[102.408398,12.025098],[102.378125,12.072852],[102.318848,12.14165],[102.277441,12.151855],[102.27334,12.119336]]],[[[102.453906,0.889502],[102.49043,0.856641],[102.541602,0.831592],[102.710547,0.784375],[102.77627,0.77959],[102.971484,0.736523],[103.008789,0.708105],[103.027539,0.746631],[103.002441,0.859277],[102.944141,0.892725],[102.780078,0.959375],[102.726172,0.989209],[102.633203,1.054395],[102.549219,1.130225],[102.506641,1.08877],[102.491406,0.986865],[102.466406,0.950342],[102.453906,0.889502]]],[[[102.532813,11.614941],[102.589941,11.572168],[102.606445,11.676514],[102.568945,11.691699],[102.546484,11.667773],[102.532813,11.614941]]],[[[102.701855,1.053711],[102.726465,1.04126],[102.787988,1.030957],[102.886328,0.996777],[102.963965,0.942676],[103.033398,0.882031],[103.086719,0.848145],[103.137207,0.84165],[103.166406,0.870166],[103.067578,1.014746],[102.999414,1.067773],[102.790137,1.165479],[102.725586,1.158838],[102.701855,1.053711]]],[[[102.993359,11.29043],[103.010547,11.275781],[103.027344,11.275488],[103.045117,11.285059],[103.036816,11.389941],[103.00752,11.383301],[102.99502,11.348096],[102.993359,11.29043]]],[[[103.139551,0.549072],[103.172168,0.536182],[103.284473,0.541943],[103.295117,0.613965],[103.238184,0.698633],[103.187402,0.699756],[103.15332,0.643115],[103.139551,0.549072]]],[[[103.222949,10.75957],[103.28125,10.679688],[103.317773,10.718506],[103.223437,10.781982],[103.222949,10.75957]]],[[[103.31543,1.071289],[103.363281,1.006836],[103.429688,0.993359],[103.423926,1.04834],[103.404883,1.072559],[103.37998,1.133643],[103.35498,1.117236],[103.31543,1.071289]]],[[[103.344434,0.777881],[103.429688,0.650879],[103.450195,0.664453],[103.497461,0.722705],[103.470313,0.778125],[103.433105,0.825],[103.386133,0.86958],[103.365723,0.851123],[103.344434,0.777881]]],[[[103.461328,-0.357617],[103.606348,-0.38291],[103.736523,-0.347949],[103.764258,-0.317773],[103.723926,-0.27666],[103.610938,-0.230566],[103.548926,-0.227539],[103.479004,-0.297461],[103.461328,-0.357617]]],[[[103.650195,1.325537],[103.819922,1.265381],[103.969727,1.331445],[103.996387,1.365234],[103.96084,1.392236],[103.908984,1.415967],[103.817969,1.44707],[103.705273,1.423437],[103.650195,1.325537]]],[[[103.740039,0.871826],[103.742383,0.82998],[103.833984,0.772217],[103.828613,0.801025],[103.806641,0.846338],[103.751953,0.891357],[103.740039,0.871826]]],[[[103.849512,10.371094],[103.867969,10.3354],[103.952148,10.24292],[104.018457,10.029199],[104.04834,10.061035],[104.036816,10.110742],[104.075781,10.224854],[104.083008,10.341113],[104.063965,10.39082],[104.027734,10.428369],[103.98584,10.426953],[103.898438,10.368506],[103.849512,10.371094]]],[[[103.932227,1.071387],[103.939844,1.046484],[103.963574,1.013232],[104.066113,0.989551],[104.127344,1.092383],[104.137793,1.128223],[104.139844,1.165576],[104.088086,1.137012],[104.024805,1.180566],[103.999805,1.137256],[103.955371,1.137451],[103.946973,1.087012],[103.932227,1.071387]]],[[[104.098145,0.89624],[104.176758,0.804883],[104.239355,0.833984],[104.227051,0.879883],[104.170508,0.896729],[104.122754,0.943994],[104.108301,0.933545],[104.101074,0.91748],[104.098145,0.89624]]],[[[104.129102,2.767236],[104.146875,2.728223],[104.17334,2.721338],[104.221582,2.731738],[104.223242,2.774219],[104.184766,2.871729],[104.169824,2.856836],[104.129102,2.767236]]],[[[104.244238,1.077393],[104.251953,1.014893],[104.293945,1.016113],[104.439258,1.050439],[104.462402,0.995557],[104.428613,0.956494],[104.481055,0.93252],[104.471191,0.913477],[104.480664,0.886768],[104.504297,0.852637],[104.575195,0.831934],[104.599121,0.858984],[104.652832,0.961035],[104.662891,1.049512],[104.648145,1.10459],[104.591016,1.141064],[104.585352,1.216113],[104.500098,1.180225],[104.428418,1.196045],[104.361816,1.181494],[104.250195,1.102637],[104.244238,1.077393]]],[[[104.257129,-0.463281],[104.329785,-0.539062],[104.363184,-0.658594],[104.413867,-0.583691],[104.485352,-0.612891],[104.506543,-0.59668],[104.543945,-0.520508],[104.590137,-0.466602],[104.567773,-0.431836],[104.474219,-0.334668],[104.363574,-0.402832],[104.340723,-0.382617],[104.31875,-0.380176],[104.302344,-0.385742],[104.257129,-0.463281]]],[[[104.44707,-0.18916],[104.473535,-0.212109],[104.566602,-0.245605],[104.702246,-0.208691],[104.914258,-0.32334],[104.928516,-0.316992],[104.950586,-0.284473],[105.005371,-0.282813],[104.949707,-0.247266],[104.908984,-0.211719],[104.843164,-0.140625],[104.80752,-0.19248],[104.778613,-0.175977],[104.713477,-0.103027],[104.652734,-0.076025],[104.658398,-0.062842],[104.635645,-0.018457],[104.542676,0.017725],[104.49707,-0.126367],[104.44707,-0.18916]]],[[[104.499219,0.23208],[104.603516,0.095215],[104.622363,0.079639],[104.650879,0.062695],[104.698145,0.034668],[104.689258,0.059521],[104.659863,0.103076],[104.543848,0.223291],[104.499219,0.23208]]],[[[105.121387,-6.614941],[105.142773,-6.643066],[105.19043,-6.6625],[105.252832,-6.64043],[105.277441,-6.561426],[105.260547,-6.523926],[105.225684,-6.529102],[105.192285,-6.545605],[105.121387,-6.614941]]],[[[105.133398,-2.042578],[105.247656,-2.079395],[105.292578,-2.114258],[105.342871,-2.125098],[105.552734,-2.079004],[105.599023,-2.103125],[105.705273,-2.132617],[105.78584,-2.181348],[105.806836,-2.307422],[105.862402,-2.41543],[105.907617,-2.451953],[105.939063,-2.493457],[105.908008,-2.643262],[105.937207,-2.743555],[105.99873,-2.824902],[106.125879,-2.855371],[106.250098,-2.894043],[106.341602,-2.94873],[106.397363,-2.966602],[106.44873,-2.994238],[106.496094,-3.029004],[106.546777,-3.055566],[106.610547,-3.071387],[106.667188,-3.071777],[106.657617,-3.001172],[106.618555,-2.936133],[106.612012,-2.895508],[106.678809,-2.704004],[106.706641,-2.658008],[106.744336,-2.617969],[106.818457,-2.57334],[106.365918,-2.464844],[106.208789,-2.188672],[106.161719,-1.866992],[106.127148,-1.800195],[106.080078,-1.738281],[106.045703,-1.669434],[106.027344,-1.593164],[105.980957,-1.53916],[105.910059,-1.50498],[105.816113,-1.506055],[105.72041,-1.533887],[105.754492,-1.658691],[105.700879,-1.731055],[105.667578,-1.680371],[105.64043,-1.610449],[105.585449,-1.526758],[105.45957,-1.574707],[105.412695,-1.611035],[105.373145,-1.657324],[105.364258,-1.705078],[105.386523,-1.750781],[105.374805,-1.813184],[105.316211,-1.860547],[105.191016,-1.916895],[105.137695,-1.972656],[105.133398,-2.042578]]],[[[105.243164,-6.778027],[105.255469,-6.835254],[105.30293,-6.841016],[105.361914,-6.826172],[105.420801,-6.833203],[105.478418,-6.853711],[105.600977,-6.860352],[105.724805,-6.846094],[105.834766,-6.845801],[105.944336,-6.858984],[106.198242,-6.927832],[106.519727,-7.053711],[106.491504,-7.113867],[106.448438,-7.176758],[106.416895,-7.239355],[106.411328,-7.311719],[106.455273,-7.368652],[106.535352,-7.394238],[106.631445,-7.415527],[107.071191,-7.447461],[107.284961,-7.47168],[107.546875,-7.541895],[107.597852,-7.566699],[107.695801,-7.635547],[107.804395,-7.688379],[107.91748,-7.724121],[108.220508,-7.782324],[108.335547,-7.794043],[108.451758,-7.796973],[108.517969,-7.736035],[108.570508,-7.707227],[108.741211,-7.66709],[108.85625,-7.667871],[108.986719,-7.704102],[109.193555,-7.694922],[109.281641,-7.704883],[109.852637,-7.828418],[110.038672,-7.890527],[110.607227,-8.149414],[110.830176,-8.201953],[111.055371,-8.239551],[111.338574,-8.261719],[111.509961,-8.305078],[112.115137,-8.323926],[112.351562,-8.353613],[112.586035,-8.399609],[112.678809,-8.40918],[112.77168,-8.396094],[112.897754,-8.361426],[113.018945,-8.312695],[113.133691,-8.288281],[113.25332,-8.286719],[113.692578,-8.478027],[113.940332,-8.568359],[114.159668,-8.626465],[114.276953,-8.614648],[114.339258,-8.647363],[114.383203,-8.705371],[114.45918,-8.740527],[114.583789,-8.769629],[114.599219,-8.727246],[114.59502,-8.684766],[114.481738,-8.603809],[114.448828,-8.559277],[114.386914,-8.405176],[114.381348,-8.334277],[114.384961,-8.263281],[114.443262,-8.00459],[114.444238,-7.895605],[114.409277,-7.79248],[114.382715,-7.771094],[114.070703,-7.633008],[114.037305,-7.632129],[113.87627,-7.677246],[113.747461,-7.703027],[113.497656,-7.723828],[113.248438,-7.718164],[113.013574,-7.657715],[112.794531,-7.552441],[112.78291,-7.431641],[112.794336,-7.304492],[112.751953,-7.265039],[112.64873,-7.221289],[112.625977,-7.178027],[112.586914,-7.050586],[112.539258,-6.926465],[112.433594,-6.903027],[112.312305,-6.894434],[112.136719,-6.905078],[112.087305,-6.893359],[111.989844,-6.805957],[111.737598,-6.773438],[111.688086,-6.741699],[111.643555,-6.69873],[111.540332,-6.648242],[111.484473,-6.651855],[111.386523,-6.692871],[111.34209,-6.699512],[111.181543,-6.686719],[111.154395,-6.669043],[111.000684,-6.464746],[110.972266,-6.435645],[110.834766,-6.424219],[110.78418,-6.442676],[110.736914,-6.472363],[110.700781,-6.518066],[110.674023,-6.569824],[110.634277,-6.690137],[110.583594,-6.805664],[110.520898,-6.897266],[110.42627,-6.947266],[110.372754,-6.947754],[110.321094,-6.938379],[110.260938,-6.912402],[110.198438,-6.895117],[110.06709,-6.89873],[109.93623,-6.91582],[109.820996,-6.902441],[109.586914,-6.842578],[109.500586,-6.810156],[109.403711,-6.860156],[109.294238,-6.866992],[109.018359,-6.817285],[108.899414,-6.808398],[108.779688,-6.808301],[108.677832,-6.790527],[108.603613,-6.729199],[108.537988,-6.516211],[108.515918,-6.471191],[108.419141,-6.382812],[108.330176,-6.286035],[108.29502,-6.265039],[108.254492,-6.266602],[108.197461,-6.289062],[108.137598,-6.29668],[108.008789,-6.276953],[107.883789,-6.233301],[107.776074,-6.218945],[107.666797,-6.21582],[107.562988,-6.182715],[107.474707,-6.121777],[107.373926,-6.007617],[107.331836,-5.978125],[107.162109,-5.957129],[107.046289,-5.904199],[107.011621,-6.008496],[106.931641,-6.073438],[106.87793,-6.091992],[106.825195,-6.098242],[106.675879,-6.038379],[106.56875,-6.021875],[106.459082,-6.017578],[106.349707,-5.984082],[106.16582,-5.964746],[106.075,-5.91416],[106.028809,-5.934277],[105.936133,-6.016992],[105.868262,-6.116406],[105.786914,-6.456934],[105.757422,-6.480371],[105.706055,-6.497949],[105.655078,-6.469531],[105.608008,-6.616699],[105.580859,-6.670996],[105.483691,-6.781543],[105.459766,-6.786914],[105.404688,-6.767969],[105.387012,-6.750781],[105.370898,-6.664355],[105.335645,-6.674121],[105.273438,-6.729395],[105.243164,-6.778027]]],[[[105.692187,3.011328],[105.704199,2.980908],[105.70791,2.940088],[105.706152,2.888867],[105.718555,2.85918],[105.760352,2.863037],[105.809375,2.903955],[105.836719,2.976514],[105.822168,2.984375],[105.794531,2.995947],[105.760352,3.013037],[105.730664,3.036963],[105.692187,3.0625],[105.692187,3.011328]]],[[[106.200977,3.204883],[106.214551,3.128564],[106.283691,3.088232],[106.285254,3.157129],[106.271191,3.216309],[106.22373,3.22959],[106.200977,3.204883]]],[[[106.567969,8.700928],[106.589258,8.680518],[106.61748,8.682812],[106.652539,8.701123],[106.649512,8.722998],[106.658594,8.766357],[106.567969,8.700928]]],[[[106.742871,-2.932813],[106.749219,-2.960449],[106.774316,-2.986816],[106.814258,-3.014453],[106.869727,-3.025293],[106.886426,-3.005273],[106.910645,-2.933984],[106.796875,-2.898926],[106.742871,-2.932813]]],[[[106.769434,20.864209],[106.803125,20.84375],[106.854102,20.796387],[106.865625,20.815723],[106.855078,20.858252],[106.795313,20.92793],[106.769434,20.864209]]],[[[106.910645,20.824219],[106.990039,20.743066],[107.031348,20.747021],[107.042285,20.761035],[107.063965,20.799756],[107.064453,20.817285],[107.04375,20.836816],[106.953418,20.867041],[106.910645,20.824219]]],[[[107.07793,10.3875],[107.083789,10.336572],[107.167676,10.397168],[107.194922,10.445703],[107.176562,10.446191],[107.150879,10.420312],[107.07793,10.3875]]],[[[107.399219,20.903467],[107.465527,20.900537],[107.521289,20.926611],[107.551074,20.981201],[107.55127,21.034033],[107.518945,21.012842],[107.478613,20.952344],[107.399219,20.903467]]],[[[107.402441,-2.872949],[107.409277,-2.900586],[107.432813,-2.925293],[107.47334,-2.899512],[107.499707,-2.84502],[107.474414,-2.834668],[107.419336,-2.838086],[107.402441,-2.872949]]],[[[107.403516,21.093652],[107.458691,21.09165],[107.602734,21.216797],[107.562695,21.22041],[107.47627,21.268945],[107.452539,21.235303],[107.403516,21.093652]]],[[[107.563477,-2.920117],[107.583887,-2.940723],[107.591602,-2.976562],[107.594922,-3.058398],[107.636719,-3.124805],[107.614453,-3.209375],[107.65957,-3.205566],[107.821777,-3.160742],[107.836621,-3.09668],[107.858203,-3.086328],[107.941113,-3.129297],[107.967285,-3.166602],[107.977148,-3.221777],[108.055273,-3.226855],[108.083594,-3.194922],[108.167285,-3.142773],[108.191797,-3.103027],[108.207227,-2.997656],[108.290625,-2.82998],[108.215137,-2.696973],[108.074414,-2.596973],[107.874707,-2.559668],[107.837793,-2.530273],[107.666309,-2.566309],[107.641602,-2.731543],[107.598145,-2.799707],[107.604883,-2.863086],[107.563477,-2.920117]]],[[[108.002344,3.982861],[108.044531,3.888965],[108.088477,3.8521],[108.243262,3.810352],[108.236133,3.78457],[108.216406,3.772168],[108.186133,3.767969],[108.100391,3.704541],[108.17959,3.653076],[108.316016,3.689648],[108.393555,3.836182],[108.398828,3.875977],[108.392871,3.986182],[108.255566,4.151758],[108.24834,4.217139],[108.201953,4.200488],[108.003516,4.042578],[108.002344,3.982861]]],[[[108.635645,18.907715],[108.638086,18.866309],[108.676074,18.750244],[108.701563,18.535254],[108.922266,18.416113],[109.029883,18.367773],[109.183203,18.325146],[109.340918,18.299609],[109.400098,18.281104],[109.519336,18.218262],[109.589551,18.226318],[109.681055,18.247119],[109.702734,18.259131],[109.759766,18.348291],[109.815625,18.39668],[109.967676,18.42207],[110.020215,18.41626],[110.067383,18.447559],[110.066406,18.475635],[110.048535,18.505225],[110.15625,18.569824],[110.251758,18.655762],[110.29082,18.669531],[110.333691,18.673291],[110.399512,18.69834],[110.45127,18.747949],[110.477637,18.812598],[110.519336,18.970215],[110.566016,19.098535],[110.5625,19.135156],[110.572168,19.171875],[110.603125,19.207031],[110.640918,19.291211],[110.822266,19.55791],[110.912695,19.586084],[111.013672,19.655469],[110.997656,19.764697],[110.970703,19.883301],[110.938281,19.947559],[110.88877,19.991943],[110.809082,20.014404],[110.744531,20.059473],[110.678516,20.137061],[110.651758,20.137744],[110.59834,20.097607],[110.58877,20.072461],[110.588184,19.976367],[110.417578,20.054736],[110.393555,20.059229],[110.387988,20.018018],[110.392285,19.975586],[110.343945,20.038818],[110.213379,20.056055],[110.171582,20.053711],[110.083008,19.99292],[109.90625,19.962744],[109.651367,19.984375],[109.584277,19.970312],[109.513672,19.904248],[109.418164,19.888818],[109.314844,19.904395],[109.263477,19.882666],[109.218945,19.842822],[109.177441,19.768457],[109.219531,19.757471],[109.27666,19.761133],[109.179102,19.674121],[109.062891,19.613574],[108.902832,19.481348],[108.791016,19.418164],[108.693555,19.338281],[108.665527,19.304102],[108.65,19.265039],[108.635645,18.907715]]],[[[108.786523,2.885645],[108.838867,2.853027],[108.8875,2.90542],[108.885742,2.998975],[108.86709,2.991895],[108.786523,2.885645]]],[[[108.803711,-1.567773],[108.837891,-1.661621],[108.953125,-1.619629],[108.956836,-1.564063],[108.877246,-1.539844],[108.803711,-1.567773]]],[[[108.905859,0.793945],[108.922754,0.532812],[108.944531,0.355664],[109.074805,0.252832],[109.148535,0.167676],[109.180762,0.11748],[109.220215,0.073828],[109.247266,0.055762],[109.25752,0.031152],[109.194629,-0.009424],[109.164746,-0.14248],[109.149609,-0.185547],[109.121777,-0.265039],[109.121094,-0.390918],[109.130273,-0.44541],[109.160547,-0.494922],[109.257031,-0.577441],[109.372754,-0.638184],[109.366309,-0.667383],[109.311719,-0.680176],[109.270996,-0.732031],[109.258789,-0.807422],[109.288867,-0.845801],[109.333496,-0.875391],[109.453809,-0.86875],[109.681738,-0.944238],[109.787402,-1.011328],[109.873438,-1.101074],[109.938086,-1.181152],[109.983301,-1.274805],[110.019238,-1.398828],[110.036133,-1.525684],[110.023438,-1.642578],[109.96377,-1.742871],[109.959863,-1.862793],[110.075,-1.946387],[110.096582,-2.001367],[110.124414,-2.233887],[110.224316,-2.688672],[110.232617,-2.925098],[110.256055,-2.966113],[110.302539,-2.985352],[110.350977,-2.946777],[110.377539,-2.933789],[110.574023,-2.891406],[110.668164,-3.004785],[110.703125,-3.020898],[110.73584,-2.988672],[110.811133,-2.938477],[110.899316,-2.908594],[110.852051,-2.946191],[110.829688,-2.995117],[110.86875,-3.04873],[110.930078,-3.071094],[111.044336,-3.055762],[111.25918,-2.956445],[111.367578,-2.933691],[111.494922,-2.97334],[111.625488,-2.975488],[111.658301,-2.925781],[111.694727,-2.889453],[111.760156,-2.93916],[111.809375,-3.008008],[111.823047,-3.057227],[111.835938,-3.307715],[111.834375,-3.420117],[111.82207,-3.53252],[111.858105,-3.551855],[111.907422,-3.552539],[111.954883,-3.529688],[112.12666,-3.381445],[112.284961,-3.320996],[112.443945,-3.371094],[112.600293,-3.400488],[112.758008,-3.322168],[112.971484,-3.187109],[113.033984,-2.933496],[113.343164,-3.246484],[113.367188,-3.223633],[113.408984,-3.228906],[113.525977,-3.184082],[113.566309,-3.177734],[113.610059,-3.195703],[113.630078,-3.246094],[113.637305,-3.332031],[113.633594,-3.419922],[113.705078,-3.455273],[113.795801,-3.45625],[113.958789,-3.394336],[114.082227,-3.278906],[114.108984,-3.285156],[114.127637,-3.327246],[114.17793,-3.354395],[114.236328,-3.361133],[114.292676,-3.30625],[114.344336,-3.235156],[114.30166,-3.364746],[114.30459,-3.410059],[114.344336,-3.444434],[114.397168,-3.471191],[114.445996,-3.481836],[114.525586,-3.37666],[114.536133,-3.494434],[114.605957,-3.70332],[114.625293,-4.111719],[114.652539,-4.151855],[114.693555,-4.169727],[115.258203,-3.906836],[115.956152,-3.59502],[115.999414,-3.52334],[116.016699,-3.432813],[116.05752,-3.348242],[116.15,-3.233203],[116.16709,-3.183008],[116.205078,-3.148535],[116.257227,-3.126367],[116.172266,-3.025293],[116.154102,-2.983789],[116.166309,-2.93457],[116.225781,-2.976953],[116.288867,-2.958789],[116.330664,-2.902148],[116.353223,-2.832715],[116.37168,-2.706836],[116.375488,-2.578027],[116.307227,-2.60332],[116.316797,-2.551855],[116.352539,-2.521582],[116.40127,-2.519824],[116.450391,-2.538281],[116.529297,-2.510547],[116.549219,-2.41084],[116.56543,-2.299707],[116.528125,-2.20791],[116.418164,-2.186719],[116.368652,-2.158203],[116.313965,-2.139844],[116.423535,-2.052539],[116.451953,-1.923145],[116.42959,-1.86416],[116.424316,-1.784863],[116.353223,-1.778613],[116.275488,-1.784863],[116.299609,-1.744336],[116.332129,-1.7125],[116.47793,-1.632812],[116.517578,-1.598047],[116.545117,-1.553125],[116.554492,-1.473926],[116.611621,-1.428613],[116.715234,-1.375781],[116.753418,-1.327344],[116.770996,-1.266602],[116.759277,-1.207129],[116.728711,-1.150781],[116.726172,-1.098145],[116.739844,-1.044238],[116.760547,-1.117188],[116.79707,-1.183789],[116.849414,-1.218262],[116.913965,-1.223633],[117.003223,-1.187695],[117.070215,-1.112695],[117.146484,-1.008984],[117.240723,-0.925684],[117.357129,-0.867188],[117.521777,-0.79668],[117.5625,-0.770898],[117.573828,-0.727539],[117.556836,-0.675293],[117.548926,-0.554395],[117.462891,-0.32373],[117.46377,-0.200488],[117.522168,0.235889],[117.55332,0.341016],[117.745117,0.729639],[117.776953,0.754004],[117.852539,0.788672],[117.923047,0.831348],[117.964258,0.889551],[117.977344,0.963818],[117.951953,1.031982],[117.911621,1.098682],[118.016309,1.03916],[118.095508,0.92915],[118.196094,0.874365],[118.311523,0.84707],[118.534766,0.813525],[118.757422,0.839209],[118.892383,0.886865],[118.984961,0.982129],[118.963477,1.044287],[118.852539,1.09585],[118.638965,1.318994],[118.47168,1.416455],[118.156836,1.640332],[118.080371,1.701855],[117.928418,1.866797],[117.864648,1.968408],[117.83125,2.002002],[117.789258,2.026855],[117.881055,2.060645],[117.889258,2.087012],[117.957031,2.159961],[118.041602,2.21543],[118.066309,2.262744],[118.066602,2.317822],[118.03418,2.377637],[117.885742,2.541748],[117.804883,2.668945],[117.785937,2.746777],[117.749707,2.775586],[117.666797,2.806934],[117.638867,2.825293],[117.664551,2.859277],[117.697656,2.887305],[117.637207,2.914941],[117.569141,2.929297],[117.637891,2.95083],[117.612402,3.004883],[117.610645,3.064355],[117.567187,3.098486],[117.506836,3.10459],[117.42207,3.165186],[117.352441,3.19375],[117.321875,3.243555],[117.384668,3.365381],[117.346289,3.426611],[117.166406,3.591992],[117.113867,3.612646],[117.055957,3.622656],[117.171582,3.638965],[117.287891,3.639307],[117.450391,3.628516],[117.494922,3.665576],[117.509668,3.730371],[117.567383,3.678271],[117.629883,3.636328],[117.714453,3.644824],[117.777246,3.689258],[117.762012,3.733887],[117.731738,3.770264],[117.728223,3.796729],[117.639063,3.877979],[117.566016,3.929932],[117.559375,3.98833],[117.465332,4.076074],[117.497461,4.133398],[117.566211,4.162305],[117.603809,4.2],[117.649805,4.304492],[117.696484,4.342822],[117.741016,4.337549],[117.895605,4.262939],[118.008203,4.250244],[118.117285,4.287598],[118.228711,4.316016],[118.364062,4.335742],[118.498047,4.362354],[118.54834,4.379248],[118.586328,4.409668],[118.595117,4.460645],[118.5625,4.502148],[118.324219,4.668701],[118.185352,4.828516],[118.260547,4.988867],[118.32002,5.012012],[118.381836,5.018506],[118.551367,4.968115],[118.67207,4.964062],[118.9125,5.0229],[119.132227,5.100488],[119.219629,5.159814],[119.249707,5.19873],[119.262793,5.245898],[119.266309,5.308105],[119.255566,5.365918],[119.223437,5.412646],[119.178418,5.430908],[119.05,5.415234],[119.002539,5.417822],[118.957324,5.429004],[118.713672,5.558545],[118.594824,5.59209],[118.563086,5.684521],[118.51416,5.728906],[118.456348,5.763428],[118.353125,5.806055],[118.299805,5.819727],[118.249121,5.820557],[118.144629,5.754199],[118.031152,5.712109],[117.973633,5.70625],[117.928027,5.769189],[117.934766,5.7875],[118.072266,5.83208],[118.11582,5.8625],[118.061719,5.983447],[118.003809,6.05332],[117.895801,5.972266],[117.817676,5.94043],[117.501172,5.884668],[117.617188,5.940723],[117.644531,6.001855],[117.649805,6.073584],[117.615918,6.196533],[117.695605,6.272314],[117.69375,6.35],[117.669629,6.426758],[117.645703,6.473682],[117.609668,6.512646],[117.499219,6.571484],[117.380371,6.612256],[117.294043,6.676904],[117.25498,6.783447],[117.245313,6.833398],[117.252441,6.919238],[117.229883,6.93999],[117.128516,6.968896],[117.07793,6.916846],[117.018555,6.797363],[116.913281,6.659668],[116.812402,6.60791],[116.788086,6.606104],[116.807715,6.691064],[116.841992,6.77207],[116.849805,6.826709],[116.833008,6.952051],[116.776172,6.990234],[116.749805,6.9771],[116.538281,6.582715],[116.494727,6.52168],[116.138379,6.129541],[116.110059,6.003271],[116.059766,5.882373],[115.918457,5.724951],[115.877148,5.613525],[115.796875,5.536133],[115.74082,5.533008],[115.685059,5.535107],[115.624512,5.548877],[115.603906,5.603418],[115.556445,5.566699],[115.419043,5.413184],[115.42168,5.330518],[115.466895,5.254102],[115.582031,5.194141],[115.554492,5.093555],[115.519824,5.048926],[115.427637,4.969189],[115.374902,4.932764],[115.140039,4.899756],[115.026758,4.899707],[115.04707,4.962451],[115.047656,5.016357],[114.99541,5.022363],[114.840625,4.946387],[114.74082,4.881006],[114.645898,4.798145],[114.544727,4.724561],[114.424414,4.6604],[114.299414,4.607178],[114.17793,4.590967],[114.053613,4.592871],[114.0125,4.575244],[113.984277,4.545801],[113.99043,4.482812],[113.987793,4.420703],[113.952539,4.288721],[113.923926,4.243213],[113.712109,4.001416],[113.446094,3.740576],[113.320117,3.561475],[113.140234,3.343506],[113.044727,3.205225],[112.987891,3.161914],[112.920508,3.130713],[112.737305,3.070459],[112.118848,2.914697],[111.727734,2.853809],[111.623242,2.817969],[111.5125,2.743018],[111.443262,2.634326],[111.44043,2.498096],[111.450781,2.424072],[111.443848,2.381543],[111.406152,2.367871],[111.351367,2.364453],[111.295898,2.398779],[111.242188,2.435742],[111.208594,2.379639],[111.195508,2.297168],[111.208887,2.197656],[111.268164,2.139746],[111.250879,2.063867],[111.198047,1.985107],[111.17002,1.902295],[111.154199,1.73877],[111.110156,1.684082],[111.046582,1.633643],[111.028711,1.557812],[111.058008,1.48667],[111.123438,1.449023],[111.223242,1.39585],[111.145215,1.386963],[111.098437,1.400879],[110.939941,1.517334],[110.894922,1.532471],[110.782031,1.52085],[110.675195,1.548047],[110.399512,1.699854],[110.349219,1.719727],[110.29834,1.701172],[110.245898,1.694727],[110.114062,1.698584],[109.98457,1.717627],[109.864844,1.764453],[109.719629,1.857812],[109.694336,1.88877],[109.628906,2.027539],[109.378516,1.922705],[109.318164,1.821094],[109.273145,1.705469],[109.166699,1.60708],[109.075879,1.495898],[109.055469,1.438477],[109.010254,1.239648],[109.06543,1.247168],[109.096094,1.258154],[109.131543,1.253857],[109.088477,1.223926],[109.030859,1.204492],[108.958594,1.134619],[108.916797,0.912646],[108.905859,0.793945]]],[[[109.428125,-1.241211],[109.463672,-1.277539],[109.51084,-1.282813],[109.710254,-1.180664],[109.750781,-1.14502],[109.760547,-1.105176],[109.743359,-1.039355],[109.699512,-1.007324],[109.614648,-0.979102],[109.475977,-0.985352],[109.450293,-1.044141],[109.428125,-1.241211]]],[[[110.264648,21.025195],[110.280957,21.001172],[110.339941,20.997754],[110.421875,21.006885],[110.503906,20.967725],[110.538867,21.018457],[110.539551,21.039014],[110.521582,21.083105],[110.422363,21.058594],[110.385156,21.093164],[110.309863,21.074756],[110.264648,21.025195]]],[[[111.300391,2.741162],[111.311523,2.437598],[111.358691,2.402197],[111.389258,2.415332],[111.380469,2.458936],[111.37627,2.576318],[111.37832,2.709326],[111.355078,2.764453],[111.333496,2.768311],[111.300391,2.741162]]],[[[112.525,21.623047],[112.545605,21.618506],[112.64375,21.639648],[112.647656,21.710254],[112.558984,21.674756],[112.525,21.623047]]],[[[112.586035,-5.803613],[112.602148,-5.843652],[112.697949,-5.846484],[112.719434,-5.811035],[112.727344,-5.752734],[112.690039,-5.726172],[112.648535,-5.730859],[112.586035,-5.803613]]],[[[112.712695,21.697949],[112.733496,21.669922],[112.741992,21.618066],[112.771094,21.581836],[112.790234,21.601855],[112.800684,21.694873],[112.812598,21.712158],[112.862598,21.752637],[112.839063,21.764502],[112.782031,21.772266],[112.760547,21.733252],[112.712695,21.697949]]],[[[112.725879,-7.072754],[112.76377,-7.139648],[113.04043,-7.211816],[113.126953,-7.224121],[113.141895,-7.207617],[113.166016,-7.207324],[113.198438,-7.218359],[113.470703,-7.218457],[113.546387,-7.193359],[113.655859,-7.111719],[113.825586,-7.119922],[113.844531,-7.105371],[113.885352,-7.049023],[114.083008,-6.989355],[114.073633,-6.960156],[113.974707,-6.873047],[113.067383,-6.87998],[112.868066,-6.899902],[112.76875,-7.00127],[112.725879,-7.072754]]],[[[113.404395,22.902832],[113.426074,22.858594],[113.463379,22.832373],[113.485645,22.82832],[113.563672,22.75791],[113.555273,22.804199],[113.520508,22.852051],[113.464941,22.904541],[113.404395,22.902832]]],[[[113.838867,22.241699],[113.851562,22.220459],[113.877344,22.210449],[113.997754,22.210498],[114.00332,22.277539],[114.043945,22.333398],[113.881543,22.280273],[113.838867,22.241699]]],[[[114.134473,22.292236],[114.13877,22.268359],[114.207227,22.195166],[114.232031,22.210547],[114.243555,22.233545],[114.246875,22.263574],[114.187402,22.296631],[114.134473,22.292236]]],[[[114.298828,-7.097559],[114.346875,-7.163281],[114.397656,-7.173145],[114.412598,-7.133496],[114.383594,-7.080664],[114.348926,-7.073438],[114.322168,-7.080371],[114.298828,-7.097559]]],[[[114.467578,-8.166309],[114.478906,-8.214746],[114.501758,-8.26084],[114.570898,-8.34541],[114.613184,-8.37832],[114.731348,-8.393945],[114.84209,-8.428516],[114.952051,-8.496387],[115.055078,-8.573047],[115.105664,-8.629492],[115.141602,-8.696875],[115.139746,-8.768945],[115.091504,-8.829395],[115.144922,-8.849023],[115.194238,-8.835449],[115.220215,-8.819531],[115.236133,-8.797559],[115.247168,-8.75752],[115.29502,-8.663672],[115.333789,-8.615723],[115.559961,-8.51416],[115.661426,-8.448242],[115.704297,-8.407129],[115.690918,-8.363574],[115.549414,-8.208301],[115.447852,-8.155176],[115.340234,-8.11543],[115.191016,-8.06748],[115.154004,-8.065723],[114.998145,-8.174414],[114.938477,-8.187109],[114.833008,-8.182617],[114.62002,-8.127734],[114.504297,-8.116602],[114.475293,-8.119434],[114.467578,-8.166309]]],[[[115.220313,-6.952539],[115.295801,-6.987793],[115.377051,-6.970801],[115.424121,-6.940625],[115.546094,-6.938672],[115.524219,-6.901855],[115.479199,-6.870215],[115.414453,-6.839746],[115.353711,-6.838477],[115.240527,-6.86123],[115.222168,-6.905176],[115.220313,-6.952539]]],[[[115.480469,-8.71543],[115.500879,-8.742871],[115.581934,-8.804199],[115.609961,-8.769824],[115.613281,-8.713184],[115.561426,-8.669922],[115.540625,-8.675391],[115.480469,-8.71543]]],[[[115.857324,-8.787891],[115.874609,-8.825586],[116.026758,-8.873145],[116.239355,-8.912109],[116.289844,-8.906152],[116.377246,-8.929004],[116.586523,-8.886133],[116.559375,-8.854395],[116.514258,-8.820996],[116.64082,-8.613867],[116.734082,-8.386914],[116.718945,-8.336035],[116.6875,-8.304102],[116.646973,-8.282715],[116.401563,-8.204199],[116.304297,-8.237988],[116.219824,-8.295215],[116.061133,-8.437402],[116.077734,-8.611328],[116.076465,-8.744922],[116.031641,-8.765234],[115.914453,-8.758008],[115.869336,-8.742773],[115.857324,-8.787891]]],[[[116.018359,-3.699902],[116.076953,-3.81748],[116.058789,-4.006934],[116.093359,-4.054102],[116.30332,-3.868164],[116.289258,-3.820898],[116.318652,-3.762988],[116.305176,-3.718555],[116.282031,-3.534766],[116.295117,-3.49502],[116.286523,-3.448828],[116.262109,-3.394824],[116.269727,-3.251074],[116.239355,-3.260352],[116.117383,-3.339551],[116.063574,-3.45791],[116.022461,-3.612402],[116.018359,-3.699902]]],[[[116.326563,-3.539062],[116.387793,-3.636719],[116.424121,-3.464453],[116.426953,-3.399902],[116.395312,-3.42334],[116.326563,-3.539062]]],[[[116.767969,-8.955469],[116.788477,-9.006348],[116.871094,-9.046191],[116.958203,-9.076367],[117.061328,-9.099023],[117.16123,-9.069238],[117.210254,-9.034082],[117.265039,-9.026172],[117.326367,-9.033691],[117.387891,-9.031934],[117.50791,-9.00752],[117.731641,-8.919922],[117.79541,-8.920117],[117.86123,-8.931445],[118.070703,-8.850586],[118.131543,-8.855957],[118.189941,-8.840527],[118.233984,-8.807813],[118.378906,-8.674609],[118.399902,-8.703711],[118.397852,-8.813379],[118.426953,-8.855469],[118.478613,-8.856445],[118.673633,-8.811914],[118.72793,-8.805273],[118.808301,-8.838281],[118.832617,-8.833398],[118.836719,-8.808887],[118.818066,-8.79082],[118.75625,-8.773633],[118.745898,-8.735449],[118.821191,-8.712109],[118.90332,-8.702734],[118.939355,-8.713086],[118.971484,-8.741211],[119.00625,-8.749609],[119.078906,-8.730469],[119.104199,-8.709961],[119.129687,-8.668164],[119.101074,-8.628223],[119.0625,-8.599805],[119.04209,-8.560938],[119.043848,-8.456738],[118.987793,-8.337695],[118.926172,-8.297656],[118.845703,-8.293066],[118.794238,-8.305859],[118.74834,-8.331152],[118.713867,-8.414941],[118.691797,-8.393457],[118.670605,-8.323438],[118.611914,-8.280664],[118.552148,-8.27041],[118.490625,-8.271484],[118.433203,-8.293262],[118.337891,-8.353516],[118.292383,-8.357227],[118.242383,-8.317773],[118.202832,-8.267285],[118.150684,-8.15],[118.11748,-8.122266],[117.920996,-8.089063],[117.868262,-8.100879],[117.755273,-8.149512],[117.738379,-8.20459],[117.766406,-8.279004],[117.814844,-8.34209],[117.979102,-8.458887],[118.017871,-8.467383],[118.061035,-8.464258],[118.100488,-8.475195],[118.174023,-8.527539],[118.234863,-8.591895],[118.205957,-8.652148],[118.104102,-8.650293],[117.969531,-8.728027],[117.893164,-8.704395],[117.806055,-8.711133],[117.712109,-8.582617],[117.672852,-8.563281],[117.643359,-8.535547],[117.621777,-8.45957],[117.56709,-8.426367],[117.43457,-8.434961],[117.356641,-8.428516],[117.223633,-8.374512],[117.164844,-8.367188],[117.063672,-8.444434],[116.953125,-8.503418],[116.88623,-8.508301],[116.835059,-8.532422],[116.80127,-8.597949],[116.783105,-8.664648],[116.806934,-8.810938],[116.77207,-8.894336],[116.767969,-8.955469]]],[[[116.969531,7.894922],[117.02832,7.80752],[117.079883,7.883398],[117.077051,8.069141],[116.993555,8.050537],[116.975781,8.01665],[116.969531,7.894922]]],[[[117.060156,7.178857],[117.080664,7.115283],[117.141602,7.168213],[117.239355,7.184766],[117.266797,7.220801],[117.280762,7.290625],[117.264063,7.35166],[117.146875,7.337012],[117.064258,7.260693],[117.060156,7.178857]]],[[[117.218555,8.367285],[117.311133,8.4396],[117.4125,8.49585],[117.469141,8.511377],[117.516602,8.53833],[117.539648,8.595605],[117.572168,8.641992],[117.679883,8.677832],[117.779785,8.728613],[117.888574,8.798242],[117.989551,8.8771],[118.069434,8.983545],[118.134082,9.101367],[118.229297,9.167969],[118.349609,9.201465],[118.434961,9.256006],[118.504492,9.332666],[118.569629,9.422754],[118.773828,9.766797],[118.75498,9.862109],[118.782129,9.916113],[118.834668,9.949316],[118.948633,9.993457],[119.191504,10.061084],[119.218555,10.100684],[119.231934,10.152148],[119.284766,10.251709],[119.369336,10.327295],[119.422461,10.354395],[119.540527,10.379346],[119.595215,10.407422],[119.686914,10.500342],[119.684375,10.551709],[119.616113,10.707373],[119.52666,10.953174],[119.561914,11.045508],[119.532617,11.101611],[119.53457,11.156836],[119.560254,11.266797],[119.55332,11.313525],[119.50127,11.346436],[119.465332,11.293799],[119.340723,11.03291],[119.305664,10.973633],[119.261133,10.845166],[119.29668,10.750977],[119.312695,10.687109],[119.287012,10.574023],[119.223828,10.477295],[119.186035,10.439453],[119.143066,10.409277],[119.079883,10.38584],[119.023828,10.353564],[118.845117,10.131299],[118.820117,10.105322],[118.727539,10.03501],[118.533398,9.793652],[118.343945,9.602783],[118.114844,9.34668],[118.023828,9.269775],[117.983008,9.253418],[117.931543,9.25127],[117.884766,9.240674],[117.744922,9.098242],[117.593262,8.968311],[117.52998,8.902588],[117.417773,8.76665],[117.349902,8.713574],[117.255859,8.540967],[117.228516,8.456689],[117.218555,8.367285]]],[[[117.272266,8.253516],[117.287012,8.191016],[117.355273,8.214648],[117.353711,8.289258],[117.32959,8.308496],[117.280859,8.31499],[117.272266,8.253516]]],[[[117.482129,-8.239258],[117.505957,-8.307031],[117.49043,-8.34873],[117.533594,-8.367969],[117.556348,-8.367285],[117.669238,-8.189258],[117.665039,-8.148242],[117.546094,-8.151953],[117.490527,-8.183398],[117.482129,-8.239258]]],[[[117.5375,3.386377],[117.560352,3.328223],[117.645801,3.247754],[117.658398,3.280518],[117.680859,3.40752],[117.636719,3.436084],[117.547852,3.431982],[117.5375,3.386377]]],[[[117.625098,4.121484],[117.736816,4.004004],[117.922852,4.054297],[117.917871,4.090527],[117.884766,4.186133],[117.761426,4.252344],[117.708008,4.262402],[117.662109,4.250195],[117.666797,4.204004],[117.625098,4.121484]]],[[[118.076758,24.501416],[118.08877,24.488867],[118.090527,24.446143],[118.149512,24.436133],[118.183008,24.496289],[118.170703,24.518506],[118.103809,24.552344],[118.092969,24.541211],[118.076758,24.501416]]],[[[118.287305,24.476611],[118.295117,24.436328],[118.432715,24.414355],[118.451172,24.455566],[118.407422,24.522119],[118.339355,24.469141],[118.287305,24.476611]]],[[[118.783301,-2.720801],[118.783691,-2.764746],[118.828906,-2.850098],[118.858105,-2.928516],[118.821875,-3.040625],[118.8125,-3.156641],[118.832812,-3.280176],[118.867676,-3.398047],[118.922168,-3.482715],[118.994629,-3.537598],[119.240039,-3.475293],[119.362109,-3.458984],[119.419824,-3.475391],[119.46748,-3.512988],[119.494531,-3.554102],[119.491992,-3.607813],[119.479297,-3.667383],[119.480078,-3.729785],[119.493652,-3.768555],[119.611426,-3.999805],[119.623633,-4.034375],[119.611719,-4.423535],[119.594043,-4.523145],[119.544922,-4.630859],[119.515527,-4.741895],[119.519531,-4.877344],[119.433594,-5.079199],[119.390625,-5.200586],[119.360352,-5.31416],[119.376172,-5.424805],[119.463086,-5.52168],[119.557422,-5.611035],[119.717285,-5.693359],[119.764453,-5.688281],[119.818457,-5.661816],[119.907617,-5.596289],[119.951563,-5.577637],[120.077051,-5.575488],[120.200781,-5.559375],[120.256445,-5.544141],[120.311621,-5.541602],[120.430371,-5.591016],[120.416602,-5.490039],[120.390918,-5.392578],[120.279297,-5.146094],[120.281445,-5.092676],[120.310156,-4.963184],[120.40498,-4.727246],[120.420117,-4.617383],[120.38457,-4.415137],[120.3625,-4.085742],[120.383008,-3.852344],[120.435156,-3.747852],[120.436621,-3.707324],[120.392383,-3.348145],[120.360449,-3.246875],[120.300488,-3.154297],[120.254102,-3.052832],[120.261035,-2.949316],[120.341406,-2.869629],[120.543945,-2.732617],[120.653613,-2.667578],[120.765039,-2.641602],[120.879395,-2.645605],[120.990137,-2.670313],[121.052148,-2.75166],[121.066797,-2.880957],[121.070312,-3.010156],[121.054297,-3.16709],[121.037891,-3.205176],[120.906934,-3.404004],[120.890918,-3.460352],[120.891797,-3.520605],[120.914258,-3.555762],[121.312695,-3.919434],[121.41582,-3.984277],[121.537402,-4.014844],[121.618066,-4.092676],[121.611523,-4.156348],[121.583398,-4.210547],[121.556738,-4.244629],[121.541211,-4.28291],[121.486523,-4.581055],[121.514355,-4.68125],[121.588672,-4.75957],[121.645703,-4.785645],[121.748047,-4.816699],[121.916992,-4.847949],[122.038086,-4.832422],[122.073242,-4.791699],[122.05,-4.675293],[122.054199,-4.620117],[122.114258,-4.540234],[122.207129,-4.496387],[122.471387,-4.42207],[122.614746,-4.417383],[122.671875,-4.422168],[122.72168,-4.410742],[122.715039,-4.37627],[122.719727,-4.340723],[122.817578,-4.389941],[122.872266,-4.391992],[122.897363,-4.349121],[122.899805,-4.229395],[122.894336,-4.166309],[122.877344,-4.109082],[122.847949,-4.064551],[122.798242,-4.054199],[122.778809,-4.081641],[122.750391,-4.1],[122.689648,-4.084473],[122.649902,-4.020508],[122.606738,-3.984668],[122.609961,-3.923438],[122.578613,-3.882324],[122.529199,-3.852637],[122.43457,-3.739844],[122.385352,-3.711426],[122.329102,-3.694238],[122.288086,-3.661621],[122.25293,-3.62041],[122.251367,-3.57627],[122.262695,-3.527441],[122.312793,-3.382715],[122.317285,-3.275098],[122.399023,-3.200879],[122.38125,-3.142383],[122.306543,-3.051563],[122.29043,-3.004199],[122.30332,-2.952246],[122.291699,-2.907617],[122.082617,-2.749512],[122.013965,-2.656445],[121.971875,-2.542383],[121.848242,-2.331543],[121.769727,-2.240918],[121.725977,-2.208008],[121.621875,-2.173633],[121.575,-2.150879],[121.501953,-2.04502],[121.40752,-1.970117],[121.348828,-1.945996],[121.355469,-1.878223],[121.394727,-1.833789],[121.513867,-1.887793],[121.572656,-1.905762],[121.650977,-1.89541],[121.71875,-1.862793],[121.779883,-1.766992],[121.858594,-1.693262],[122.157617,-1.593945],[122.250684,-1.555273],[122.33418,-1.497852],[122.506641,-1.347852],[122.655664,-1.175195],[122.724609,-1.064258],[122.807422,-0.966016],[122.852539,-0.928125],[122.902832,-0.900977],[123.049414,-0.872363],[123.152734,-0.907031],[123.225781,-1.001758],[123.299609,-1.026074],[123.37793,-1.004102],[123.396289,-0.961621],[123.43418,-0.778223],[123.417383,-0.707422],[123.379687,-0.648535],[123.281445,-0.591504],[123.171484,-0.570703],[123.02041,-0.599805],[122.872266,-0.640723],[122.829492,-0.658887],[122.841113,-0.687012],[122.885547,-0.72207],[122.88877,-0.755176],[122.658789,-0.769824],[122.529688,-0.756641],[122.27998,-0.757031],[122.174902,-0.79375],[122.138086,-0.839258],[122.093652,-0.875],[121.969629,-0.933301],[121.853125,-0.945996],[121.737695,-0.925684],[121.681152,-0.887891],[121.632715,-0.840332],[121.575586,-0.828516],[121.519336,-0.855566],[121.431348,-0.938574],[121.276855,-1.118164],[121.212598,-1.2125],[121.148535,-1.339453],[121.033691,-1.406543],[120.91582,-1.377832],[120.796973,-1.363672],[120.728613,-1.371484],[120.667383,-1.370117],[120.605078,-1.258496],[120.517578,-1.039453],[120.425391,-0.960645],[120.269824,-0.899219],[120.240625,-0.868262],[120.097461,-0.649902],[120.062891,-0.555566],[120.031738,-0.432031],[120.012109,-0.307129],[120.013281,-0.196191],[120.036035,-0.089941],[120.07832,0.039746],[120.127344,0.166553],[120.192285,0.268506],[120.307031,0.408252],[120.349023,0.449219],[120.459961,0.510303],[120.579004,0.52832],[120.700391,0.514697],[120.90918,0.446777],[121.012988,0.441699],[121.425781,0.494824],[121.515723,0.498437],[121.60459,0.486133],[121.722754,0.450879],[121.841992,0.436572],[122.060938,0.468018],[122.280762,0.481055],[122.90957,0.485986],[122.996875,0.493506],[123.08252,0.48584],[123.179492,0.415527],[123.26543,0.326611],[123.310449,0.317578],[123.525977,0.300342],[123.639648,0.297461],[123.753809,0.305518],[124.101367,0.374561],[124.216797,0.380371],[124.278027,0.398438],[124.384375,0.444971],[124.427539,0.470605],[124.514063,0.557129],[124.589063,0.655273],[124.639844,0.743555],[124.698145,0.825586],[124.888867,0.995312],[124.966797,1.082617],[125.028027,1.180225],[125.11748,1.378906],[125.140918,1.408398],[125.22168,1.478711],[125.233789,1.502295],[125.164844,1.643652],[125.110938,1.685693],[124.989258,1.701025],[124.94707,1.672168],[124.860645,1.576025],[124.787695,1.467578],[124.74668,1.441406],[124.64375,1.416162],[124.600195,1.392432],[124.575391,1.304053],[124.533691,1.230469],[124.41084,1.185107],[124.273633,1.022266],[123.930762,0.850439],[123.84668,0.838184],[123.278125,0.928076],[123.066504,0.941797],[123.012793,0.938965],[122.960059,0.922998],[122.89248,0.85],[122.838281,0.845703],[122.789844,0.862891],[122.657422,0.940576],[122.549316,0.984473],[122.436621,1.018066],[122.108203,1.031152],[121.867383,1.088525],[121.591797,1.067969],[121.550684,1.079687],[121.513281,1.104736],[121.472754,1.155518],[121.440039,1.214404],[121.404102,1.243604],[121.356738,1.254541],[121.281738,1.249805],[121.208398,1.2625],[121.081738,1.327637],[121.024609,1.325781],[120.96543,1.311816],[120.912109,1.288965],[120.867969,1.252832],[120.803613,1.149268],[120.754883,1.035645],[120.711035,0.98667],[120.658887,0.943652],[120.626465,0.902393],[120.602539,0.854395],[120.516602,0.817529],[120.416016,0.848682],[120.366504,0.887549],[120.322461,0.983154],[120.293848,0.97915],[120.269531,0.970801],[120.229785,0.86123],[120.156543,0.77417],[120.100586,0.740137],[120.056445,0.692529],[120.035156,0.566602],[119.998047,0.520215],[119.913281,0.445068],[119.809277,0.238672],[119.811719,0.186914],[119.865625,0.040088],[119.838281,-0.022119],[119.786523,-0.056982],[119.73584,-0.051025],[119.721875,-0.088477],[119.77168,-0.483594],[119.829883,-0.686328],[119.845215,-0.773242],[119.844336,-0.861914],[119.786719,-0.763965],[119.711328,-0.680762],[119.653516,-0.72793],[119.508203,-0.906738],[119.35918,-1.243457],[119.308984,-1.408203],[119.310352,-1.495703],[119.324121,-1.584277],[119.308301,-1.659668],[119.348242,-1.825293],[119.321875,-1.929688],[119.24082,-2.030957],[119.172266,-2.140039],[119.138184,-2.258496],[119.135352,-2.382324],[119.092188,-2.48291],[118.958203,-2.597461],[118.90752,-2.631445],[118.85332,-2.650195],[118.808984,-2.682324],[118.783301,-2.720801]]],[[[118.958789,-9.519336],[118.977344,-9.572852],[119.008398,-9.620508],[119.042383,-9.669043],[119.085449,-9.706934],[119.362598,-9.771777],[119.416504,-9.771094],[119.470313,-9.760547],[119.601074,-9.773535],[119.812793,-9.91748],[119.930664,-9.966504],[119.96165930193058,-10],[120.81018103086903,-10],[120.784473,-9.957031],[120.700391,-9.903125],[120.632617,-9.806445],[120.555566,-9.719043],[120.503711,-9.674023],[120.443652,-9.645605],[120.364746,-9.654688],[120.291113,-9.647852],[120.258301,-9.603125],[120.248047,-9.542871],[120.221094,-9.506348],[120.057617,-9.419727],[120.0125,-9.374707],[119.973828,-9.321582],[119.94209,-9.301465],[119.850781,-9.35957],[119.795117,-9.380469],[119.614746,-9.352441],[119.423926,-9.369824],[119.295898,-9.367188],[119.185645,-9.384473],[119.031445,-9.440234],[118.994141,-9.47207],[118.958789,-9.519336]]],[[[119.020898,-8.199902],[119.02998,-8.240039],[119.073828,-8.238867],[119.106738,-8.223438],[119.134863,-8.19707],[119.12832,-8.177148],[119.097754,-8.13916],[119.078711,-8.140234],[119.036621,-8.157813],[119.020898,-8.199902]]],[[[119.378906,-8.586523],[119.40166,-8.64707],[119.385547,-8.736035],[119.424902,-8.750488],[119.464063,-8.741016],[119.444043,-8.671777],[119.482813,-8.628223],[119.536328,-8.589355],[119.555469,-8.553418],[119.557227,-8.518848],[119.546973,-8.482617],[119.502148,-8.481055],[119.481738,-8.472949],[119.470508,-8.455664],[119.446484,-8.429199],[119.430176,-8.45498],[119.419922,-8.539062],[119.378906,-8.586523]]],[[[119.695996,25.590869],[119.723047,25.550586],[119.699414,25.494727],[119.700293,25.432715],[119.74668,25.410693],[119.820898,25.456982],[119.832422,25.47959],[119.809082,25.507812],[119.838672,25.559668],[119.838379,25.591064],[119.828711,25.607373],[119.797461,25.623242],[119.77793,25.653174],[119.722559,25.638818],[119.695996,25.590869]]],[[[119.725586,11.474658],[119.72998,11.431934],[119.798633,11.40874],[119.830664,11.375684],[119.854883,11.393066],[119.88291,11.472412],[119.861426,11.525342],[119.826758,11.51543],[119.761426,11.473633],[119.725586,11.474658]]],[[[119.761816,16.05498],[119.768945,16.008447],[119.808203,15.951953],[119.859668,15.905762],[119.881445,15.875],[119.891602,15.837695],[119.932813,15.430908],[119.959375,15.340234],[120.00498,15.229248],[120.036621,15.114551],[120.044531,14.978125],[120.082129,14.851074],[120.137988,14.800391],[120.213867,14.808789],[120.250781,14.793311],[120.283887,14.684375],[120.365234,14.608301],[120.396094,14.493311],[120.43877,14.453369],[120.495703,14.440186],[120.555664,14.441357],[120.588672,14.483105],[120.582715,14.594629],[120.546777,14.766113],[120.583691,14.88125],[120.638281,14.816162],[120.70791,14.776611],[120.804492,14.758789],[120.888086,14.715771],[120.941309,14.645068],[120.951563,14.557959],[120.92207,14.493115],[120.688281,14.291211],[120.642676,14.244336],[120.616797,14.188037],[120.617383,13.995312],[120.637109,13.804492],[120.729102,13.900537],[120.840723,13.884717],[120.932324,13.761865],[121.006152,13.758105],[121.095508,13.679492],[121.203516,13.640283],[121.344141,13.649121],[121.446289,13.711865],[121.450781,13.790771],[121.501074,13.842187],[121.643457,13.915967],[121.691699,13.93457],[121.742871,13.94585],[121.77793,13.937646],[122.072754,13.788379],[122.205273,13.648242],[122.376563,13.520605],[122.406934,13.492773],[122.497949,13.363525],[122.5125,13.313623],[122.515234,13.26001],[122.599902,13.194141],[122.675098,13.253174],[122.667871,13.395361],[122.609375,13.517139],[122.596191,13.562012],[122.508008,13.656836],[122.500195,13.703174],[122.504199,13.763086],[122.49375,13.820215],[122.467969,13.886719],[122.486328,13.92998],[122.543066,13.925049],[122.595215,13.907617],[122.781348,13.737061],[122.863477,13.617236],[122.896191,13.591943],[123.163281,13.441748],[123.191602,13.402881],[123.205957,13.353516],[123.295508,13.215576],[123.29043,13.099023],[123.310938,13.044092],[123.402344,13.033105],[123.626758,12.911768],[123.736035,12.896924],[123.802344,12.905566],[123.863867,12.930664],[123.917969,12.939941],[123.948535,12.916406],[123.894922,12.80498],[123.877832,12.689697],[123.961719,12.594971],[124.059766,12.56709],[124.137305,12.791162],[124.142773,13.035791],[124.10459,13.025],[124.069141,13.031934],[123.955176,13.099707],[123.872754,13.116992],[123.785156,13.110547],[123.816602,13.191602],[123.819238,13.269482],[123.764844,13.353516],[123.703613,13.431592],[123.608105,13.528076],[123.549609,13.645752],[123.607129,13.704443],[123.80625,13.721729],[123.857617,13.799609],[123.815723,13.837109],[123.725977,13.884326],[123.684082,13.897021],[123.632812,13.898486],[123.432324,13.96626],[123.377441,14.028662],[123.320312,14.06167],[123.280469,14.024805],[123.259277,13.975439],[123.305371,13.936572],[123.296973,13.836426],[123.231445,13.747363],[123.101953,13.750244],[123.059961,13.78877],[123.056934,13.845459],[123.070703,13.902734],[123.070996,13.959961],[123.014551,14.079834],[122.93418,14.188086],[122.856055,14.250781],[122.761035,14.284863],[122.627148,14.317529],[122.49082,14.322363],[122.383691,14.263867],[122.282617,14.19082],[122.2375,14.175049],[122.199707,14.148047],[122.202539,14.11167],[122.274414,14.044727],[122.2875,13.996191],[122.228418,13.979492],[122.211719,13.930176],[122.144336,13.932715],[122.07959,13.947119],[121.911719,14.02041],[121.85332,14.063086],[121.800488,14.113867],[121.766602,14.168066],[121.751855,14.23418],[121.648535,14.481494],[121.62793,14.581152],[121.626563,14.681738],[121.69541,14.737305],[121.685645,14.76543],[121.660547,14.789502],[121.543945,14.99917],[121.434961,15.216309],[121.398926,15.266602],[121.392285,15.324414],[121.411914,15.375049],[121.452051,15.41665],[121.489844,15.509521],[121.579199,15.623193],[121.607031,15.669824],[121.60918,15.726025],[121.59043,15.778027],[121.560938,15.826758],[121.595313,15.933252],[121.685156,16.014746],[121.788672,16.077441],[121.974707,16.15791],[122.135156,16.184814],[122.21416,16.351514],[122.225879,16.435205],[122.425781,16.822656],[122.467969,16.990039],[122.5,17.058008],[122.519141,17.124854],[122.467871,17.155127],[122.40752,17.178125],[122.392871,17.238379],[122.3875,17.306787],[122.362305,17.344873],[122.269043,17.395264],[122.236816,17.434863],[122.175195,17.575684],[122.152344,17.664404],[122.150977,17.756494],[122.179492,18.064258],[122.222852,18.157129],[122.293848,18.234277],[122.315039,18.320312],[122.299805,18.402783],[122.265527,18.458838],[122.221191,18.500635],[122.14668,18.486572],[122.076953,18.37168],[122.038477,18.32793],[121.947559,18.285156],[121.845605,18.29541],[121.716797,18.330078],[121.592969,18.376465],[121.254492,18.563428],[121.101562,18.615283],[121.051367,18.613672],[120.925,18.585107],[120.867773,18.598926],[120.81377,18.603418],[120.709375,18.545947],[120.599707,18.507861],[120.584473,18.36875],[120.550977,18.264062],[120.505078,18.162646],[120.358398,17.638184],[120.37207,17.535107],[120.424512,17.43833],[120.427148,17.376904],[120.411719,17.269922],[120.420117,17.090088],[120.408887,16.955615],[120.321191,16.761865],[120.304395,16.645459],[120.305273,16.529248],[120.325,16.400342],[120.389258,16.221631],[120.38877,16.160938],[120.36875,16.10957],[120.337012,16.066455],[120.271289,16.051416],[120.159766,16.047656],[120.124023,16.066211],[120.033398,16.18457],[119.985156,16.21543],[119.930371,16.23877],[119.886133,16.287402],[119.830762,16.326562],[119.790234,16.30332],[119.772559,16.255127],[119.761816,16.05498]]],[[[119.764453,10.551611],[119.793164,10.455273],[119.916211,10.485986],[119.981152,10.538721],[120.008398,10.570117],[119.950195,10.604785],[119.852051,10.640137],[119.764453,10.551611]]],[[[119.807031,-8.622949],[119.80791,-8.697656],[119.841406,-8.763574],[119.879102,-8.807617],[119.909375,-8.857617],[120.012109,-8.810156],[120.120898,-8.776953],[120.319531,-8.820312],[120.550488,-8.801855],[120.780957,-8.848828],[120.981836,-8.92832],[121.035254,-8.935449],[121.086133,-8.925977],[121.1375,-8.904492],[121.19082,-8.895508],[121.32832,-8.916895],[121.414648,-8.814844],[121.499609,-8.812207],[121.58457,-8.820605],[121.621289,-8.853809],[121.651367,-8.89873],[121.738281,-8.87041],[121.838672,-8.860352],[122.094141,-8.744727],[122.185742,-8.730273],[122.321484,-8.738281],[122.417285,-8.734668],[122.470215,-8.725488],[122.553809,-8.680957],[122.641504,-8.647266],[122.78291,-8.611719],[122.82002,-8.595703],[122.846777,-8.562207],[122.811133,-8.481152],[122.902148,-8.416309],[122.923633,-8.380957],[122.955469,-8.354102],[123.005957,-8.329102],[122.97832,-8.151953],[122.916992,-8.105566],[122.845703,-8.093262],[122.792383,-8.126563],[122.758594,-8.185938],[122.919141,-8.221875],[122.850488,-8.304395],[122.75,-8.353125],[122.603516,-8.402441],[122.555859,-8.431543],[122.51377,-8.469629],[122.483594,-8.513574],[122.466602,-8.566406],[122.433496,-8.600781],[122.323242,-8.62832],[122.263086,-8.624902],[122.06709,-8.49668],[122.020117,-8.471875],[121.966504,-8.455176],[121.911719,-8.482129],[121.862891,-8.493945],[121.74707,-8.506641],[121.683398,-8.505859],[121.610352,-8.526172],[121.547949,-8.575293],[121.498438,-8.585156],[121.444531,-8.577832],[121.371973,-8.550879],[121.27666,-8.47793],[121.118164,-8.423535],[121.008691,-8.365527],[120.886133,-8.32666],[120.751367,-8.321484],[120.70957,-8.307813],[120.610254,-8.24043],[120.547168,-8.259863],[120.485547,-8.266113],[120.424902,-8.248926],[120.354102,-8.257812],[120.231152,-8.289844],[120.099219,-8.377539],[119.96377,-8.435547],[119.918262,-8.445117],[119.874805,-8.419824],[119.866113,-8.473145],[119.847656,-8.522852],[119.818164,-8.570508],[119.807031,-8.622949]]],[[[119.821484,5.069531],[119.877539,5.060205],[119.958105,5.079541],[120.013281,5.151123],[120.100586,5.168994],[120.118359,5.215381],[120.15,5.184082],[120.191602,5.168311],[120.223242,5.19624],[120.250391,5.256592],[120.229395,5.284082],[120.208008,5.340088],[120.165234,5.332422],[120.079688,5.263623],[119.982715,5.228418],[119.827344,5.133154],[119.821484,5.069531]]],[[[119.860938,11.953955],[119.932813,11.774463],[119.931738,11.740332],[119.944922,11.690723],[119.963867,11.669385],[120.03877,11.70332],[120.073145,11.783496],[120.062402,11.821338],[120.070703,11.860547],[120.035937,11.917236],[119.997852,11.932129],[119.956543,11.960254],[119.916016,11.981348],[119.860938,11.953955]]],[[[119.865918,12.199023],[119.896094,12.17876],[119.957031,12.069238],[120.010547,12.008252],[120.100098,11.99375],[120.173633,12.019629],[120.243457,12.004785],[120.314551,12.012402],[120.341406,12.077441],[120.260547,12.141748],[120.228223,12.219824],[120.19375,12.167041],[120.154688,12.152393],[120.1,12.167676],[120.077539,12.197754],[119.963867,12.27041],[119.916406,12.319092],[119.89668,12.313428],[119.885742,12.299854],[119.880078,12.279883],[119.891797,12.27251],[119.869629,12.243994],[119.865918,12.199023]]],[[[120.072461,23.149756],[120.083398,23.093701],[120.121582,23.037012],[120.150098,22.974902],[120.232813,22.71792],[120.272852,22.627441],[120.325586,22.542432],[120.316211,22.547607],[120.387598,22.484521],[120.479785,22.441895],[120.58125,22.356396],[120.607617,22.312549],[120.678027,22.159668],[120.690137,22.033105],[120.742773,21.956006],[120.839844,21.925],[120.864258,22.032666],[120.878418,22.141553],[120.877344,22.262207],[120.897363,22.37915],[120.946875,22.503076],[121.008789,22.620361],[121.16123,22.776367],[121.295898,22.966602],[121.352246,23.067285],[121.397461,23.17251],[121.477148,23.424072],[121.526074,23.668262],[121.583398,23.860889],[121.613086,24.052734],[121.639355,24.130078],[121.737012,24.285254],[121.828027,24.534375],[121.826367,24.640527],[121.813379,24.746338],[121.820117,24.824512],[121.85625,24.895264],[121.929004,24.97373],[121.905176,25.056445],[121.852832,25.104443],[121.733301,25.154102],[121.687109,25.181592],[121.643066,25.232422],[121.593652,25.275342],[121.51709,25.276904],[121.449609,25.249023],[121.36543,25.15918],[121.09541,25.065088],[121.040625,25.032812],[120.964063,24.927979],[120.901563,24.813281],[120.835938,24.722656],[120.757422,24.642285],[120.629687,24.478516],[120.158984,23.709033],[120.132129,23.65293],[120.125391,23.526611],[120.142969,23.399072],[120.121191,23.305176],[120.085547,23.212061],[120.072461,23.149756]]],[[[120.099414,13.816943],[120.104199,13.782373],[120.272852,13.682959],[120.271289,13.750684],[120.211426,13.820654],[120.120703,13.858057],[120.103418,13.842529],[120.099414,13.816943]]],[[[120.338477,13.412354],[120.3875,13.40166],[120.438086,13.40542],[120.455469,13.393506],[120.480664,13.311035],[120.508301,13.260059],[120.573145,13.208887],[120.651367,13.169141],[120.680273,13.130615],[120.763672,12.969824],[120.76875,12.840918],[120.776367,12.790576],[120.795996,12.747998],[120.854785,12.703662],[120.899414,12.64585],[120.921484,12.581104],[120.922168,12.511621],[120.9625,12.446533],[121.048535,12.359961],[121.083398,12.338965],[121.107617,12.303613],[121.116992,12.253418],[121.155469,12.236328],[121.236719,12.218799],[121.288867,12.276709],[121.322363,12.303613],[121.356836,12.313086],[121.394336,12.300586],[121.400098,12.360742],[121.418164,12.38877],[121.412305,12.423047],[121.458008,12.507959],[121.519238,12.584229],[121.540625,12.638184],[121.479688,12.837109],[121.474805,12.931592],[121.489746,13.01958],[121.538672,13.088867],[121.522754,13.131201],[121.442187,13.188428],[121.356836,13.265479],[121.284375,13.374121],[121.202734,13.432324],[121.122461,13.38125],[121.079297,13.410742],[121.024707,13.428711],[120.980762,13.485986],[120.915332,13.501074],[120.755371,13.470996],[120.704395,13.479492],[120.65332,13.497607],[120.468359,13.522412],[120.40127,13.517041],[120.352734,13.472949],[120.338477,13.412354]]],[[[120.435547,-6.180176],[120.460742,-6.254004],[120.467969,-6.406152],[120.487305,-6.464844],[120.52832,-6.298438],[120.549219,-5.969238],[120.53418,-5.903809],[120.477344,-5.775293],[120.446484,-5.87627],[120.451563,-6.094922],[120.435547,-6.180176]]],[[[120.633398,-7.018262],[120.64082,-7.11582],[120.672363,-7.124707],[120.774414,-7.118945],[120.781738,-7.063086],[120.745508,-7.060156],[120.633398,-7.018262]]],[[[120.876367,5.952637],[120.930664,5.896191],[121.018555,5.922949],[121.083008,5.893018],[121.218164,5.942725],[121.294434,5.869971],[121.411035,5.939844],[121.414648,5.964502],[121.391504,6.0021],[121.28252,6.022266],[121.213867,6.003516],[121.159375,6.075635],[121.037695,6.095996],[120.898242,6.006934],[120.876367,5.952637]]],[[[121.131543,28.062598],[121.164258,28.0625],[121.251367,28.086426],[121.250977,28.145215],[121.234375,28.181299],[121.205469,28.204395],[121.133984,28.135254],[121.131543,28.062598]]],[[[121.184863,19.101416],[121.196094,19.050684],[121.24668,19.015186],[121.252246,19.082422],[121.244727,19.143018],[121.213184,19.183594],[121.189941,19.138916],[121.184863,19.101416]]],[[[121.211133,31.805371],[121.226855,31.758105],[121.336426,31.64375],[121.519922,31.549609],[121.780469,31.46377],[121.862695,31.492285],[121.843652,31.526367],[121.808301,31.552148],[121.576563,31.637305],[121.542285,31.673926],[121.491797,31.693652],[121.46416,31.756445],[121.338965,31.797363],[121.211133,31.805371]]],[[[121.374609,19.356299],[121.38291,19.328467],[121.47207,19.27334],[121.53125,19.271338],[121.520898,19.361963],[121.391602,19.399365],[121.375977,19.379688],[121.374609,19.356299]]],[[[121.655273,-0.526172],[121.680957,-0.525],[121.721777,-0.494727],[121.756055,-0.49082],[121.846875,-0.489844],[121.88125,-0.502637],[121.906836,-0.45127],[121.864355,-0.406836],[121.797363,-0.417676],[121.749316,-0.407031],[121.672363,-0.478809],[121.655273,-0.526172]]],[[[121.790625,20.701172],[121.82959,20.700293],[121.878125,20.781885],[121.866992,20.839209],[121.847852,20.84126],[121.796484,20.746631],[121.790625,20.701172]]],[[[121.808496,-5.256152],[121.859375,-5.350293],[121.97959,-5.464746],[122.042969,-5.437988],[122.061816,-5.221289],[122.041016,-5.158789],[121.999902,-5.14082],[121.965723,-5.075586],[121.913672,-5.072266],[121.866309,-5.095996],[121.87373,-5.144629],[121.856641,-5.15625],[121.820703,-5.20293],[121.808496,-5.256152]]],[[[121.808691,6.613721],[121.872461,6.562744],[121.879883,6.517578],[121.95918,6.41582],[121.991406,6.414551],[122.092871,6.42832],[122.200977,6.48291],[122.251758,6.579785],[122.323535,6.602246],[122.288086,6.638916],[122.058301,6.740723],[121.914941,6.676221],[121.832031,6.664062],[121.808691,6.613721]]],[[[121.815039,13.424463],[121.829199,13.328613],[121.875879,13.281738],[122.004883,13.20498],[122.042383,13.236182],[122.054688,13.268652],[122.122363,13.365137],[122.107324,13.42085],[122.114551,13.463184],[121.995703,13.546777],[121.976562,13.537402],[121.914844,13.540332],[121.866211,13.566162],[121.815039,13.424463]]],[[[121.820312,14.963574],[121.862305,14.917187],[121.889258,14.839844],[121.923047,14.8],[121.93457,14.736621],[121.922168,14.714551],[121.910645,14.666504],[121.933008,14.656055],[121.989648,14.662158],[122.02168,14.759424],[121.970313,14.892969],[122.017285,14.965283],[122.031738,14.971631],[122.051562,14.969873],[122.033496,15.005029],[121.97168,15.046387],[121.839844,15.038135],[121.820312,14.963574]]],[[[121.825195,18.842725],[121.858203,18.8229],[121.92168,18.894727],[121.987891,18.956641],[121.943359,19.010449],[121.888867,18.991553],[121.859766,18.936768],[121.860742,18.912549],[121.825195,18.842725]]],[[[121.891211,11.790869],[121.94082,11.758301],[122.066992,11.72373],[122.101367,11.680859],[122.103516,11.64292],[122.059668,11.325684],[122.050879,11.097363],[122.020703,10.979102],[121.964355,10.87168],[121.950293,10.757373],[121.972363,10.698877],[121.980078,10.638574],[121.933789,10.493652],[121.938281,10.470898],[121.954004,10.444385],[121.988379,10.458301],[122.051758,10.514062],[122.108594,10.575537],[122.197656,10.6229],[122.52207,10.691895],[122.673145,10.800928],[122.769922,10.823828],[122.791113,10.879736],[122.789453,10.941211],[122.80293,10.990039],[122.84668,11.022461],[122.93877,11.058154],[123.016504,11.116504],[123.075488,11.196875],[123.119531,11.286816],[123.144141,11.363574],[123.156445,11.442529],[123.158301,11.535547],[123.102734,11.541455],[122.894531,11.441309],[122.900781,11.487354],[122.93125,11.529297],[122.838086,11.595654],[122.72627,11.60791],[122.612695,11.56416],[122.496191,11.615088],[122.399219,11.702197],[122.290723,11.772021],[122.086816,11.855078],[122.029199,11.89541],[121.963672,11.897363],[121.916016,11.854346],[121.891211,11.790869]]],[[[121.904199,7.075195],[121.964258,6.968213],[122.027637,6.928613],[122.098145,6.913721],[122.14248,6.949658],[122.176172,7.004199],[122.251465,7.17002],[122.319727,7.340234],[122.448633,7.561133],[122.474414,7.638965],[122.497949,7.672754],[122.616211,7.763135],[122.713965,7.774121],[122.791797,7.722461],[122.81875,7.558496],[122.842969,7.529297],[122.916895,7.530518],[122.989551,7.546289],[123.048926,7.614355],[123.09668,7.700439],[123.121191,7.666895],[123.13877,7.629932],[123.150684,7.575195],[123.178223,7.529443],[123.282031,7.464111],[123.390918,7.40752],[123.476367,7.665381],[123.481641,7.710254],[123.477441,7.756348],[123.493066,7.80791],[123.553223,7.832129],[123.608887,7.831641],[123.66582,7.817773],[123.717383,7.7854],[123.764746,7.742627],[123.968457,7.664648],[124.067969,7.577881],[124.182422,7.436719],[124.206641,7.396436],[124.212891,7.332129],[124.190723,7.267334],[124.158203,7.218799],[124.117578,7.175098],[124.045117,7.114111],[123.985254,6.993701],[123.980859,6.929688],[123.987891,6.862988],[124.048145,6.666553],[124.049707,6.532568],[124.078125,6.404443],[124.212793,6.233252],[124.398828,6.119727],[124.636328,5.998193],[124.927344,5.875342],[124.975195,5.865723],[125.035352,5.870654],[125.076172,5.90625],[125.174023,6.046973],[125.191016,6.0625],[125.231543,6.069531],[125.268457,6.033154],[125.264941,5.925586],[125.233203,5.808301],[125.241016,5.756934],[125.287891,5.632275],[125.346484,5.598975],[125.455859,5.664258],[125.607813,5.870166],[125.667969,5.978662],[125.670703,6.225],[125.588477,6.465771],[125.564551,6.499609],[125.486621,6.57373],[125.43291,6.607129],[125.380664,6.689941],[125.400977,6.795752],[125.464746,6.911133],[125.542188,7.016602],[125.640723,7.105078],[125.660254,7.160596],[125.670215,7.222314],[125.689258,7.263037],[125.773633,7.322168],[125.824414,7.333301],[125.901172,7.116992],[125.961621,7.033203],[125.984961,6.943555],[126.043066,6.843164],[126.080078,6.73335],[126.109766,6.489648],[126.14248,6.397559],[126.189355,6.309668],[126.221191,6.483398],[126.240234,6.733887],[126.19209,6.852539],[126.216895,6.891016],[126.294043,6.882324],[126.439063,7.012354],[126.54668,7.17583],[126.581543,7.247754],[126.589258,7.325146],[126.593359,7.546777],[126.570117,7.677246],[126.544434,7.724805],[126.494434,7.756982],[126.435352,7.832812],[126.425293,7.927441],[126.456641,8.148779],[126.458691,8.202832],[126.379785,8.326758],[126.365332,8.483887],[126.282324,8.539307],[126.173047,8.560059],[126.139551,8.595654],[126.141602,8.627295],[126.220215,8.696289],[126.262988,8.743945],[126.319531,8.844727],[126.30459,8.952051],[126.209082,9.080566],[126.191992,9.124902],[126.193359,9.276709],[126.087598,9.260742],[126.005957,9.320947],[125.954688,9.42666],[125.87666,9.513135],[125.64248,9.654492],[125.520898,9.759131],[125.471289,9.756787],[125.413965,9.669189],[125.510156,9.275879],[125.533398,9.140918],[125.49873,9.014746],[125.375586,8.991797],[125.247852,9.026562],[125.209668,9.027148],[125.176172,8.92207],[125.141016,8.86875],[125.046387,8.890527],[124.943848,8.956689],[124.868945,8.972266],[124.806152,8.924023],[124.786816,8.874121],[124.761719,8.689795],[124.731152,8.562988],[124.621777,8.522656],[124.45127,8.606348],[124.404883,8.599854],[124.35791,8.559424],[124.325195,8.508447],[124.283203,8.385986],[124.225781,8.271387],[124.197656,8.229541],[124.159375,8.201465],[123.996875,8.158984],[123.931152,8.128418],[123.799414,8.049121],[123.753125,8.058252],[123.853418,8.145117],[123.877441,8.188818],[123.860547,8.376074],[123.849219,8.432715],[123.783398,8.547705],[123.680078,8.620605],[123.563672,8.647461],[123.498926,8.681543],[123.43457,8.70332],[123.380176,8.615625],[123.341211,8.57041],[123.292871,8.541455],[123.147168,8.516016],[123.095898,8.480811],[123.050586,8.433936],[123.017578,8.39834],[122.998828,8.356055],[123.002734,8.286914],[122.996289,8.220508],[122.911133,8.156445],[122.804395,8.133691],[122.672949,8.133105],[122.589453,8.093311],[122.386719,8.045898],[122.337109,8.028418],[122.243359,7.945117],[122.131836,7.810498],[122.119922,7.765381],[122.114844,7.659912],[122.047168,7.363574],[121.991113,7.27876],[121.924609,7.199512],[121.904199,7.075195]]],[[[121.914062,20.359424],[121.941309,20.353711],[121.960059,20.365869],[122.031152,20.469385],[121.991211,20.47959],[121.941211,20.453711],[121.914062,20.359424]]],[[[121.923242,12.331299],[121.935645,12.290381],[121.981934,12.245312],[121.960156,12.191406],[122.013965,12.105615],[122.094043,12.354883],[122.131641,12.537549],[122.130273,12.612598],[122.14502,12.652637],[122.103809,12.650635],[122.001563,12.598535],[121.989453,12.435303],[121.941016,12.3854],[121.923242,12.331299]]],[[[121.945996,14.205127],[121.946387,14.181494],[121.95625,14.156055],[122.172266,14.008008],[122.175391,14.048828],[121.95918,14.22876],[121.945996,14.205127]]],[[[121.969434,30.143115],[121.977832,30.063818],[122.024023,30.01333],[122.157813,30.00127],[122.281543,29.943848],[122.295898,29.963428],[122.322266,30.031396],[122.284473,30.068018],[122.110547,30.139746],[121.969434,30.143115]]],[[[122.042676,29.735937],[122.083789,29.725342],[122.169043,29.660254],[122.172559,29.679004],[122.165039,29.700781],[122.119629,29.782227],[122.062305,29.772754],[122.042676,29.735937]]],[[[122.247852,12.556934],[122.260938,12.503076],[122.279785,12.498291],[122.31084,12.528809],[122.2875,12.589258],[122.278027,12.59292],[122.247852,12.556934]]],[[[122.283105,-5.319531],[122.307031,-5.380957],[122.371289,-5.383105],[122.391992,-5.335449],[122.473633,-5.380664],[122.519727,-5.391211],[122.563867,-5.3875],[122.619336,-5.33584],[122.645117,-5.269434],[122.614062,-5.138672],[122.759863,-4.933887],[122.739746,-4.675],[122.701953,-4.618652],[122.659961,-4.633887],[122.524414,-4.707129],[122.368945,-4.767188],[122.334473,-4.846582],[122.390039,-4.998535],[122.396289,-5.069824],[122.329004,-5.137695],[122.283105,-5.319531]]],[[[122.331836,29.934961],[122.367578,29.852686],[122.394043,29.846094],[122.403906,29.892383],[122.401563,29.950244],[122.350977,29.955225],[122.331836,29.934961]]],[[[122.399512,9.823047],[122.410937,9.693896],[122.5625,9.482812],[122.610352,9.443213],[122.664551,9.410352],[122.772461,9.371338],[122.866602,9.319824],[122.947852,9.107959],[122.994727,9.058838],[123.064648,9.053369],[123.130859,9.064111],[123.19248,9.087891],[123.228711,9.121387],[123.293359,9.217285],[123.320508,9.272949],[123.321875,9.31748],[123.308398,9.356982],[123.149805,9.606152],[123.149414,9.659326],[123.162695,9.714648],[123.162012,9.864258],[123.186621,9.933301],[123.266211,10.059033],[123.296094,10.124512],[123.343555,10.325391],[123.406934,10.458984],[123.492871,10.582324],[123.527734,10.662012],[123.567578,10.780762],[123.5625,10.816064],[123.510645,10.923047],[123.256641,10.993945],[123.221777,10.988672],[123.024414,10.911816],[122.983301,10.886621],[122.969727,10.836182],[122.96875,10.765723],[122.958398,10.69834],[122.905859,10.602539],[122.855566,10.553418],[122.816992,10.503809],[122.852344,10.395264],[122.866504,10.284033],[122.86582,10.125],[122.855566,10.086914],[122.712988,9.990137],[122.648242,9.981543],[122.523242,9.979199],[122.471484,9.961523],[122.425586,9.896094],[122.399512,9.823047]]],[[[122.422949,12.455078],[122.438867,12.429492],[122.499316,12.383691],[122.60332,12.285596],[122.654492,12.309033],[122.683301,12.382324],[122.673633,12.424268],[122.603613,12.491602],[122.471875,12.491943],[122.422949,12.455078]]],[[[122.516699,10.492529],[122.538379,10.424951],[122.597168,10.461035],[122.621875,10.459033],[122.649512,10.472705],[122.68125,10.498242],[122.737207,10.65459],[122.729199,10.706396],[122.70127,10.740625],[122.672559,10.738818],[122.648438,10.72251],[122.625781,10.69502],[122.5375,10.607568],[122.516699,10.492529]]],[[[122.584961,-5.544629],[122.64502,-5.663379],[122.684375,-5.666211],[122.733105,-5.634961],[122.812109,-5.671289],[122.850195,-5.637988],[122.916211,-5.519336],[122.908789,-5.477441],[122.934668,-5.436719],[122.96875,-5.405762],[122.985742,-5.393555],[123.043359,-5.419336],[123.120703,-5.393164],[123.187305,-5.333008],[123.201953,-5.27334],[123.149902,-5.224023],[123.051465,-5.156445],[123.024609,-5.162402],[122.981055,-5.185742],[122.97168,-5.138477],[122.986523,-4.963086],[123.014648,-4.910254],[123.017969,-4.831738],[123.055176,-4.748242],[123.083887,-4.749023],[123.103809,-4.739941],[123.119238,-4.723438],[123.139453,-4.739941],[123.195703,-4.822656],[123.203027,-4.766211],[123.179785,-4.551172],[123.068945,-4.433594],[123.074609,-4.386914],[123.038281,-4.394727],[122.946875,-4.442676],[122.85332,-4.618359],[122.849414,-4.83125],[122.821484,-4.944434],[122.803809,-5.000098],[122.793652,-5.052441],[122.767578,-5.177246],[122.766504,-5.210156],[122.731445,-5.261914],[122.670117,-5.330859],[122.642578,-5.381152],[122.642188,-5.42627],[122.586426,-5.488867],[122.584961,-5.544629]]],[[[122.796582,7.393359],[122.804688,7.315967],[122.839551,7.3146],[122.943652,7.361035],[122.948047,7.385742],[122.937109,7.409131],[122.914844,7.433398],[122.871191,7.397314],[122.822168,7.428467],[122.796582,7.393359]]],[[[122.81084,-1.432129],[122.858496,-1.548242],[122.89043,-1.587207],[122.984375,-1.510645],[123.105176,-1.339844],[123.150391,-1.304492],[123.18291,-1.492773],[123.122949,-1.556055],[123.130371,-1.577441],[123.172949,-1.616016],[123.220508,-1.59834],[123.237402,-1.576953],[123.274902,-1.437207],[123.328613,-1.443066],[123.366992,-1.507129],[123.44873,-1.498828],[123.511914,-1.447363],[123.547266,-1.337402],[123.526855,-1.286035],[123.489355,-1.259277],[123.434766,-1.236816],[123.338574,-1.254004],[123.237793,-1.389355],[123.198047,-1.287695],[123.234277,-1.233691],[123.212305,-1.171289],[123.158301,-1.15752],[122.972461,-1.18916],[122.908008,-1.182227],[122.832227,-1.283008],[122.81084,-1.432129]]],[[[122.887793,-8.587305],[122.945508,-8.604004],[122.977344,-8.545215],[123.030078,-8.494824],[123.153125,-8.475781],[123.137891,-8.456934],[123.089453,-8.439844],[123.010547,-8.44834],[122.932813,-8.49707],[122.903516,-8.530664],[122.887793,-8.587305]]],[[[122.949023,13.058691],[122.973437,13.034717],[123.054199,12.993457],[123.166406,12.875879],[123.274219,12.805078],[123.367188,12.70083],[123.281836,12.853418],[123.20625,12.90542],[123.043555,13.113379],[123.01709,13.116162],[122.95752,13.107178],[122.949023,13.058691]]],[[[122.969043,-4.02998],[122.970898,-4.061328],[122.994727,-4.148047],[123.076172,-4.227148],[123.144531,-4.233301],[123.242383,-4.112988],[123.246973,-4.040918],[123.211914,-3.997559],[123.024902,-3.980957],[122.969043,-4.02998]]],[[[123.025,-8.395508],[123.297266,-8.398633],[123.31748,-8.354785],[123.336035,-8.269043],[123.21709,-8.235449],[123.133496,-8.253809],[123.108301,-8.274805],[123.032617,-8.337793],[123.025,-8.395508]]],[[[123.070898,-1.854883],[123.078809,-1.898926],[123.152539,-1.816504],[123.1375,-1.772656],[123.106445,-1.786719],[123.08584,-1.814844],[123.070898,-1.854883]]],[[[123.155859,11.967969],[123.157813,11.925635],[123.292676,12.036377],[123.418848,12.194238],[123.47373,12.21665],[123.531055,12.196631],[123.612012,12.090234],[123.667578,12.069336],[123.674805,12.05],[123.736035,12.002637],[123.725195,11.951562],[123.754004,11.934473],[123.847754,11.913574],[123.982715,11.818896],[124.045508,11.752441],[124.055664,11.811572],[124.040332,11.966797],[123.908301,12.169092],[123.716602,12.287354],[123.574805,12.406934],[123.558984,12.444824],[123.462988,12.501221],[123.337012,12.542383],[123.236426,12.583496],[123.239844,12.494678],[123.267188,12.395459],[123.245313,12.328027],[123.210547,12.106592],[123.155859,11.967969]]],[[[123.230078,-8.530664],[123.25332,-8.538574],[123.32998,-8.535645],[123.410742,-8.586621],[123.433789,-8.576074],[123.488672,-8.532324],[123.553027,-8.566797],[123.580176,-8.544922],[123.587891,-8.523828],[123.582617,-8.50166],[123.591602,-8.47793],[123.629199,-8.422461],[123.697852,-8.424414],[123.783887,-8.299609],[123.924805,-8.272461],[123.896094,-8.239258],[123.845508,-8.213379],[123.775977,-8.19043],[123.600586,-8.291309],[123.573145,-8.291504],[123.52998,-8.265234],[123.473242,-8.26709],[123.391211,-8.280469],[123.394922,-8.300586],[123.425195,-8.313379],[123.475879,-8.322266],[123.45459,-8.353711],[123.325,-8.439063],[123.230078,-8.530664]]],[[[123.316016,9.488965],[123.331738,9.422949],[123.370313,9.449609],[123.493555,9.589307],[123.633984,9.921729],[123.643359,10.020215],[123.700488,10.12832],[123.788672,10.220801],[123.873926,10.257715],[123.952148,10.316602],[124.00498,10.400098],[124.05127,10.585596],[124.027539,10.767871],[124.05332,10.925781],[124.052539,11.02876],[124.039844,11.053613],[124.036523,11.106689],[124.05791,11.217236],[124.038867,11.273535],[123.967188,11.186914],[123.964063,11.137451],[123.950098,11.07915],[123.924609,11.040918],[123.929883,10.963818],[123.831543,10.731006],[123.726465,10.562207],[123.711426,10.473682],[123.592871,10.30293],[123.514355,10.140332],[123.38623,9.96709],[123.403711,9.889258],[123.327051,9.578076],[123.316016,9.488965]]],[[[123.48252,-1.681445],[123.528613,-1.71084],[123.597559,-1.704297],[123.616406,-1.627441],[123.582031,-1.590918],[123.561328,-1.551855],[123.548535,-1.508203],[123.528516,-1.502832],[123.486621,-1.534863],[123.48252,-1.681445]]],[[[123.493457,9.19209],[123.540723,9.129736],[123.614453,9.10332],[123.70625,9.133545],[123.697656,9.237305],[123.654883,9.27876],[123.626074,9.268262],[123.535156,9.213574],[123.493555,9.215527],[123.493457,9.19209]]],[[[123.540918,-5.29834],[123.550098,-5.331836],[123.582617,-5.367383],[123.622754,-5.373047],[123.626758,-5.271582],[123.560645,-5.249805],[123.542773,-5.271094],[123.540918,-5.29834]]],[[[123.587207,12.633301],[123.620605,12.570508],[123.741504,12.398535],[123.779102,12.36626],[123.775391,12.453906],[123.708691,12.610791],[123.621484,12.674902],[123.587207,12.633301]]],[[[123.589258,-9.966797],[123.59623378957384,-10],[124.59478717109613,-10],[124.601855,-9.992969],[124.708398,-9.91416],[124.841797,-9.759766],[124.963086,-9.665625],[124.997949,-9.565332],[125.210254,-9.403516],[125.408008,-9.275781],[125.735156,-9.160938],[125.840332,-9.130176],[125.894727,-9.132129],[125.946094,-9.123926],[126.073047,-9.043555],[126.164258,-8.99668],[126.264746,-8.972754],[126.38252,-8.957617],[126.486914,-8.912695],[126.568555,-8.83291],[126.66543,-8.782031],[126.79248,-8.755078],[126.915234,-8.715234],[127.114551,-8.583594],[127.296094,-8.424512],[127.257031,-8.394531],[127.214844,-8.372949],[127.058496,-8.348242],[126.966406,-8.315723],[126.904688,-8.341602],[126.845703,-8.377344],[126.73457,-8.422754],[126.619727,-8.459473],[126.531055,-8.470801],[126.172852,-8.488965],[125.905078,-8.486523],[125.804297,-8.492188],[125.381836,-8.575391],[125.323145,-8.591309],[125.178027,-8.647852],[125.115723,-8.708008],[125.026953,-8.859082],[124.889746,-8.968457],[124.708203,-9.061816],[124.645898,-9.116699],[124.575488,-9.155371],[124.198145,-9.256152],[123.977148,-9.372949],[123.876758,-9.453125],[123.709375,-9.614844],[123.66582,-9.705273],[123.635742,-9.838086],[123.589258,-9.966797]]],[[[123.679785,24.317773],[123.680664,24.288037],[123.749805,24.283301],[123.825586,24.266064],[123.888672,24.280127],[123.928125,24.323633],[123.934863,24.362012],[123.771484,24.414453],[123.753711,24.391309],[123.752344,24.348486],[123.679785,24.317773]]],[[[123.707617,11.247998],[123.736719,11.151465],[123.815625,11.150732],[123.757031,11.283301],[123.741406,11.27915],[123.707617,11.247998]]],[[[123.777246,-1.918652],[123.803516,-1.994336],[123.866016,-1.995703],[123.848242,-1.955469],[123.783496,-1.87832],[123.777246,-1.918652]]],[[[123.817187,9.817383],[123.82998,9.761133],[123.87168,9.675732],[123.935645,9.623975],[124.122461,9.599316],[124.359863,9.630225],[124.403418,9.654102],[124.477539,9.7479],[124.505664,9.753516],[124.584277,9.750488],[124.593848,9.787207],[124.582227,9.82959],[124.555078,9.879199],[124.577148,10.026709],[124.486328,10.065479],[124.405859,10.126416],[124.373242,10.12959],[124.351562,10.141357],[124.335742,10.159912],[124.172852,10.135205],[124.093848,10.061328],[124.059766,10.000195],[123.908887,9.919629],[123.863867,9.878809],[123.817187,9.817383]]],[[[123.927734,-8.448926],[124.017285,-8.443848],[124.065723,-8.55166],[124.14668,-8.531445],[124.184375,-8.49873],[124.225781,-8.391309],[124.286621,-8.329492],[124.304492,-8.228809],[124.287109,-8.208691],[124.265625,-8.201758],[124.239551,-8.203418],[124.110547,-8.364258],[124.095801,-8.356152],[124.06875,-8.317773],[124.01377,-8.318652],[123.971484,-8.354102],[123.927734,-8.448926]]],[[[123.972266,-5.939355],[124.005664,-5.966699],[124.04209,-6.021582],[124.05127,-5.97373],[124.022949,-5.902148],[123.975781,-5.880176],[123.972266,-5.939355]]],[[[124.038867,13.663135],[124.057031,13.605566],[124.175391,13.531543],[124.248242,13.58667],[124.294531,13.590332],[124.327051,13.567383],[124.353613,13.632227],[124.404004,13.679443],[124.396289,13.750098],[124.417188,13.871045],[124.336719,13.931104],[124.308301,13.946973],[124.224902,14.077588],[124.18623,14.059521],[124.153711,14.026172],[124.122852,13.979687],[124.12373,13.790479],[124.038867,13.663135]]],[[[124.084766,24.43584],[124.135742,24.347607],[124.185645,24.335059],[124.234277,24.358057],[124.293164,24.515918],[124.324023,24.566357],[124.301953,24.587109],[124.210547,24.458643],[124.170215,24.451855],[124.12041,24.469629],[124.084766,24.43584]]],[[[124.288477,10.601465],[124.316211,10.606006],[124.381348,10.632568],[124.382324,10.679834],[124.371094,10.691357],[124.334668,10.706689],[124.288477,10.601465]]],[[[124.294727,12.569336],[124.325781,12.403809],[124.384863,12.243994],[124.445703,12.152783],[124.529102,12.079199],[124.571875,12.055127],[124.676758,12.020898],[124.749805,11.93335],[124.795801,11.896338],[124.821094,11.8521],[124.884277,11.775488],[124.935645,11.754639],[124.99502,11.764941],[124.998242,11.702344],[124.978906,11.638477],[124.916992,11.558398],[124.945312,11.47915],[125.034277,11.34126],[125.087891,11.287354],[125.155859,11.267041],[125.233398,11.145068],[125.311523,11.142285],[125.431836,11.112598],[125.628125,11.132031],[125.674414,11.120801],[125.735645,11.049609],[125.749121,11.073584],[125.704004,11.164795],[125.627344,11.233887],[125.573535,11.238232],[125.582324,11.279492],[125.608984,11.323047],[125.592969,11.378223],[125.505762,11.544238],[125.491797,11.594336],[125.5,11.65542],[125.496875,11.71377],[125.464258,11.771582],[125.456543,11.952539],[125.513379,12.05459],[125.50332,12.135791],[125.535645,12.191406],[125.48125,12.251953],[125.408789,12.284863],[125.352246,12.292773],[125.320215,12.321826],[125.327539,12.387207],[125.310352,12.446289],[125.239551,12.527881],[125.150195,12.572559],[124.840137,12.53457],[124.56582,12.526221],[124.294727,12.569336]]],[[[124.308203,11.486182],[124.330957,11.4271],[124.366016,11.370703],[124.411719,11.150342],[124.445508,10.923584],[124.502832,10.904443],[124.616113,10.962207],[124.662695,10.961963],[124.738672,10.879736],[124.786719,10.781396],[124.797168,10.731787],[124.798633,10.682227],[124.737695,10.439746],[124.789551,10.327539],[124.791699,10.274561],[124.780762,10.168066],[124.812793,10.134619],[124.929102,10.095898],[125.026563,10.033105],[125.023535,10.115283],[125.004883,10.19707],[124.9875,10.367578],[125.043945,10.323437],[125.105371,10.218311],[125.142578,10.189453],[125.140039,10.235352],[125.148438,10.272412],[125.25332,10.263818],[125.268457,10.307715],[125.260059,10.349609],[125.197168,10.457227],[125.187695,10.584863],[125.16416,10.637451],[125.127539,10.684717],[125.083887,10.721582],[125.033789,10.751465],[125.013184,10.785693],[125.039746,10.951904],[125.044336,11.135254],[125.026563,11.211719],[124.993945,11.255908],[124.92998,11.372852],[124.821094,11.401416],[124.724316,11.32207],[124.644336,11.308105],[124.574609,11.343066],[124.548242,11.39502],[124.510938,11.423877],[124.435938,11.457227],[124.374121,11.51499],[124.330664,11.535205],[124.308203,11.486182]]],[[[124.329688,-1.858887],[124.417773,-2.005176],[124.520605,-2.006934],[124.63916,-1.978223],[124.834473,-1.894434],[125.006738,-1.943066],[125.134766,-1.888965],[125.314063,-1.877148],[125.320215,-1.810059],[125.305371,-1.793945],[125.258203,-1.770898],[125.197656,-1.780273],[125.187891,-1.712891],[125.145801,-1.692578],[125.126758,-1.699316],[125.095898,-1.74082],[125.062988,-1.741016],[124.969531,-1.705469],[124.663965,-1.635938],[124.483008,-1.644336],[124.417578,-1.659277],[124.380859,-1.6875],[124.329688,-1.858887]]],[[[124.355566,-8.385938],[124.380664,-8.415137],[124.444238,-8.444629],[125.096777,-8.352832],[125.131738,-8.326465],[125.124609,-8.204785],[125.050293,-8.17959],[124.924121,-8.166016],[124.752246,-8.15957],[124.676855,-8.168066],[124.599609,-8.201758],[124.575586,-8.14082],[124.508594,-8.135449],[124.430664,-8.183203],[124.393555,-8.253027],[124.425977,-8.295801],[124.355566,-8.385938]]],[[[124.360352,11.665918],[124.428809,11.531738],[124.483496,11.48584],[124.608398,11.492188],[124.622266,11.549561],[124.564941,11.639697],[124.510938,11.687109],[124.437402,11.69502],[124.360352,11.665918]]],[[[124.625391,37.945215],[124.655859,37.924756],[124.69668,37.920166],[124.71709,37.932861],[124.739844,37.947217],[124.753711,37.955176],[124.755469,37.969824],[124.744531,37.980615],[124.716602,37.98877],[124.661133,37.973437],[124.635938,37.980615],[124.625391,37.945215]]],[[[124.639063,9.175098],[124.66582,9.132324],[124.77793,9.083105],[124.806641,9.142627],[124.790234,9.190088],[124.736816,9.243164],[124.708105,9.243018],[124.65332,9.22583],[124.639063,9.175098]]],[[[124.730859,11.715332],[124.743652,11.658545],[124.781055,11.580762],[124.806641,11.557568],[124.835938,11.543311],[124.854395,11.594775],[124.821484,11.626611],[124.788379,11.683105],[124.730859,11.715332]]],[[[124.846094,39.558887],[124.848926,39.507568],[124.905273,39.536279],[124.93457,39.607812],[124.889551,39.6021],[124.846094,39.558887]]],[[[125.133008,10.155029],[125.158984,10.062939],[125.287695,9.932715],[125.280762,9.982178],[125.230957,10.115674],[125.175879,10.151074],[125.133008,10.155029]]],[[[125.268945,24.73252],[125.359375,24.71709],[125.444141,24.743164],[125.401855,24.776855],[125.33457,24.804688],[125.314941,24.852393],[125.283594,24.871924],[125.268945,24.73252]]],[[[125.360059,2.746826],[125.397266,2.629541],[125.407422,2.651611],[125.403906,2.707031],[125.446484,2.762988],[125.435254,2.783887],[125.39082,2.805371],[125.360059,2.746826]]],[[[125.387207,-1.843066],[125.425977,-1.882227],[125.432617,-1.938086],[125.479199,-1.940039],[125.838867,-1.906152],[125.956445,-1.916602],[126.288086,-1.858887],[126.331738,-1.822852],[126.024219,-1.789746],[125.720313,-1.81377],[125.520898,-1.800879],[125.444727,-1.808984],[125.387207,-1.843066]]],[[[125.455273,3.68418],[125.468555,3.639111],[125.501172,3.593213],[125.517578,3.549609],[125.511523,3.461133],[125.633203,3.40542],[125.658105,3.436035],[125.643555,3.476514],[125.585645,3.571094],[125.543457,3.67041],[125.468848,3.733252],[125.455273,3.68418]]],[[[125.494824,10.118701],[125.534473,10.090088],[125.590527,9.998193],[125.648633,9.944092],[125.672559,9.886475],[125.690234,9.914453],[125.69248,9.939014],[125.684375,9.963184],[125.70332,10.071777],[125.64668,10.24541],[125.68457,10.392041],[125.666797,10.440137],[125.647949,10.436816],[125.605859,10.37959],[125.580176,10.363672],[125.524609,10.309717],[125.521973,10.191504],[125.494824,10.118701]]],[[[125.507129,-8.275098],[125.579492,-8.311816],[125.646094,-8.139941],[125.621094,-8.15],[125.584082,-8.178613],[125.507129,-8.275098]]],[[[125.683008,7.073193],[125.70752,7.03999],[125.768945,6.905762],[125.78457,6.962744],[125.783398,7.130664],[125.714453,7.185547],[125.683008,7.073193]]],[[[125.798242,-7.98457],[125.826172,-7.979297],[125.951563,-7.910938],[126.040039,-7.88584],[126.108398,-7.883984],[126.171094,-7.912305],[126.312891,-7.917676],[126.47207,-7.950391],[126.518164,-7.869922],[126.577344,-7.807617],[126.692871,-7.753516],[126.812695,-7.737891],[126.814453,-7.716504],[126.800977,-7.667871],[126.726367,-7.662207],[126.60957,-7.571777],[126.462891,-7.607813],[126.359375,-7.676758],[126.213672,-7.706738],[126.085352,-7.697363],[125.975293,-7.663379],[125.843164,-7.816699],[125.808398,-7.880664],[125.798242,-7.98457]]],[[[125.862891,-2.077148],[125.903223,-2.222168],[125.937598,-2.262793],[125.97793,-2.41543],[126.037891,-2.469434],[126.055078,-2.45127],[126.065723,-2.36582],[125.975977,-2.168066],[125.992676,-2.011816],[125.962793,-1.975781],[125.922754,-1.974805],[125.873242,-2.035938],[125.862891,-2.077148]]],[[[125.92207,9.621484],[125.952441,9.567969],[125.970508,9.593555],[125.992969,9.68457],[125.967773,9.759082],[125.948535,9.739209],[125.92207,9.621484]]],[[[125.991211,9.838525],[126.046777,9.760791],[126.059375,9.766211],[126.136914,9.767773],[126.172559,9.799951],[126.120801,9.865186],[126.128906,9.891113],[126.129492,9.943555],[126.073828,10.059229],[125.998633,9.927051],[125.991211,9.838525]]],[[[126.00752,34.86748],[126.052051,34.837549],[126.070605,34.783057],[126.115234,34.714209],[126.158789,34.706982],[126.171973,34.731152],[126.168555,34.829687],[126.078418,34.914844],[126.00752,34.86748]]],[[[126.026465,-3.170508],[126.033984,-3.355859],[126.056543,-3.420996],[126.14668,-3.522754],[126.17832,-3.579395],[126.214551,-3.605176],[126.411133,-3.710645],[126.54668,-3.77168],[126.686328,-3.823633],[126.740332,-3.813672],[126.794141,-3.78916],[126.869922,-3.78291],[126.940918,-3.764551],[127.085059,-3.670898],[127.155176,-3.647266],[127.22959,-3.633008],[127.244238,-3.471094],[127.227344,-3.391016],[127.163477,-3.338086],[127.124707,-3.31084],[127.092383,-3.277539],[127.062891,-3.216992],[127.025488,-3.166016],[126.861133,-3.087891],[126.808301,-3.069141],[126.555078,-3.065234],[126.30625,-3.103223],[126.219629,-3.148145],[126.088281,-3.105469],[126.050098,-3.128125],[126.026465,-3.170508]]],[[[126.108594,34.39873],[126.133789,34.3896],[126.169727,34.355176],[126.233691,34.370508],[126.335449,34.426416],[126.379883,34.497949],[126.343848,34.544922],[126.247461,34.56333],[126.227051,34.532715],[126.122852,34.443945],[126.108594,34.39873]]],[[[126.165625,33.312012],[126.178711,33.282568],[126.229004,33.225244],[126.240234,33.214844],[126.282031,33.201514],[126.326953,33.223633],[126.581738,33.23833],[126.70918,33.27168],[126.872852,33.341162],[126.905371,33.382373],[126.93125,33.443848],[126.901172,33.515137],[126.759863,33.553223],[126.695508,33.549316],[126.337695,33.4604],[126.199414,33.368066],[126.165625,33.312012]]],[[[126.318555,36.612549],[126.3375,36.470557],[126.403809,36.427881],[126.417578,36.492578],[126.386621,36.571143],[126.318555,36.612549]]],[[[126.369336,37.772021],[126.407227,37.649414],[126.42334,37.623633],[126.46084,37.610352],[126.516016,37.604687],[126.520703,37.736816],[126.493555,37.782568],[126.411621,37.822656],[126.369336,37.772021]]],[[[126.6375,4.041943],[126.66123,3.928418],[126.721777,3.83252],[126.719336,3.874658],[126.739648,3.917725],[126.685547,4.001416],[126.6375,4.041943]]],[[[126.646094,34.351123],[126.689063,34.30542],[126.769922,34.296436],[126.753027,34.343994],[126.7,34.395898],[126.651855,34.390332],[126.646094,34.351123]]],[[[126.704492,4.070996],[126.71123,4.020264],[126.77627,4.012598],[126.816602,4.033496],[126.847656,4.17998],[126.921094,4.291016],[126.886719,4.37251],[126.865137,4.479834],[126.8125,4.537207],[126.757324,4.5479],[126.720508,4.41582],[126.72207,4.344189],[126.767285,4.282568],[126.813574,4.258496],[126.770117,4.162207],[126.704492,4.070996]]],[[[126.777539,3.813428],[126.799609,3.783887],[126.835547,3.756934],[126.851855,3.768457],[126.857813,3.787207],[126.857031,3.812402],[126.804492,3.85791],[126.778906,3.843164],[126.777539,3.813428]]],[[[127.104395,-0.413867],[127.119141,-0.520508],[127.187305,-0.521191],[127.249902,-0.495313],[127.280566,-0.391016],[127.253027,-0.318652],[127.290039,-0.284375],[127.189648,-0.255762],[127.126465,-0.278613],[127.104395,-0.413867]]],[[[127.156445,-0.760938],[127.18457,-0.775293],[127.289062,-0.801563],[127.300391,-0.780957],[127.30127,-0.758398],[127.258203,-0.623438],[127.209082,-0.619336],[127.156445,-0.760938]]],[[[127.286426,0.811914],[127.306055,0.769434],[127.338379,0.758447],[127.372656,0.791309],[127.353809,0.847461],[127.319824,0.862012],[127.292773,0.84248],[127.286426,0.811914]]],[[[127.29707,-0.460254],[127.3,-0.500293],[127.380566,-0.599609],[127.468652,-0.642969],[127.438281,-0.739063],[127.462695,-0.805957],[127.497852,-0.802441],[127.623828,-0.766016],[127.642871,-0.783984],[127.667578,-0.832031],[127.761133,-0.883691],[127.842285,-0.847754],[127.880176,-0.808691],[127.863281,-0.759863],[127.837891,-0.724121],[127.804297,-0.694434],[127.658594,-0.689453],[127.60498,-0.610156],[127.682422,-0.468359],[127.566992,-0.318945],[127.527344,-0.306641],[127.491699,-0.335938],[127.455176,-0.406348],[127.371191,-0.331641],[127.325098,-0.33584],[127.329492,-0.390918],[127.29707,-0.460254]]],[[[127.355273,-7.646484],[127.419434,-7.623047],[127.463965,-7.596875],[127.474023,-7.578516],[127.475195,-7.531055],[127.370703,-7.512793],[127.375,-7.572461],[127.355273,-7.646484]]],[[[127.362891,0.675146],[127.373633,0.634863],[127.383984,0.631006],[127.419727,0.64209],[127.445898,0.683301],[127.442578,0.733447],[127.424805,0.744385],[127.382617,0.743555],[127.362891,0.675146]]],[[[127.392188,-1.644824],[127.457617,-1.69668],[127.561621,-1.728516],[127.741016,-1.69082],[127.91377,-1.685156],[128.06123,-1.712402],[128.091797,-1.701172],[128.153027,-1.660547],[128.14873,-1.603711],[128.032813,-1.531641],[127.905078,-1.439063],[127.742969,-1.360254],[127.64668,-1.332422],[127.591797,-1.350781],[127.456738,-1.453711],[127.39502,-1.589844],[127.392188,-1.644824]]],[[[127.396777,0.016602],[127.417871,0.006348],[127.448633,-0.036621],[127.453418,-0.005859],[127.449414,0.068994],[127.431348,0.142578],[127.419531,0.124414],[127.396777,0.016602]]],[[[127.420313,1.251953],[127.428516,1.13999],[127.52041,0.924023],[127.608008,0.848242],[127.600684,0.796045],[127.566992,0.742529],[127.541797,0.680664],[127.537109,0.610889],[127.555371,0.489648],[127.616211,0.38291],[127.668652,0.336768],[127.708691,0.288086],[127.685449,0.149023],[127.681348,0.034863],[127.687402,-0.079932],[127.674805,-0.162891],[127.691602,-0.241895],[127.74082,-0.300391],[127.85332,-0.379883],[127.888965,-0.423535],[128.01084,-0.657324],[128.046387,-0.706055],[128.233398,-0.787695],[128.278125,-0.87002],[128.425488,-0.892676],[128.33457,-0.816309],[128.253516,-0.731641],[128.089453,-0.485254],[127.977832,-0.24834],[127.888965,0.049512],[127.912207,0.150537],[127.914648,0.206299],[127.887402,0.29834],[127.901367,0.372266],[127.924414,0.438086],[127.983105,0.471875],[128.106055,0.460889],[128.220605,0.414258],[128.332813,0.397949],[128.446484,0.391553],[128.54043,0.337891],[128.899609,0.21626],[128.863281,0.268359],[128.81543,0.305371],[128.743262,0.323242],[128.691602,0.360352],[128.683789,0.438477],[128.655273,0.508252],[128.61123,0.549951],[128.397949,0.638818],[128.260645,0.733789],[128.257227,0.80498],[128.298828,0.876807],[128.345996,0.907129],[128.514551,0.979248],[128.66875,1.069434],[128.702637,1.106396],[128.716895,1.367285],[128.688086,1.463721],[128.705176,1.527734],[128.688379,1.572559],[128.539258,1.559229],[128.424121,1.517529],[128.222461,1.400635],[128.157422,1.316602],[128.153125,1.237891],[128.160742,1.157812],[128.116992,1.127051],[128.055273,1.115625],[127.967285,1.042578],[127.929102,0.934717],[127.918652,0.876807],[127.881055,0.832129],[127.805371,0.825928],[127.732715,0.848145],[127.677441,0.886572],[127.634375,0.936133],[127.633008,0.977197],[127.652832,1.013867],[127.885352,1.162793],[127.987695,1.2896],[128.011719,1.331738],[128.025879,1.458105],[128.02373,1.583496],[128.010938,1.701221],[127.946484,1.789648],[127.886816,1.832959],[127.890137,1.906299],[127.906738,1.945654],[128.03125,2.119873],[128.042773,2.15708],[128.036426,2.199023],[127.964258,2.174707],[127.899902,2.137354],[127.731445,1.966113],[127.631738,1.843701],[127.570703,1.700146],[127.55791,1.634229],[127.534668,1.57207],[127.537109,1.46748],[127.420313,1.251953]]],[[[127.487695,-3.288184],[127.531055,-3.331348],[127.629297,-3.35918],[127.60625,-3.315137],[127.554492,-3.254297],[127.530469,-3.261523],[127.487695,-3.288184]]],[[[127.649707,26.154492],[127.653125,26.094727],[127.729395,26.097168],[127.803613,26.152539],[127.806445,26.17124],[127.785547,26.208691],[127.790137,26.255078],[127.84873,26.318945],[127.904785,26.328125],[127.869238,26.380566],[127.86709,26.44248],[127.95127,26.456494],[128.037891,26.533594],[128.126953,26.552246],[128.1625,26.606934],[128.258789,26.652783],[128.310938,26.720703],[128.331641,26.812109],[128.254883,26.881885],[128.216504,26.796875],[128.121582,26.711426],[128.097656,26.667773],[128.046777,26.643311],[128.029688,26.646875],[127.994336,26.679443],[127.907227,26.693604],[127.894824,26.674951],[127.89082,26.631055],[127.945508,26.593945],[127.925977,26.555713],[127.82041,26.466064],[127.795898,26.448535],[127.728906,26.433936],[127.727051,26.30791],[127.654883,26.19917],[127.649707,26.154492]]],[[[127.737305,34.630908],[127.787793,34.584082],[127.799023,34.615039],[127.787109,34.682129],[127.737305,34.630908]]],[[[127.78623,-8.120313],[127.820898,-8.190234],[128.023535,-8.255371],[128.119238,-8.170703],[128.098828,-8.134863],[127.998438,-8.139063],[127.823438,-8.098828],[127.78623,-8.120313]]],[[[127.832227,34.874512],[127.838281,34.81333],[127.873438,34.734961],[127.896875,34.735498],[127.941797,34.76626],[127.983984,34.703223],[128.054688,34.708057],[128.06582,34.805859],[128.037988,34.878613],[127.965625,34.893018],[127.91543,34.920996],[127.832227,34.874512]]],[[[127.834277,-3.004395],[127.849609,-3.016309],[127.937695,-3.02002],[127.987891,-2.936523],[127.938379,-2.952344],[127.834277,-3.004395]]],[[[127.87793,-3.22207],[127.897168,-3.282324],[127.92793,-3.341406],[127.927832,-3.397266],[127.902344,-3.496289],[127.92041,-3.506055],[127.97002,-3.444336],[128.030078,-3.340527],[128.043945,-3.30332],[128.055762,-3.238574],[128.082129,-3.184082],[128.132031,-3.157422],[128.180664,-3.17168],[128.233008,-3.202637],[128.27998,-3.240527],[128.419238,-3.416016],[128.465918,-3.439844],[128.516602,-3.449121],[128.638965,-3.433398],[128.676953,-3.396582],[128.75127,-3.300488],[128.801758,-3.265625],[128.8625,-3.234961],[128.925391,-3.229297],[128.957813,-3.241113],[128.964063,-3.27168],[128.952051,-3.304199],[128.96748,-3.326074],[129.107617,-3.349219],[129.212109,-3.392676],[129.332813,-3.408691],[129.467676,-3.453223],[129.52168,-3.433691],[129.52041,-3.363184],[129.511719,-3.328516],[129.54502,-3.318848],[129.62666,-3.317188],[129.844141,-3.327148],[129.953125,-3.391602],[129.981152,-3.438867],[130.019531,-3.474707],[130.269727,-3.579297],[130.363086,-3.625195],[130.580371,-3.748828],[130.805078,-3.857715],[130.859961,-3.570312],[130.845605,-3.533301],[130.773438,-3.41875],[130.718066,-3.411328],[130.671094,-3.391504],[130.641699,-3.311914],[130.625586,-3.228027],[130.569922,-3.130859],[130.379102,-2.989355],[130.303613,-2.978516],[130.103418,-2.992969],[129.984375,-2.97666],[129.754688,-2.86582],[129.600488,-2.806152],[129.542969,-2.790332],[129.48418,-2.785742],[129.427344,-2.790723],[129.371094,-2.820508],[129.27959,-2.889063],[129.174414,-2.933496],[129.116309,-2.937012],[129.074316,-2.895117],[129.057715,-2.838477],[128.991113,-2.828516],[128.910742,-2.849609],[128.790527,-2.856641],[128.569824,-2.842188],[128.198535,-2.865918],[128.113379,-2.93457],[127.87793,-3.22207]]],[[[127.925,-3.699316],[127.934375,-3.743066],[127.978027,-3.770996],[128.052246,-3.714551],[128.11084,-3.686426],[128.146875,-3.677148],[128.158984,-3.697656],[128.143164,-3.732715],[128.191797,-3.735254],[128.249902,-3.711133],[128.275586,-3.674609],[128.277441,-3.633203],[128.291016,-3.597656],[128.313672,-3.563672],[128.329102,-3.515918],[128.264355,-3.512305],[128.119141,-3.5875],[128.016211,-3.600879],[127.927539,-3.679395],[127.925,-3.699316]]],[[[128.217969,2.297461],[128.259961,2.08252],[128.295898,2.034717],[128.453906,2.051758],[128.547559,2.09707],[128.623242,2.224414],[128.688477,2.473682],[128.602148,2.597607],[128.568652,2.596094],[128.47207,2.570508],[128.330371,2.469336],[128.217969,2.297461]]],[[[128.391602,-3.637891],[128.562598,-3.585449],[128.536328,-3.541309],[128.451563,-3.514746],[128.42832,-3.54043],[128.391602,-3.637891]]],[[[128.489258,34.865283],[128.519531,34.81958],[128.64668,34.736865],[128.741016,34.798535],[128.721875,35.013574],[128.667969,35.008789],[128.585938,34.932275],[128.489258,34.865283]]],[[[128.529785,-7.13457],[128.550195,-7.156348],[128.625,-7.208594],[128.670117,-7.183301],[128.666895,-7.137988],[128.673242,-7.113379],[128.658301,-7.091113],[128.627734,-7.06875],[128.577344,-7.083203],[128.529785,-7.13457]]],[[[128.585156,-3.512207],[128.619531,-3.588574],[128.658789,-3.587793],[128.713281,-3.602539],[128.720117,-3.58916],[128.722461,-3.546875],[128.693555,-3.524512],[128.666504,-3.516699],[128.594922,-3.494824],[128.585156,-3.512207]]],[[[128.649121,32.662012],[128.657324,32.628418],[128.692969,32.604736],[128.750488,32.586133],[128.79043,32.636719],[128.821289,32.646338],[128.894531,32.652148],[128.879395,32.693311],[128.838574,32.762891],[128.806055,32.775977],[128.761035,32.772363],[128.704102,32.756885],[128.665332,32.783887],[128.649121,32.662012]]],[[[128.882812,27.842432],[128.9,27.727783],[128.95625,27.70249],[128.998145,27.720801],[129.016406,27.770215],[128.989746,27.811133],[128.95166,27.910254],[128.907617,27.897998],[128.882812,27.842432]]],[[[128.997266,32.951855],[129.019629,32.919629],[129.051953,32.829492],[129.076953,32.840283],[129.111621,32.928857],[129.153516,32.946191],[129.181934,32.993115],[129.152734,33.00332],[129.123633,33.067676],[129.109766,33.132568],[129.034961,32.969092],[128.997266,32.951855]]],[[[129.164648,28.249756],[129.274902,28.200879],[129.366406,28.127734],[129.452539,28.208984],[129.439063,28.254785],[129.456738,28.272314],[129.512695,28.29873],[129.574609,28.361182],[129.641699,28.411279],[129.710449,28.432129],[129.714648,28.469629],[129.689551,28.51748],[129.598047,28.475879],[129.577148,28.461279],[129.560547,28.431055],[129.509668,28.39751],[129.464551,28.395264],[129.322461,28.359619],[129.250879,28.313574],[129.247852,28.28252],[129.21709,28.262939],[129.164648,28.249756]]],[[[129.186426,34.14502],[129.214453,34.082812],[129.279492,34.123389],[129.335059,34.230811],[129.337109,34.284766],[129.214844,34.320654],[129.186426,34.14502]]],[[[129.19248,28.19248],[129.232422,28.101123],[129.330566,28.081592],[129.324023,28.104932],[129.277344,28.144727],[129.257422,28.176172],[129.19248,28.19248]]],[[[129.266699,34.370459],[129.297461,34.3396],[129.365332,34.305518],[129.385645,34.353662],[129.381445,34.416455],[129.475391,34.54043],[129.469141,34.615527],[129.480176,34.649463],[129.472461,34.671338],[129.451074,34.686572],[129.325879,34.607275],[129.32207,34.579297],[129.329395,34.521875],[129.266699,34.370459]]],[[[129.308789,0.04541],[129.370117,-0.066406],[129.469238,-0.131445],[129.505664,-0.189844],[129.548926,-0.187012],[129.541992,-0.139258],[129.308789,0.04541]]],[[[129.37041,33.176025],[129.421387,33.17583],[129.491797,33.223047],[129.508105,33.284326],[129.569922,33.361035],[129.537988,33.357764],[129.461914,33.33125],[129.423145,33.257373],[129.416992,33.231104],[129.37041,33.176025]]],[[[129.580078,33.236279],[129.665039,33.186621],[129.79873,33.083594],[129.896777,33.022363],[129.921875,32.987988],[129.991699,32.851562],[129.900781,32.851904],[129.82832,32.892676],[129.777734,32.985547],[129.679102,33.059961],[129.662305,32.994922],[129.667773,32.929395],[129.690039,32.875244],[129.785938,32.781641],[129.826758,32.725342],[129.808105,32.645264],[129.768555,32.570996],[129.852539,32.621729],[129.950781,32.721729],[130.054102,32.770801],[130.152051,32.747852],[130.192969,32.706299],[130.245508,32.677148],[130.297656,32.675],[130.34043,32.701855],[130.36084,32.755859],[130.353516,32.810352],[130.326465,32.852637],[130.280078,32.866846],[130.222168,32.846826],[130.175,32.851318],[130.167773,32.931787],[130.173145,33.012988],[130.126855,33.104834],[130.176855,33.144531],[130.2375,33.177637],[130.287305,33.154785],[130.381738,33.092578],[130.44043,32.951367],[130.547266,32.831592],[130.569434,32.734131],[130.497852,32.656934],[130.563281,32.626367],[130.640527,32.619238],[130.560352,32.456055],[130.462012,32.304932],[130.394922,32.218994],[130.319141,32.143506],[130.214063,32.115039],[130.194434,32.090771],[130.195801,31.949854],[130.210938,31.848975],[130.187891,31.768848],[130.224219,31.730078],[130.268945,31.696338],[130.321973,31.601465],[130.306641,31.487793],[130.294141,31.450684],[130.260547,31.436572],[130.147266,31.408496],[130.200684,31.291895],[130.250586,31.273193],[130.310645,31.266895],[130.58877,31.178516],[130.621484,31.217529],[130.644531,31.26748],[130.565918,31.352393],[130.54043,31.403076],[130.528125,31.459668],[130.556055,31.563086],[130.613477,31.66543],[130.655078,31.718408],[130.714551,31.717676],[130.77627,31.706299],[130.796875,31.671289],[130.796289,31.624072],[130.779785,31.604102],[130.749414,31.598193],[130.704199,31.577441],[130.708984,31.526074],[130.774219,31.383203],[130.789746,31.269092],[130.758398,31.155811],[130.735742,31.12207],[130.704492,31.094092],[130.68418,31.059277],[130.685742,31.015137],[130.902246,31.112061],[131.098438,31.256152],[131.035156,31.377686],[131.070801,31.436865],[131.139746,31.441846],[131.249707,31.409619],[131.337207,31.404687],[131.459961,31.670801],[131.475293,31.778418],[131.460254,31.883496],[131.505664,32.001953],[131.531152,32.116748],[131.564648,32.223047],[131.610352,32.325488],[131.660352,32.465625],[131.732129,32.592822],[131.97666,32.843945],[132.002148,32.882373],[132.008594,32.919043],[131.910449,32.973682],[131.937207,33.010156],[131.949316,33.04707],[131.902734,33.087793],[131.847852,33.118066],[131.854688,33.181641],[131.896582,33.25459],[131.71709,33.2521],[131.537402,33.274072],[131.615527,33.391846],[131.710645,33.502344],[131.724219,33.553809],[131.696289,33.602832],[131.643066,33.637793],[131.583008,33.652393],[131.498828,33.623584],[131.41875,33.584424],[131.366016,33.570898],[131.30918,33.572754],[131.174609,33.602588],[131.058105,33.672852],[131.009082,33.77583],[130.953125,33.872021],[130.839648,33.917773],[130.715625,33.927783],[130.669531,33.915479],[130.483789,33.834619],[130.457227,33.788965],[130.439453,33.734229],[130.365039,33.634473],[130.275098,33.597705],[130.167969,33.598291],[130.130566,33.578174],[130.103418,33.539697],[130.07207,33.521777],[129.919141,33.483496],[129.825684,33.437012],[129.836621,33.403809],[129.85752,33.375244],[129.844141,33.321777],[129.702148,33.359814],[129.659961,33.36499],[129.610156,33.343652],[129.580078,33.236279]]],[[[129.591895,-7.917383],[129.713477,-8.040723],[129.779785,-8.046484],[129.838867,-7.95459],[129.843555,-7.889355],[129.812988,-7.819727],[129.655469,-7.794824],[129.608984,-7.803418],[129.59873,-7.831348],[129.591895,-7.917383]]],[[[129.674805,33.739697],[129.726562,33.707324],[129.795703,33.748828],[129.776367,33.829199],[129.717285,33.858398],[129.7,33.828906],[129.674805,33.739697]]],[[[129.686816,31.639648],[129.717969,31.657129],[129.793652,31.74248],[129.787305,31.787109],[129.706836,31.718262],[129.686816,31.639648]]],[[[129.737695,-1.866895],[129.754395,-1.894434],[129.886523,-1.986426],[130.093359,-2.02832],[130.133496,-2.063867],[130.248047,-2.047754],[130.28418,-2.009375],[130.338965,-1.981836],[130.372656,-1.991895],[130.418848,-1.971289],[130.393359,-1.941602],[130.380566,-1.902637],[130.404297,-1.889844],[130.425,-1.80459],[130.36543,-1.749805],[130.35332,-1.690527],[130.317969,-1.691992],[130.199609,-1.732227],[130.105762,-1.730469],[129.993652,-1.758887],[129.737695,-1.866895]]],[[[129.960156,32.24375],[129.993359,32.228174],[130.003516,32.193994],[130.08252,32.229687],[130.199512,32.340576],[130.19668,32.491602],[130.167773,32.541211],[130.009766,32.521631],[130.021289,32.468848],[129.979297,32.346191],[130.015332,32.313672],[130.017285,32.291846],[129.960156,32.24375]]],[[[130.236621,-0.209668],[130.340527,-0.262305],[130.496289,-0.267383],[130.550781,-0.366406],[130.574902,-0.361816],[130.606543,-0.328613],[130.688672,-0.296582],[130.699805,-0.391602],[130.750195,-0.443848],[130.896289,-0.416016],[130.899219,-0.344434],[130.843164,-0.29834],[130.801563,-0.302148],[130.761328,-0.291406],[130.691309,-0.180566],[130.638281,-0.142969],[130.622168,-0.085938],[130.683496,-0.080664],[130.808398,-0.226465],[130.89668,-0.268457],[130.946484,-0.337598],[131.005371,-0.360742],[131.097754,-0.330078],[131.177734,-0.345996],[131.217871,-0.374121],[131.25752,-0.365723],[131.339746,-0.290332],[131.302734,-0.241113],[131.316895,-0.204297],[131.276855,-0.149805],[131.025781,-0.039941],[130.986523,-0.046582],[130.813281,-0.004102],[130.722363,-0.029834],[130.584277,-0.04541],[130.54834,-0.069922],[130.499609,-0.060107],[130.430957,-0.098486],[130.3625,-0.072852],[130.294922,-0.101465],[130.287695,-0.154688],[130.236621,-0.209668]]],[[[130.241699,32.462793],[130.256055,32.431006],[130.292578,32.419336],[130.381055,32.42373],[130.418555,32.457715],[130.461426,32.515723],[130.36543,32.527197],[130.241699,32.462793]]],[[[130.388086,30.388184],[130.445605,30.264697],[130.508203,30.241406],[130.622754,30.262988],[130.673242,30.366895],[130.643555,30.388965],[130.497168,30.465527],[130.388086,30.388184]]],[[[130.402441,-0.923926],[130.832422,-0.862891],[130.879785,-0.828418],[130.905273,-0.777441],[130.807031,-0.765039],[130.813477,-0.813867],[130.723242,-0.822461],[130.635449,-0.811621],[130.59375,-0.82666],[130.569531,-0.821875],[130.548145,-0.82627],[130.526953,-0.837305],[130.484277,-0.83252],[130.457324,-0.851172],[130.439063,-0.887402],[130.402441,-0.923926]]],[[[130.46543,-0.486523],[130.569141,-0.52998],[130.62666,-0.528711],[130.684277,-0.469141],[130.656934,-0.436523],[130.615918,-0.417285],[130.597461,-0.418262],[130.56416,-0.440918],[130.525879,-0.44873],[130.46543,-0.486523]]],[[[130.667969,-0.983984],[130.704395,-1.050195],[130.712109,-1.104395],[130.739355,-1.172559],[130.782324,-1.255469],[130.845117,-1.317285],[130.966602,-1.343457],[131.001855,-1.315527],[131.046191,-1.188184],[131.073926,-0.968262],[131.033008,-0.917578],[130.939453,-0.915332],[130.897168,-0.890039],[130.672949,-0.959766],[130.667969,-0.983984]]],[[[130.775195,-8.349902],[130.862207,-8.31875],[130.908105,-8.245703],[131.04375,-8.212012],[131.176367,-8.130762],[131.087402,-8.124512],[131.020117,-8.091309],[130.833398,-8.270801],[130.775195,-8.349902]]],[[[130.810254,37.509912],[130.816797,37.478467],[130.870605,37.44873],[130.916016,37.478467],[130.934277,37.529736],[130.903711,37.553711],[130.838379,37.537207],[130.810254,37.509912]]],[[[130.870313,30.444238],[130.872168,30.386328],[130.959766,30.396924],[130.992578,30.52998],[131.057422,30.64248],[131.082617,30.790869],[131.060352,30.828467],[131.039844,30.818896],[131.012207,30.792285],[130.947363,30.671191],[130.939941,30.575098],[130.870313,30.444238]]],[[[130.889258,34.261816],[130.918848,33.975732],[130.996387,34.007275],[131.071875,34.020654],[131.150391,33.975635],[131.232617,33.947998],[131.322754,33.965186],[131.40791,34.003613],[131.476172,34.019385],[131.740527,34.052051],[131.763184,34.045264],[132.090234,33.855469],[132.146484,33.83877],[132.159375,33.944238],[132.201953,34.032031],[132.238086,34.227002],[132.312598,34.324951],[132.421289,34.353369],[132.534473,34.287061],[132.656543,34.246094],[132.774609,34.255225],[133.018945,34.32959],[133.142383,34.302441],[133.209766,34.343994],[133.335645,34.385352],[133.445312,34.433154],[133.474414,34.430127],[133.578613,34.464697],[133.67793,34.485889],[133.876367,34.494629],[133.968262,34.527295],[134.074512,34.593115],[134.208301,34.697656],[134.246875,34.713867],[134.362695,34.723682],[134.472266,34.754785],[134.583789,34.770605],[134.740039,34.765234],[134.784961,34.74707],[134.929883,34.661816],[135.041699,34.631006],[135.198242,34.65293],[135.355176,34.654297],[135.415918,34.61748],[135.411816,34.546973],[135.384766,34.500439],[135.309277,34.416797],[135.265625,34.380811],[135.131934,34.316553],[135.100098,34.288379],[135.135352,34.182617],[135.12793,34.006982],[135.175391,33.898047],[135.256641,33.80625],[135.346777,33.721973],[135.394238,33.62876],[135.452832,33.553369],[135.695312,33.486963],[135.916211,33.561719],[136.072559,33.778223],[136.267871,34.094873],[136.329883,34.176855],[136.544434,34.257715],[136.792188,34.299268],[136.853711,34.324072],[136.881152,34.380469],[136.880273,34.433594],[136.841602,34.464209],[136.61582,34.589062],[136.533008,34.678369],[136.576953,34.789551],[136.690039,34.984131],[136.743555,35.022998],[136.804199,35.050293],[136.851855,35.059521],[136.89707,35.035547],[136.85293,34.978711],[136.856152,34.9125],[136.88457,34.805859],[136.871289,34.733105],[136.912891,34.709033],[136.944141,34.721533],[136.934766,34.815186],[136.963281,34.834912],[137.005957,34.814111],[137.032227,34.765918],[137.096582,34.759033],[137.222656,34.774707],[137.275195,34.77251],[137.29541,34.727588],[137.287793,34.703516],[137.077051,34.621436],[137.061719,34.582812],[137.318066,34.636377],[137.543359,34.664209],[137.748535,34.647412],[137.864258,34.650879],[137.979004,34.640918],[138.189063,34.596338],[138.253223,34.732666],[138.348633,34.847705],[138.433105,34.915186],[138.50957,34.987158],[138.537012,35.044141],[138.577148,35.086475],[138.719629,35.124072],[138.820898,35.095703],[138.903613,35.025244],[138.802734,34.974805],[138.804492,34.875732],[138.761035,34.699219],[138.795117,34.651025],[138.8375,34.619238],[138.89668,34.628418],[138.982617,34.698389],[139.015625,34.736035],[139.086035,34.83916],[139.121973,34.956494],[139.11582,35.097119],[139.134082,35.154883],[139.162695,35.210742],[139.249414,35.278027],[139.363477,35.298096],[139.474414,35.298535],[139.564063,35.243262],[139.635938,35.142139],[139.675,35.149268],[139.730859,35.221533],[139.744043,35.252393],[139.7,35.273975],[139.665527,35.319482],[139.65,35.409131],[139.767773,35.494824],[139.773926,35.520361],[139.770117,35.549561],[139.786328,35.612109],[139.834766,35.658057],[139.909766,35.668359],[139.9875,35.668213],[140.043652,35.63335],[140.096875,35.585156],[140.086328,35.54043],[140.027148,35.485205],[139.944141,35.422998],[139.906152,35.345264],[139.826465,35.29668],[139.851465,35.232324],[139.829688,35.072168],[139.843262,35.009863],[139.799219,34.956934],[139.843945,34.914893],[139.92041,34.899609],[139.959766,34.947314],[140.05918,35.038281],[140.158887,35.096484],[140.314746,35.155029],[140.354688,35.181445],[140.392969,35.221143],[140.416504,35.266992],[140.412891,35.394775],[140.457422,35.510254],[140.596875,35.632031],[140.639258,35.661279],[140.874023,35.724951],[140.813477,35.78252],[140.75957,35.845703],[140.621973,36.059229],[140.59043,36.142432],[140.573535,36.231348],[140.591602,36.307812],[140.619238,36.385596],[140.618848,36.445312],[140.627344,36.502783],[140.729883,36.731885],[140.791797,36.846875],[140.839648,36.890332],[140.895117,36.925732],[140.968359,37.002051],[141.00166,37.114648],[141.036328,37.467236],[141.003418,37.698437],[140.959961,37.822607],[140.92793,37.949609],[140.929004,38.052881],[140.962109,38.148877],[141.077344,38.312549],[141.108398,38.337939],[141.254297,38.381396],[141.368164,38.379736],[141.46748,38.40415],[141.508789,38.497852],[141.51875,38.632031],[141.546289,38.762842],[141.579688,38.816504],[141.622266,38.865137],[141.644727,38.91792],[141.658594,38.974854],[141.693555,38.995166],[141.74248,38.999609],[141.776172,39.017432],[141.806543,39.04043],[141.84209,39.090039],[141.900781,39.111328],[141.909473,39.218701],[141.976953,39.428809],[141.993164,39.610547],[141.979102,39.668359],[141.991895,39.739893],[141.99082,39.792236],[141.977832,39.844434],[141.935059,39.958496],[141.87793,40.067236],[141.79707,40.291162],[141.646289,40.473633],[141.542285,40.530713],[141.462793,40.611133],[141.430469,40.72334],[141.413672,40.839355],[141.4,41.096338],[141.419922,41.251172],[141.455469,41.404736],[141.26875,41.353809],[141.229297,41.372656],[141.105859,41.455859],[141.050195,41.475732],[140.936914,41.505566],[140.891504,41.479785],[140.85957,41.425439],[140.801855,41.253662],[140.800586,41.138818],[141.07041,41.193066],[141.115039,41.208496],[141.155078,41.236719],[141.200391,41.243604],[141.244238,41.205615],[141.262109,41.102686],[141.225391,40.988477],[141.183203,40.924023],[141.118555,40.882275],[140.936035,40.940771],[140.876172,40.929541],[140.845801,40.875146],[140.800781,40.834326],[140.748633,40.830322],[140.702441,40.857812],[140.679395,40.893262],[140.639648,41.155615],[140.627637,41.19541],[140.56416,41.211816],[140.498047,41.205664],[140.441309,41.209668],[140.385938,41.229785],[140.344434,41.20332],[140.315234,41.160889],[140.343555,41.005664],[140.32627,40.947656],[140.28125,40.846094],[140.252344,40.808789],[140.20127,40.774902],[140.146094,40.751562],[140.085352,40.747363],[140.029297,40.733154],[139.966699,40.672754],[139.922852,40.598437],[139.923926,40.533887],[139.964063,40.414307],[140.014453,40.314893],[140.011133,40.260352],[139.972461,40.136963],[139.908008,40.021729],[139.873633,39.985693],[139.825684,39.966016],[139.755469,39.958936],[139.741504,39.92085],[139.810352,39.877734],[139.891211,39.886865],[139.945215,39.885107],[139.994727,39.855078],[140.054688,39.749268],[140.064746,39.624414],[140.048145,39.463721],[140.036523,39.411133],[140.01084,39.358057],[139.977148,39.310645],[139.938574,39.273145],[139.912305,39.228564],[139.878613,39.104932],[139.801953,38.881592],[139.749121,38.788135],[139.659766,38.697021],[139.580176,38.598877],[139.520801,38.502539],[139.476758,38.399805],[139.445801,38.26875],[139.400977,38.142578],[139.363867,38.099023],[139.247168,38.009082],[138.885059,37.843945],[138.818848,37.774707],[138.770605,37.663428],[138.709375,37.560645],[138.632812,37.472168],[138.54834,37.392139],[138.319922,37.218408],[138.218066,37.173389],[138.10957,37.151074],[137.913184,37.0646],[137.514063,36.951562],[137.482617,36.924756],[137.342578,36.770361],[137.297656,36.75376],[137.246289,36.753174],[137.12373,36.774072],[137.016699,36.837207],[137.012695,36.895117],[137.018555,36.959619],[136.994434,37.026758],[136.899902,37.117676],[136.924023,37.171973],[136.982227,37.200049],[137.045801,37.219727],[137.152051,37.283154],[137.3375,37.437451],[137.341211,37.485449],[137.322656,37.52207],[137.198633,37.497461],[136.962305,37.413672],[136.843457,37.382129],[136.719238,37.198389],[136.749316,36.951025],[136.698145,36.742041],[136.555859,36.571973],[136.358984,36.361768],[136.261816,36.287695],[136.15625,36.22334],[136.06748,36.116846],[136.00625,35.990576],[136.022266,35.874121],[136.095313,35.767627],[136.016211,35.68252],[135.903125,35.606885],[135.79502,35.549512],[135.680273,35.503125],[135.601855,35.517725],[135.326953,35.525537],[135.267773,35.550879],[135.232031,35.591895],[135.26875,35.659668],[135.26543,35.721777],[135.220508,35.741113],[135.174316,35.74707],[134.882227,35.663232],[134.456055,35.62793],[134.336523,35.57793],[134.214063,35.539258],[133.98125,35.507227],[133.860254,35.494873],[133.739355,35.495264],[133.61543,35.511426],[133.494922,35.497461],[133.435352,35.472217],[133.376465,35.458838],[133.267188,35.556543],[133.156934,35.558838],[132.922949,35.511279],[132.746582,35.449023],[132.697656,35.418311],[132.619043,35.306836],[132.414062,35.156299],[132.25957,35.022314],[132.158203,34.966504],[132.064746,34.9],[131.963086,34.809375],[131.856055,34.726318],[131.734082,34.66709],[131.608008,34.615479],[131.515039,34.550146],[131.43252,34.469824],[131.354395,34.413184],[131.261816,34.393457],[131.132227,34.407373],[131.004199,34.392578],[130.951855,34.349707],[130.904297,34.299561],[130.889258,34.261816]]],[[[130.995898,-1.424707],[131.056738,-1.447656],[131.117773,-1.455273],[131.179199,-1.44834],[131.24082,-1.429688],[131.29375,-1.393457],[131.731445,-1.541211],[131.829785,-1.556543],[131.930371,-1.559668],[131.936133,-1.714941],[131.998438,-1.93252],[132.023438,-1.990332],[132.079883,-2.033203],[132.122168,-2.092383],[132.207422,-2.175781],[132.307617,-2.242285],[132.40332,-2.24043],[132.502637,-2.218457],[132.631055,-2.24668],[132.863281,-2.270215],[132.962793,-2.272559],[133.224902,-2.214453],[133.35625,-2.215723],[133.487793,-2.225586],[133.710352,-2.18916],[133.921582,-2.102051],[133.920508,-2.147461],[133.902441,-2.183594],[133.849707,-2.219629],[133.791016,-2.293652],[133.898926,-2.304492],[133.904883,-2.390918],[133.877637,-2.415039],[133.834668,-2.42168],[133.75332,-2.450684],[133.710938,-2.544043],[133.700098,-2.624609],[133.651563,-2.600586],[133.608691,-2.547168],[133.526563,-2.541699],[133.411426,-2.513965],[133.264941,-2.454297],[133.191016,-2.437793],[133.118848,-2.450293],[133.033789,-2.487402],[132.897266,-2.658203],[132.725,-2.789062],[132.65293,-2.766211],[132.575488,-2.727148],[132.32334,-2.68418],[132.230664,-2.680371],[132.066895,-2.75957],[131.971191,-2.788574],[132.006348,-2.856055],[132.053906,-2.914551],[132.102051,-2.92959],[132.25498,-2.943457],[132.348242,-2.975098],[132.553516,-3.130664],[132.751367,-3.294629],[132.829785,-3.412988],[132.869727,-3.550977],[132.753906,-3.703613],[132.790918,-3.828125],[132.837109,-3.948926],[132.870117,-4.007422],[132.914453,-4.056934],[132.968555,-4.094922],[133.085156,-4.069043],[133.198047,-4.070117],[133.24873,-4.062305],[133.400879,-3.899023],[133.422266,-3.842578],[133.407227,-3.785156],[133.415137,-3.732129],[133.50918,-3.615527],[133.542285,-3.516406],[133.518164,-3.411914],[133.599414,-3.416113],[133.653125,-3.364355],[133.660742,-3.185547],[133.671973,-3.131836],[133.700391,-3.0875],[133.767383,-3.044336],[133.841504,-3.054785],[133.781641,-3.148926],[133.697168,-3.248145],[133.683398,-3.30918],[133.67832,-3.479492],[133.723047,-3.57793],[133.808496,-3.65],[133.860742,-3.680371],[133.904004,-3.720117],[133.933203,-3.775586],[133.973828,-3.817969],[134.036914,-3.821973],[134.1,-3.799707],[134.14707,-3.796777],[134.180469,-3.825098],[134.202344,-3.887012],[134.266211,-3.945801],[134.391016,-3.909961],[134.467188,-3.948633],[134.546875,-3.979297],[134.603418,-3.976074],[134.707617,-3.929883],[134.759766,-3.922168],[134.886523,-3.938477],[134.706543,-3.954785],[134.686914,-4.011133],[134.679688,-4.079102],[134.754199,-4.19541],[135.195605,-4.450684],[135.273145,-4.453125],[135.353906,-4.441797],[135.450195,-4.443066],[135.716602,-4.478418],[135.979688,-4.530859],[136.097461,-4.584766],[136.210645,-4.650684],[136.39375,-4.70127],[136.618848,-4.81875],[136.856836,-4.893164],[136.916992,-4.895117],[136.974609,-4.907324],[137.029688,-4.928711],[137.089258,-4.924414],[137.14375,-4.950781],[137.195898,-4.99043],[137.237891,-4.975684],[137.279785,-4.94541],[137.306641,-5.014355],[137.759082,-5.256152],[137.795215,-5.312012],[137.840332,-5.350488],[137.886816,-5.348828],[137.922266,-5.370117],[137.984961,-5.427637],[138.06084,-5.465234],[138.075586,-5.545801],[138.063086,-5.628906],[138.065918,-5.675977],[138.087109,-5.70918],[138.127441,-5.716504],[138.166504,-5.712012],[138.252148,-5.688184],[138.339648,-5.675684],[138.243555,-5.724414],[138.199609,-5.807031],[138.282813,-5.838574],[138.374609,-5.843652],[138.313867,-5.8875],[138.296289,-5.949023],[138.368359,-6.118555],[138.438672,-6.343359],[138.521582,-6.453809],[138.642188,-6.560449],[138.698145,-6.625684],[138.72666,-6.731152],[138.808496,-6.79043],[138.864551,-6.858398],[138.683789,-6.886523],[138.600195,-6.910742],[138.601367,-6.936523],[138.72002,-7.069824],[138.845703,-7.136328],[139.049023,-7.200586],[139.112598,-7.201758],[139.176855,-7.19043],[139.0625,-7.227148],[139.017969,-7.225879],[138.919336,-7.203613],[138.864844,-7.201367],[138.798438,-7.215723],[138.747949,-7.251465],[138.793652,-7.298926],[138.853125,-7.339648],[138.885547,-7.373242],[138.937891,-7.472461],[138.983008,-7.508203],[139.048926,-7.52832],[139.087988,-7.587207],[139.073633,-7.639258],[139.045703,-7.691406],[139.003027,-7.837598],[138.935938,-7.913086],[138.905469,-8.041211],[138.885059,-8.094727],[138.856152,-8.145117],[138.864746,-8.192285],[138.890625,-8.237793],[138.933496,-8.262402],[139.083203,-8.142871],[139.192969,-8.086133],[139.248828,-7.982422],[139.258301,-8.046582],[139.279102,-8.106934],[139.319141,-8.16582],[139.385645,-8.189063],[139.518555,-8.172754],[139.649414,-8.125391],[139.79082,-8.106348],[139.934766,-8.101172],[140.033789,-8.022754],[140.116992,-7.92373],[140.037402,-8.083984],[139.992578,-8.139355],[139.983301,-8.166504],[140.00293,-8.195508],[140.10166,-8.300586],[140.489746,-8.62041],[140.581055,-8.72832],[140.661523,-8.846777],[140.786523,-8.97373],[140.924609,-9.085059],[141.133203,-9.221289],[141.216992,-9.214453],[141.293652,-9.168164],[141.405664,-9.150684],[141.51875,-9.190137],[141.621582,-9.211328],[141.727344,-9.212598],[141.978906,-9.198145],[142.22959,-9.169922],[142.292773,-9.18291],[142.396289,-9.219043],[142.435254,-9.237012],[142.535742,-9.30332],[142.647168,-9.327832],[142.85918,-9.202637],[143.078223,-9.09248],[143.226855,-9.035938],[143.366211,-8.961035],[143.3875,-8.908203],[143.392188,-8.801855],[143.377246,-8.762207],[143.306738,-8.660938],[143.222949,-8.572168],[143.111816,-8.474512],[143.064844,-8.455176],[143.013672,-8.443848],[142.797949,-8.34502],[142.575977,-8.335645],[142.474805,-8.369434],[142.391016,-8.312695],[142.360547,-8.25],[142.325098,-8.19834],[142.206836,-8.195801],[142.275879,-8.173926],[142.347461,-8.16748],[142.376465,-8.208008],[142.399219,-8.254688],[142.447559,-8.316211],[142.524121,-8.32168],[142.615039,-8.2875],[142.708594,-8.272266],[142.808301,-8.2875],[142.905469,-8.314453],[143.094922,-8.31123],[143.282031,-8.263867],[143.45,-8.239844],[143.61377,-8.200391],[143.582031,-8.112695],[143.542188,-8.029102],[143.518164,-8.000684],[143.551563,-7.984668],[143.665039,-7.995508],[143.779297,-8.028223],[143.833398,-8.029102],[143.887988,-8.017676],[143.840625,-7.941895],[143.892188,-7.951855],[143.942285,-7.944238],[143.74209,-7.549805],[143.654883,-7.460352],[143.72334,-7.498242],[143.779102,-7.550098],[143.83418,-7.615918],[143.898242,-7.673828],[143.973633,-7.705957],[144.142871,-7.757227],[144.225391,-7.764941],[144.270215,-7.714258],[144.326172,-7.676758],[144.351855,-7.666992],[144.403418,-7.683594],[144.43125,-7.679395],[144.449707,-7.598145],[144.509863,-7.567383],[144.597949,-7.588965],[144.684375,-7.624805],[144.773438,-7.64248],[144.864258,-7.631543],[144.885352,-7.733594],[144.920898,-7.77666],[144.973828,-7.802148],[145.082324,-7.828125],[145.194336,-7.841113],[145.2875,-7.861621],[145.467773,-7.930078],[145.563379,-7.943848],[145.728711,-7.952441],[145.771777,-7.966406],[145.810938,-7.992773],[146.033203,-8.076367],[146.078516,-8.11416],[146.108789,-8.168457],[146.142969,-8.210254],[146.184082,-8.246387],[146.250586,-8.343945],[146.296484,-8.455566],[146.455859,-8.643555],[146.524121,-8.749707],[146.630859,-8.951172],[146.696582,-9.025391],[146.85625,-9.087695],[146.913281,-9.091699],[146.96377,-9.05957],[146.930371,-9.153906],[146.925391,-9.247168],[147.017188,-9.387891],[147.064453,-9.426074],[147.298926,-9.57959],[147.408301,-9.674707],[147.496484,-9.79043],[147.553125,-9.912402],[147.614355,-9.959766],[147.65547411781694,-10],[149.86565870231448,-10],[149.821289,-9.93418],[149.763086,-9.868652],[149.76123,-9.805859],[149.864355,-9.770605],[149.928223,-9.76084],[149.984668,-9.737012],[150,-9.708619278188635],[150,-9.680108734133338],[149.973535,-9.660742],[149.865625,-9.630078],[149.755762,-9.610938],[149.475781,-9.588281],[149.41875,-9.568848],[149.263184,-9.497852],[149.203027,-9.406836],[149.216211,-9.295898],[149.264063,-9.180762],[149.247656,-9.070996],[149.19834,-9.03125],[149.141699,-9.014551],[149.097461,-9.016895],[148.791797,-9.089453],[148.679492,-9.091992],[148.583105,-9.051758],[148.525879,-8.938574],[148.451172,-8.694531],[148.414453,-8.663965],[148.246875,-8.554297],[148.233594,-8.50957],[148.22998,-8.459668],[148.206445,-8.338672],[148.151953,-8.160254],[148.126758,-8.103613],[147.936133,-7.975391],[147.821875,-7.9375],[147.724316,-7.87627],[147.545117,-7.710938],[147.458984,-7.616211],[147.365332,-7.533789],[147.260156,-7.464063],[147.190039,-7.378125],[147.104883,-7.166992],[146.960742,-6.928809],[146.949219,-6.883105],[146.953613,-6.834082],[147.119141,-6.72168],[147.355762,-6.742383],[147.70957,-6.723633],[147.810449,-6.703613],[147.845508,-6.662402],[147.854492,-6.551172],[147.824512,-6.373047],[147.802051,-6.315234],[147.762891,-6.291504],[147.730078,-6.261133],[147.653027,-6.154785],[147.566699,-6.056934],[147.518555,-6.021094],[147.422754,-5.966211],[147.37666,-5.950781],[147.248242,-5.954785],[147.120898,-5.94502],[147.034277,-5.919238],[146.403418,-5.616602],[146.205371,-5.545117],[145.999414,-5.49707],[145.852832,-5.471289],[145.745215,-5.402441],[145.792871,-5.17793],[145.788086,-4.890625],[145.766992,-4.823047],[145.33457,-4.385254],[145.208008,-4.380273],[145.087793,-4.349121],[145.008398,-4.275488],[144.938477,-4.188184],[144.843457,-4.101465],[144.737891,-4.029102],[144.62666,-3.993066],[144.548242,-3.913086],[144.524512,-3.855273],[144.477734,-3.825293],[144.426563,-3.809668],[144.374414,-3.802734],[144.247949,-3.818262],[144.121973,-3.815234],[144.066406,-3.805176],[144.01582,-3.783594],[143.887695,-3.697461],[143.797168,-3.617285],[143.700586,-3.57334],[143.508984,-3.431152],[143.37832,-3.395313],[143.12998,-3.355078],[143.015625,-3.344922],[142.905176,-3.320703],[142.549023,-3.20459],[142.211523,-3.083496],[141.985742,-2.963574],[141.937793,-2.95332],[141.8875,-2.952539],[141.836523,-2.932129],[141.686816,-2.84502],[141.185645,-2.627832],[141.104785,-2.611328],[140.747461,-2.607129],[140.720508,-2.508105],[140.673047,-2.47207],[140.622559,-2.445801],[140.294629,-2.42041],[140.250977,-2.412012],[140.204004,-2.375684],[140.15459,-2.35],[139.868359,-2.356445],[139.789551,-2.348242],[139.481836,-2.211816],[139.252637,-2.099219],[139.148828,-2.038867],[139.039453,-1.99209],[138.919141,-1.967871],[138.811426,-1.917773],[138.736133,-1.845508],[138.649805,-1.791113],[138.110938,-1.615918],[138.007812,-1.556543],[137.911133,-1.483789],[137.80625,-1.483203],[137.616602,-1.56582],[137.380566,-1.685645],[137.176465,-1.802148],[137.123438,-1.840918],[137.125488,-1.88125],[137.175781,-1.973145],[137.171094,-2.025488],[137.07207,-2.105078],[136.843262,-2.197656],[136.612305,-2.224316],[136.389941,-2.27334],[136.352441,-2.325195],[136.302539,-2.425684],[136.269531,-2.529492],[136.243262,-2.583105],[136.012988,-2.734277],[135.990723,-2.764258],[135.926172,-2.904102],[135.85918,-2.995313],[135.627734,-3.186035],[135.560742,-3.26875],[135.486621,-3.345117],[135.371582,-3.374902],[135.251563,-3.368555],[135.092188,-3.348535],[135.037402,-3.333105],[134.917188,-3.249902],[134.886816,-3.209863],[134.852734,-3.107617],[134.855371,-2.978809],[134.843359,-2.90918],[134.769824,-2.944043],[134.702148,-2.933594],[134.649023,-2.705859],[134.644727,-2.589844],[134.627441,-2.536719],[134.566895,-2.510449],[134.517969,-2.535645],[134.483301,-2.583008],[134.491211,-2.714258],[134.459961,-2.832324],[134.362109,-2.620996],[134.194824,-2.309082],[134.155664,-2.195215],[134.142773,-2.08291],[134.14541,-1.96875],[134.13125,-1.844531],[134.105859,-1.720996],[134.14541,-1.620801],[134.216992,-1.529102],[134.237207,-1.474121],[134.25957,-1.362988],[134.247168,-1.310547],[134.188281,-1.203125],[134.116211,-1.102441],[134.071973,-1.001855],[134.086719,-0.897363],[134.111523,-0.846777],[134.024902,-0.769727],[133.974512,-0.744336],[133.850293,-0.731445],[133.723633,-0.741406],[133.472656,-0.726172],[133.268457,-0.635742],[133.077148,-0.511816],[132.856445,-0.417383],[132.625098,-0.358887],[132.508008,-0.347461],[132.39375,-0.355469],[132.128418,-0.454102],[132.084473,-0.491113],[132.045996,-0.537012],[131.962402,-0.582422],[131.890918,-0.657129],[131.804297,-0.703809],[131.461523,-0.781836],[131.296387,-0.833594],[131.257227,-0.855469],[131.252051,-0.897168],[131.258984,-0.952637],[131.254102,-1.006934],[131.19082,-1.16582],[131.151855,-1.218848],[131.090527,-1.247266],[131.046191,-1.284082],[131.000977,-1.383984],[130.995898,-1.424707]]],[[[131.086816,-7.865039],[131.123438,-7.921875],[131.11377,-7.997363],[131.184961,-7.997852],[131.30918,-8.01084],[131.325586,-7.999512],[131.343457,-7.981445],[131.347754,-7.948047],[131.377051,-7.869141],[131.473535,-7.77666],[131.498438,-7.730664],[131.580273,-7.682227],[131.624414,-7.626172],[131.691113,-7.438867],[131.643848,-7.266895],[131.736133,-7.19707],[131.700781,-7.140234],[131.643457,-7.112793],[131.560742,-7.135742],[131.530859,-7.165137],[131.535254,-7.220605],[131.482617,-7.250684],[131.446191,-7.315332],[131.411035,-7.340137],[131.349219,-7.425391],[131.296875,-7.438086],[131.260059,-7.470508],[131.197363,-7.616699],[131.190039,-7.671875],[131.137793,-7.684863],[131.136816,-7.781738],[131.086816,-7.865039]]],[[[131.134961,3.025244],[131.149609,3.021875],[131.172363,3.026221],[131.186328,3.04209],[131.187891,3.055615],[131.172363,3.060596],[131.151563,3.054102],[131.136719,3.039453],[131.134961,3.025244]]],[[[131.750781,-7.116797],[131.777539,-7.143945],[131.822852,-7.15918],[131.884473,-7.16748],[131.926855,-7.225],[131.969531,-7.251367],[131.982031,-7.202051],[131.922266,-7.104492],[131.750781,-7.116797]]],[[[132.032617,33.33999],[132.08584,33.340137],[132.281055,33.416797],[132.374902,33.434082],[132.412793,33.430469],[132.405176,33.33125],[132.44541,33.30459],[132.511426,33.293066],[132.515039,33.255371],[132.505273,33.211279],[132.477148,33.181152],[132.475781,33.126465],[132.427832,33.059375],[132.492578,33.007666],[132.495117,32.916602],[132.601953,32.919531],[132.708984,32.90249],[132.641797,32.762451],[132.692188,32.775928],[132.804297,32.752002],[132.869922,32.75459],[132.977246,32.841992],[133.016016,32.983887],[133.051172,33.012451],[133.100879,33.028223],[133.145605,33.083154],[133.239941,33.249609],[133.285938,33.359961],[133.632031,33.510986],[133.685645,33.516309],[133.854004,33.492676],[133.958691,33.44834],[134.124121,33.286768],[134.181641,33.247217],[134.205664,33.346973],[134.242676,33.439453],[134.306543,33.526807],[134.377051,33.608398],[134.54873,33.729297],[134.738867,33.820508],[134.674805,33.847803],[134.695312,33.927734],[134.655371,33.982617],[134.635254,34.043945],[134.6375,34.226611],[134.495703,34.214746],[134.357422,34.256348],[134.219238,34.319043],[134.075879,34.358398],[133.94834,34.348047],[133.825586,34.306836],[133.70625,34.237354],[133.655566,34.232861],[133.602637,34.243848],[133.643457,34.134668],[133.626758,34.069385],[133.582031,34.017139],[133.47207,33.972803],[133.349805,33.977051],[133.298828,33.968994],[133.193066,33.933203],[133.133691,33.927295],[133.05127,33.997119],[132.990137,34.088135],[132.935156,34.095312],[132.839453,34.02124],[132.784277,33.992432],[132.752344,33.906152],[132.716211,33.852246],[132.698926,33.790918],[132.643066,33.689941],[132.536035,33.63291],[132.365918,33.512451],[132.287891,33.469531],[132.114453,33.39458],[132.032617,33.33999]]],[[[132.200586,33.927783],[132.208789,33.872852],[132.267285,33.871484],[132.359961,33.847021],[132.411035,33.879932],[132.444922,33.913184],[132.430469,33.923535],[132.314551,33.908594],[132.266016,33.945166],[132.208008,33.947803],[132.200586,33.927783]]],[[[132.460938,34.087256],[132.549414,34.075098],[132.578418,34.115186],[132.560156,34.126904],[132.543457,34.172656],[132.523535,34.164062],[132.496289,34.121973],[132.460938,34.087256]]],[[[132.630176,-5.607031],[132.681348,-5.738867],[132.667285,-5.856055],[132.681445,-5.912598],[132.704883,-5.913086],[132.746289,-5.94707],[132.807129,-5.850781],[132.804297,-5.788867],[132.737793,-5.661719],[132.716504,-5.64834],[132.697852,-5.608984],[132.630176,-5.607031]]],[[[132.84502,-5.987988],[132.92627,-5.902051],[132.971094,-5.73584],[133.119629,-5.575977],[133.172852,-5.348145],[133.138477,-5.317871],[133.114648,-5.310645],[133.008789,-5.621387],[132.937695,-5.682617],[132.92168,-5.785254],[132.84502,-5.987988]]],[[[133.189941,36.232617],[133.239258,36.17876],[133.324707,36.166504],[133.370508,36.203857],[133.38125,36.246387],[133.295703,36.340137],[133.206152,36.293408],[133.189941,36.232617]]],[[[133.320898,-4.111035],[133.333008,-4.169629],[133.50293,-4.257422],[133.621875,-4.299316],[133.570801,-4.245898],[133.464355,-4.199805],[133.320898,-4.111035]]],[[[134.05918,-6.769336],[134.09082,-6.833789],[134.2,-6.908789],[134.322754,-6.84873],[134.355957,-6.814844],[134.4125,-6.679688],[134.504297,-6.591406],[134.52041,-6.512695],[134.536816,-6.442285],[134.415039,-6.386719],[134.317773,-6.316113],[134.23418,-6.226367],[134.168066,-6.17627],[134.114648,-6.19082],[134.11123,-6.255371],[134.124609,-6.426465],[134.194629,-6.459766],[134.184766,-6.479297],[134.154199,-6.481445],[134.107031,-6.471582],[134.05918,-6.769336]]],[[[134.153125,-6.019531],[134.154883,-6.062891],[134.175391,-6.090332],[134.264453,-6.17168],[134.280469,-6.200781],[134.356152,-6.270508],[134.441113,-6.334863],[134.637598,-6.365332],[134.661133,-6.337305],[134.683887,-6.328125],[134.71416,-6.295117],[134.744434,-6.202344],[134.755859,-6.170605],[134.758105,-6.1],[134.752148,-6.050098],[134.712207,-5.949707],[134.75498,-5.882715],[134.738379,-5.816797],[134.739063,-5.745605],[134.746973,-5.707031],[134.700781,-5.603027],[134.645508,-5.581348],[134.657813,-5.539258],[134.646094,-5.492383],[134.616504,-5.438574],[134.570801,-5.427344],[134.506445,-5.438477],[134.490332,-5.525098],[134.456348,-5.55752],[134.341309,-5.712891],[134.247266,-5.681934],[134.205371,-5.707227],[134.226172,-5.744434],[134.343066,-5.833008],[134.298633,-5.970703],[134.301953,-6.009766],[134.225098,-6.008496],[134.153125,-6.019531]]],[[[134.182129,34.519238],[134.188281,34.496338],[134.238086,34.467041],[134.251855,34.423047],[134.315332,34.468945],[134.333203,34.46377],[134.351855,34.483643],[134.372266,34.522363],[134.325977,34.534375],[134.182129,34.519238]]],[[[134.335059,-2.095215],[134.345215,-2.13877],[134.374219,-2.123535],[134.419043,-2.051758],[134.391016,-2.030762],[134.369531,-2.027637],[134.350781,-2.036914],[134.335059,-2.095215]]],[[[134.50625,7.437109],[134.534668,7.360645],[134.59541,7.382031],[134.598242,7.438281],[134.632715,7.501318],[134.65957,7.663281],[134.651172,7.712109],[134.608691,7.623584],[134.599707,7.615771],[134.555957,7.593945],[134.515723,7.525781],[134.50625,7.437109]]],[[[134.629102,-6.712793],[134.631445,-6.73291],[134.657422,-6.765332],[134.674414,-6.749805],[134.726074,-6.668652],[134.735742,-6.62334],[134.697656,-6.625684],[134.663477,-6.657715],[134.629102,-6.712793]]],[[[134.633691,-6.477246],[134.66084,-6.558887],[134.716113,-6.549414],[134.728516,-6.505859],[134.679102,-6.456055],[134.633691,-6.477246]]],[[[134.667871,34.294141],[134.683496,34.246973],[134.730664,34.208887],[134.824414,34.20293],[134.932813,34.288135],[134.905469,34.398291],[135.004688,34.544043],[134.960742,34.544922],[134.904102,34.519092],[134.834277,34.472656],[134.757227,34.368164],[134.667871,34.294141]]],[[[134.795117,-6.442383],[134.819531,-6.43418],[134.88584,-6.323535],[134.851855,-6.324609],[134.822949,-6.349609],[134.795313,-6.393066],[134.795117,-6.442383]]],[[[134.808887,-1.037598],[134.861719,-1.11416],[134.917383,-1.134277],[134.965332,-1.116016],[134.996289,-1.034082],[134.956738,-1.030566],[134.94082,-0.978906],[134.889258,-0.938477],[134.82793,-0.978809],[134.808887,-1.037598]]],[[[135.383008,-0.651367],[135.387695,-0.704883],[135.431641,-0.768848],[135.483398,-0.801074],[135.491113,-0.785059],[135.523828,-0.787305],[135.645703,-0.881934],[135.74707,-0.823047],[135.825586,-1.02832],[135.83877,-1.119434],[135.915039,-1.178418],[136.002539,-1.169727],[136.110352,-1.216797],[136.164746,-1.214746],[136.305371,-1.173145],[136.375293,-1.094043],[136.282617,-1.064648],[136.154688,-0.97832],[136.06875,-0.877734],[135.893555,-0.725781],[135.841211,-0.711621],[135.749023,-0.73252],[135.673242,-0.688281],[135.595703,-0.69043],[135.383008,-0.651367]]],[[[135.469727,-1.616211],[135.487598,-1.668359],[135.865723,-1.752148],[136.049219,-1.824121],[136.192578,-1.85918],[136.228125,-1.893652],[136.326074,-1.872461],[136.46084,-1.89043],[136.621875,-1.873047],[136.708594,-1.837695],[136.892578,-1.799707],[136.816699,-1.753809],[136.718555,-1.733984],[136.389648,-1.721582],[136.201563,-1.65498],[135.976172,-1.635547],[135.869141,-1.641992],[135.474219,-1.591797],[135.469727,-1.616211]]],[[[136.714648,54.956152],[136.765137,54.946045],[136.902734,54.960645],[136.969434,54.923975],[137.055273,54.926758],[137.178613,55.100439],[137.156055,55.107813],[137.077539,55.091748],[136.995703,55.092725],[136.795313,55.009375],[136.714648,54.956152]]],[[[137.23291,54.790576],[137.276074,54.792383],[137.462695,54.873389],[137.525586,54.82583],[137.661133,54.653271],[137.721484,54.663232],[137.790234,54.696924],[137.870117,54.749561],[137.959473,54.789014],[137.991211,54.820703],[138.016602,54.900879],[138.096484,54.990918],[138.206152,55.033545],[138.17207,55.060059],[138.03125,55.05332],[137.940527,55.092627],[137.910449,55.110059],[137.577344,55.197021],[137.543652,55.163086],[137.435547,55.016016],[137.384375,55.000684],[137.275195,54.891016],[137.23291,54.790576]]],[[[137.650391,-8.386133],[137.687695,-8.411719],[137.871875,-8.379688],[137.982813,-8.381934],[138.296289,-8.405176],[138.535352,-8.273633],[138.611719,-8.19834],[138.785938,-8.059082],[138.892969,-7.882129],[138.989063,-7.696094],[138.962598,-7.587988],[138.899414,-7.511621],[138.801953,-7.414648],[138.769824,-7.39043],[138.543848,-7.37959],[138.295508,-7.438477],[138.185352,-7.495313],[138.081836,-7.566211],[138.00752,-7.641602],[137.83252,-7.932227],[137.685156,-8.262207],[137.650391,-8.386133]]],[[[138.061914,9.445752],[138.06709,9.419043],[138.142676,9.500684],[138.18252,9.507373],[138.213574,9.547217],[138.18584,9.593311],[138.146973,9.583594],[138.116895,9.550195],[138.085059,9.49458],[138.061914,9.445752]]],[[[138.225195,37.829395],[138.249023,37.81958],[138.344043,37.822119],[138.496973,37.903906],[138.575195,38.065527],[138.453613,38.075684],[138.462793,38.124316],[138.510059,38.258984],[138.503613,38.315918],[138.461328,38.291455],[138.306348,38.161133],[138.25,38.078467],[138.246191,37.99458],[138.32168,37.99082],[138.322266,37.969531],[138.287891,37.895801],[138.282813,37.854199],[138.225195,37.829395]]],[[[138.563379,-8.309082],[138.567188,-8.330273],[138.594238,-8.371484],[138.845508,-8.401758],[138.895117,-8.388672],[138.897656,-8.3375],[138.796191,-8.173633],[138.762695,-8.173438],[138.67666,-8.199219],[138.620996,-8.268457],[138.563379,-8.309082]]],[[[139.366895,34.720508],[139.392383,34.689893],[139.445703,34.679541],[139.456445,34.726514],[139.426172,34.775879],[139.37002,34.775439],[139.366895,34.720508]]],[[[139.411523,42.159668],[139.43457,42.084082],[139.458398,42.075635],[139.48125,42.081006],[139.505078,42.096387],[139.558398,42.235205],[139.495801,42.227441],[139.431348,42.199561],[139.411523,42.159668]]],[[[139.768945,33.107178],[139.775684,33.078223],[139.823828,33.045459],[139.841113,33.056055],[139.873633,33.093506],[139.808887,33.129248],[139.777441,33.125146],[139.768945,33.107178]]],[[[139.820898,42.387598],[139.835449,42.278076],[139.895117,42.190039],[140.024121,42.099561],[140.056836,42.067334],[140.108398,41.912939],[140.08418,41.803223],[140.021289,41.695752],[139.995313,41.576416],[140.00918,41.521338],[140.036621,41.473779],[140.085156,41.434082],[140.148633,41.423242],[140.270117,41.456006],[140.384961,41.519287],[140.431641,41.567383],[140.48916,41.672168],[140.592969,41.768555],[140.659863,41.815576],[140.816406,41.7604],[140.90752,41.743262],[140.999512,41.737402],[141.078711,41.759814],[141.150977,41.805078],[141.107715,41.848047],[140.912305,41.977783],[140.733789,42.116357],[140.684277,42.123486],[140.577734,42.118652],[140.527539,42.131787],[140.416602,42.200732],[140.32666,42.293359],[140.315234,42.334277],[140.323535,42.376074],[140.350586,42.435107],[140.385449,42.487158],[140.480469,42.559375],[140.547656,42.569531],[140.616797,42.571338],[140.709766,42.555615],[140.787598,42.5],[140.948438,42.35957],[140.986133,42.342139],[141.406641,42.546924],[141.851367,42.579053],[142.087891,42.471729],[142.508203,42.257959],[142.906348,42.118359],[143.111719,42.022217],[143.236523,42.000195],[143.278711,42.037842],[143.313672,42.084326],[143.327148,42.151025],[143.332129,42.220361],[143.368652,42.325146],[143.429492,42.418896],[143.580957,42.59873],[143.762109,42.748145],[143.969336,42.881396],[144.197266,42.973633],[144.301563,42.984424],[144.516211,42.943604],[144.630762,42.946924],[144.807129,42.993701],[144.921387,43.000928],[145.028809,43.031641],[145.127148,43.088867],[145.230078,43.135498],[145.347461,43.176709],[145.404785,43.180273],[145.505078,43.174219],[145.537402,43.192676],[145.624219,43.291309],[145.725586,43.343457],[145.833008,43.385937],[145.75127,43.396289],[145.673633,43.388867],[145.583301,43.327783],[145.487891,43.279736],[145.436133,43.282227],[145.34082,43.302539],[145.272949,43.462891],[145.214063,43.578223],[145.139648,43.6625],[145.101074,43.764551],[145.126367,43.869385],[145.245215,44.076172],[145.351953,44.229785],[145.369629,44.281299],[145.369531,44.327393],[145.342773,44.333887],[145.101562,44.166162],[144.871875,43.981934],[144.798535,43.940234],[144.715234,43.927979],[144.59668,43.930225],[144.481836,43.949561],[144.101367,44.101562],[144.005469,44.11665],[143.949512,44.111914],[143.824316,44.116992],[143.759082,44.131641],[143.65459,44.221338],[143.511914,44.277539],[143.288574,44.396631],[143.075098,44.534912],[142.884766,44.670117],[142.704102,44.819189],[142.416016,45.125],[142.171582,45.325635],[142.016406,45.437939],[141.980859,45.483496],[141.937695,45.509521],[141.878711,45.483301],[141.829492,45.43877],[141.778125,45.418896],[141.667969,45.40127],[141.654004,45.376562],[141.652539,45.348633],[141.59375,45.255957],[141.583008,45.155957],[141.655762,45.051221],[141.719043,44.941064],[141.782227,44.716357],[141.760938,44.48252],[141.716309,44.371191],[141.66084,44.263623],[141.644727,44.019434],[141.600684,43.918994],[141.446777,43.748633],[141.397656,43.642627],[141.39834,43.5125],[141.412305,43.381494],[141.374121,43.279639],[141.296289,43.199658],[141.24502,43.185059],[141.138184,43.179932],[140.953809,43.200977],[140.819141,43.205469],[140.780664,43.21499],[140.58457,43.311719],[140.486914,43.338184],[140.392383,43.303125],[140.379297,43.237109],[140.397461,43.167334],[140.486426,43.049902],[140.432227,42.954102],[140.328613,42.866846],[140.224121,42.795508],[140.114648,42.732959],[140.015039,42.684766],[139.950586,42.671436],[139.891113,42.649219],[139.860156,42.581738],[139.828516,42.448145],[139.820898,42.387598]]],[[[140.97168,45.465479],[140.982129,45.36377],[141.033984,45.269336],[141.072754,45.332861],[141.069922,45.4],[141.056738,45.449561],[141.00166,45.464844],[140.97168,45.465479]]],[[[141.135352,45.206201],[141.145313,45.153906],[141.225977,45.112207],[141.29541,45.119336],[141.329199,45.150488],[141.310059,45.178564],[141.251855,45.232471],[141.19375,45.247852],[141.135352,45.206201]]],[[[141.66084,52.272949],[141.668457,51.93335],[141.720996,51.846777],[141.808105,51.789209],[141.771875,51.751807],[141.722363,51.736328],[141.771875,51.690186],[141.872949,51.630029],[142.005957,51.520508],[142.090723,51.429395],[142.206738,51.222559],[142.20791,50.998486],[142.147266,50.890186],[142.100488,50.776465],[142.066016,50.630469],[142.071094,50.51499],[142.143066,50.312109],[142.153125,50.216748],[142.142285,49.569141],[142.108691,49.439648],[142.066504,49.312061],[142.020117,49.078467],[141.97959,48.972168],[141.866309,48.750098],[141.873047,48.701953],[141.897266,48.654687],[142.028711,48.4771],[142.135352,48.290088],[142.181738,48.013379],[142.149219,47.902148],[142.075977,47.80835],[142.015625,47.700635],[141.964063,47.587451],[141.9625,47.543799],[141.98418,47.347705],[142.016895,47.244678],[142.038672,47.140283],[142.011035,47.030322],[141.866504,46.694189],[141.830371,46.451074],[141.916309,46.170752],[141.92998,46.088281],[141.961621,46.013477],[142.015625,45.961621],[142.077148,45.917041],[142.149707,45.999268],[142.208594,46.088867],[142.304004,46.357568],[142.35,46.458691],[142.406445,46.554688],[142.478809,46.644238],[142.578027,46.700781],[142.635742,46.716211],[142.691895,46.71084],[142.747363,46.670654],[142.795508,46.620215],[142.829297,46.605273],[143.047852,46.592627],[143.282324,46.558984],[143.352148,46.476221],[143.370313,46.358496],[143.418652,46.222021],[143.431641,46.028662],[143.463477,46.069482],[143.482324,46.11582],[143.490625,46.174609],[143.508594,46.230176],[143.580664,46.360693],[143.578711,46.406055],[143.540332,46.575098],[143.485645,46.752051],[143.447266,46.791992],[143.384375,46.805664],[143.318652,46.807373],[143.217676,46.794873],[143.17793,46.844043],[143.089258,47.000781],[143.005566,47.222705],[142.940332,47.322754],[142.905469,47.361865],[142.863965,47.391797],[142.800781,47.416162],[142.74541,47.452393],[142.670117,47.536914],[142.579004,47.683984],[142.556934,47.737891],[142.545898,47.884912],[142.574219,48.072168],[142.650977,48.246875],[142.97168,48.917773],[143.026855,49.10542],[143.10498,49.198828],[143.236328,49.262842],[143.382227,49.290674],[143.732324,49.312012],[143.819141,49.308594],[143.967773,49.276318],[144.04873,49.24917],[144.125488,49.208545],[144.283789,49.069775],[144.411816,48.986377],[144.536328,48.893555],[144.620996,48.814844],[144.672656,48.678564],[144.71377,48.640283],[144.706641,48.819531],[144.685547,48.87124],[144.606836,48.93584],[144.431738,49.051074],[144.341211,49.180518],[144.27207,49.311328],[144.239941,49.432031],[144.199609,49.549756],[144.141309,49.661475],[144.047949,49.895752],[143.816016,50.282617],[143.736035,50.506738],[143.53418,51.246289],[143.48877,51.277051],[143.472949,51.299219],[143.467383,51.401904],[143.455469,51.471484],[143.417773,51.520605],[143.320508,51.583252],[143.299512,51.632373],[143.294727,51.744336],[143.250586,51.8479],[143.190625,51.944482],[143.155566,52.08374],[143.172266,52.349365],[143.200977,52.44292],[143.264258,52.478662],[143.295117,52.52915],[143.323633,52.613574],[143.332617,52.700049],[143.324707,52.963086],[143.287891,53.134375],[143.259961,53.217285],[143.223633,53.296045],[143.095508,53.488672],[142.917969,53.794238],[142.936426,53.810938],[142.911426,53.878369],[142.926563,53.955615],[142.96709,54.028809],[142.985938,54.085693],[142.976172,54.140967],[142.761035,54.393945],[142.692773,54.416113],[142.666211,54.358203],[142.615625,54.303613],[142.55166,54.278955],[142.334961,54.280713],[142.466602,54.148535],[142.670215,53.968408],[142.705957,53.895703],[142.683008,53.816016],[142.642871,53.736768],[142.688867,53.730176],[142.67959,53.674365],[142.552539,53.652637],[142.50918,53.587598],[142.583496,53.536768],[142.526172,53.447461],[142.424023,53.410742],[142.370508,53.402539],[142.318945,53.405469],[142.179883,53.484033],[142.141992,53.495605],[141.964453,53.456396],[141.852441,53.389453],[141.823535,53.339502],[141.838867,53.138477],[141.873633,53.038916],[141.855566,52.793506],[141.80332,52.555615],[141.747559,52.454834],[141.682422,52.359131],[141.66084,52.272949]]],[[[142.107129,26.721533],[142.169922,26.615674],[142.188184,26.616504],[142.202148,26.648779],[142.161719,26.709961],[142.125293,26.726465],[142.107129,26.721533]]],[[[143.206836,-8.423438],[143.253809,-8.489551],[143.324121,-8.516797],[143.462793,-8.61709],[143.608203,-8.677148],[143.590332,-8.633398],[143.443359,-8.518945],[143.293066,-8.472754],[143.206836,-8.423438]]],[[[143.321875,-8.367578],[143.366895,-8.416895],[143.543164,-8.484766],[143.586816,-8.481738],[143.592578,-8.459961],[143.581445,-8.390918],[143.528223,-8.378516],[143.321875,-8.367578]]],[[[144.649316,13.428711],[144.65,13.313477],[144.662793,13.291064],[144.699512,13.25752],[144.741797,13.259277],[144.779883,13.411133],[144.94082,13.570312],[144.909668,13.599023],[144.875391,13.614648],[144.836719,13.622363],[144.790332,13.526855],[144.649316,13.428711]]],[[[145.152148,14.163623],[145.157422,14.136914],[145.17959,14.120996],[145.215332,14.111328],[145.264844,14.158105],[145.26543,14.180225],[145.232422,14.189453],[145.152148,14.163623]]],[[[145.426172,43.810352],[145.439258,43.737061],[145.555859,43.6646],[145.586816,43.845117],[145.766992,43.940723],[145.887305,44.047754],[145.914062,44.103711],[146.112305,44.245947],[146.172949,44.268652],[146.296191,44.280957],[146.436523,44.375684],[146.516211,44.374658],[146.567773,44.44043],[146.355957,44.424609],[146.207617,44.497656],[146.112109,44.500146],[145.94043,44.272656],[145.890234,44.248584],[145.851953,44.193018],[145.77334,44.129004],[145.74834,44.071533],[145.666309,43.999072],[145.461719,43.870898],[145.426172,43.810352]]],[[[145.586719,15.030811],[145.591602,14.998828],[145.620996,14.919531],[145.662305,14.970508],[145.647363,15.059473],[145.624805,15.060156],[145.586719,15.030811]]],[[[145.631055,16.377979],[145.636035,16.351514],[145.658301,16.335791],[145.690234,16.332129],[145.712109,16.339111],[145.719531,16.359766],[145.695508,16.379639],[145.631055,16.377979]]],[[[145.645508,18.806787],[145.652539,18.752637],[145.678125,18.725244],[145.708398,18.7625],[145.706641,18.790479],[145.690137,18.801611],[145.645508,18.806787]]],[[[145.684277,15.125098],[145.698242,15.113525],[145.749219,15.107227],[145.751953,15.133154],[145.782324,15.174609],[145.788574,15.222656],[145.821875,15.265381],[145.786328,15.256885],[145.713184,15.215283],[145.684277,15.125098]]],[[[145.729102,18.056934],[145.777539,18.078955],[145.835449,18.136768],[145.807422,18.172656],[145.789258,18.15542],[145.729102,18.056934]]],[[[145.869141,43.450439],[145.881543,43.443799],[145.886523,43.433057],[145.893945,43.419824],[145.907227,43.422314],[145.931152,43.425635],[145.943555,43.426465],[145.941113,43.445459],[145.931152,43.457031],[145.913867,43.455371],[145.895605,43.454541],[145.881543,43.459521],[145.869141,43.457861],[145.869141,43.450439]]],[[[145.883594,-4.66748],[145.904004,-4.733008],[145.952344,-4.755762],[146.019336,-4.726172],[146.053418,-4.640137],[146.037402,-4.573145],[145.995801,-4.539258],[145.958789,-4.554297],[145.900195,-4.604199],[145.883594,-4.66748]]],[[[146.028027,43.420361],[146.032324,43.407129],[146.045605,43.409326],[146.069922,43.421484],[146.086328,43.429199],[146.100781,43.440186],[146.088574,43.449023],[146.048926,43.433594],[146.028027,43.420361]]],[[[146.273828,43.629834],[146.288184,43.625391],[146.332324,43.619922],[146.358789,43.625391],[146.349805,43.644141],[146.333301,43.647461],[146.310156,43.651855],[146.283691,43.638623],[146.273828,43.629834]]],[[[146.531348,-2.154102],[146.546484,-2.208594],[146.572461,-2.210449],[146.635449,-2.17334],[146.699121,-2.182715],[146.747852,-2.148828],[146.926367,-2.189063],[147.063867,-2.187109],[147.142188,-2.166602],[147.206348,-2.181934],[147.301367,-2.09043],[147.336523,-2.066016],[147.385449,-2.070605],[147.438086,-2.058984],[147.444141,-2.011523],[147.424414,-1.994531],[147.41875,-2.001074],[147.422559,-2.024316],[147.400586,-2.025098],[147.067578,-1.960156],[146.857129,-1.948535],[146.760059,-1.977734],[146.65625,-1.974023],[146.595898,-2.016895],[146.607031,-2.102539],[146.532422,-2.126172],[146.531348,-2.154102]]],[[[146.608594,43.740479],[146.683008,43.716357],[146.713965,43.743799],[146.899023,43.80415],[146.884082,43.82915],[146.824609,43.860498],[146.621973,43.812988],[146.613477,43.797021],[146.608594,43.740479]]],[[[146.897461,44.404297],[147.098438,44.53125],[147.207422,44.553564],[147.310156,44.677637],[147.563086,44.835547],[147.60957,44.886572],[147.621875,44.944727],[147.657813,44.977148],[147.784082,44.958594],[147.91377,44.990381],[148.005273,45.070166],[148.262305,45.216846],[148.414648,45.247168],[148.599512,45.317627],[148.790723,45.323975],[148.837109,45.362695],[148.803027,45.413525],[148.825391,45.455908],[148.826172,45.486084],[148.812207,45.51001],[148.772656,45.526465],[148.706641,45.520654],[148.612305,45.484668],[148.324219,45.282422],[148.130078,45.258203],[148.056055,45.262109],[147.964551,45.377734],[147.924023,45.383301],[147.872656,45.300293],[147.885547,45.225635],[147.769434,45.190723],[147.65791,45.093018],[147.557813,45.062451],[147.430469,44.945215],[147.246582,44.856055],[147.154785,44.766211],[147.140918,44.66333],[146.974219,44.565723],[146.933496,44.513086],[146.897461,44.404297]]],[[[147.005859,-5.307031],[147.029004,-5.342383],[147.120215,-5.437402],[147.17627,-5.431934],[147.221875,-5.381543],[147.206348,-5.251563],[147.131055,-5.19082],[147.014746,-5.257422],[147.005859,-5.307031]]],[[[147.735547,-2.315527],[147.768945,-2.33125],[147.844531,-2.335742],[147.876953,-2.283105],[147.83584,-2.246777],[147.812207,-2.262109],[147.790234,-2.305566],[147.735547,-2.315527]]],[[[147.781055,-5.627246],[147.874512,-5.749219],[147.967969,-5.788574],[147.985449,-5.833984],[148.025781,-5.826367],[148.060449,-5.764648],[148.076074,-5.650195],[148.054785,-5.611523],[147.846484,-5.49082],[147.794629,-5.492383],[147.78252,-5.522461],[147.781055,-5.627246]]],[[[148.337207,-5.669434],[148.401172,-5.765039],[148.509766,-5.805371],[148.624805,-5.830762],[148.719141,-5.867383],[148.80752,-5.916406],[149.099023,-6.116992],[149.126563,-6.127637],[149.272656,-6.079492],[149.382324,-6.078125],[149.483008,-6.124805],[149.598438,-6.260938],[149.652539,-6.29043],[149.750293,-6.300879],[149.850977,-6.292969],[150,-6.291384241384993],[150,-5.214303764438796],[149.962793,-5.447754],[149.831445,-5.524121],[149.681055,-5.523535],[149.631738,-5.516016],[149.475391,-5.573242],[149.358887,-5.583984],[149.245313,-5.573047],[149.124023,-5.522656],[148.999219,-5.48457],[148.783496,-5.511621],[148.724316,-5.493262],[148.66582,-5.486621],[148.61582,-5.507422],[148.564941,-5.50791],[148.432031,-5.471777],[148.344727,-5.544922],[148.337207,-5.669434]]],[[[149.44707,45.593359],[149.538867,45.591357],[149.687695,45.642041],[149.883398,45.783154],[149.954102,45.822461],[150,45.83450363540701],[150,46.0413346120629],[149.962305,46.021924],[149.796289,45.876074],[149.665918,45.839795],[149.44707,45.593359]]],[[[149.545898,-1.47168],[149.671094,-1.57627],[149.690918,-1.570898],[149.763184,-1.58916],[149.76543,-1.553027],[149.725293,-1.430664],[149.633008,-1.362012],[149.580957,-1.353223],[149.547852,-1.407715],[149.545898,-1.47168]]],[[[149.961621,-2.473828],[149.985156,-2.491504],[150,-2.496849785218096],[150,-2.455077255652227],[149.961621,-2.473828]]]]}}]}
